Molecule_Name,inchikey,canonical_smiles
OCNT-0021943,QZAYGJVTTNCVMB-UHFFFAOYSA-N,NCCc1c[nH]c2ccc(O)cc12
OCNT-0022066,IENZQIKPVFGBNW-UHFFFAOYSA-N,COc1cc2nc(N3CCN(C(=O)c4ccco4)CC3)nc(N)c2cc1OC
OCNT-0022127,LNEPOXFFQSENCJ-UHFFFAOYSA-N,O=C(CCCN1CCC(O)(c2ccc(Cl)cc2)CC1)c1ccc(F)cc1
OCNT-0022129,ZUXABONWMNSFBN-UHFFFAOYSA-N,CN1CCN(C2=c3ccccc3=Nc3ccc(Cl)cc3N2)CC1
OCNT-0022141,KLBQZWRITKRQQV-UHFFFAOYSA-N,CSc1ccc2c(c1)N(CCC1CCCCN1C)c1ccccc1S2
OCNT-0022234,YRCWQPVGYLYSOX-UHFFFAOYSA-N,CNCC(O)c1ccc(O)cc1
OCNT-0022246,ZEWQUBUPAILYHI-UHFFFAOYSA-N,CN1CCN(CCCN2c3ccccc3Sc3ccc(C(F)(F)F)cc32)CC1
OCNT-0022266,PWWVAXIEGOYWEE-UHFFFAOYSA-N,CC(CN1c2ccccc2Sc2ccccc21)N(C)C
OCNT-0022268,WIKYUJGCLQQFNW-UHFFFAOYSA-N,CN1CCN(CCCN2c3ccccc3Sc3ccc(Cl)cc32)CC1
OCNT-0022314,FPCCSQOGAWCVBH-UHFFFAOYSA-N,O=C(c1ccc(F)cc1)C1CCN(CCn2c(=O)[nH]c3ccccc3c2=O)CC1
OCNT-0022316,VCKUSRYTPJJLNI-UHFFFAOYSA-N,COc1cc2nc(N3CCN(C(=O)C4CCCO4)CC3)nc(N)c2cc1OC
OCNT-0200796,FBOZXECLQNJBKD-ZDUSSCGKSA-N,CN(Cc1cnc2nc(N)nc(N)c2n1)c1ccc(C(=O)N[C@@H](CCC(=O)O)C(=O)O)cc1
OCNT-0319465,CDQSUAXVLAUUPS-UHFFFAOYSA-N,COc1ccc(-c2cc(C(=O)N3CCCC(C#N)C3)[nH]n2)cc1
OCNT-0478539,DRLFMBDRBRZALE-UHFFFAOYSA-N,COc1ccc2[nH]cc(CCNC(C)=O)c2c1
OCNT-0483502,DOBMPNYZJYQDGZ-UHFFFAOYSA-N,O=c1oc2ccccc2c(O)c1Cc1c(O)c2ccccc2oc1=O
OCNT-0492977,PIXMJBOEBUQEEW-UHFFFAOYSA-N,COCC1CN(C(=O)C2CC23CCc2ccccc23)CCO1
OCNT-0493312,JCCNYMKQOSZNPW-UHFFFAOYSA-N,CCOC(=O)N1CCC(=C2c3ccc(Cl)cc3CCc3cccnc32)CC1
OCNT-0493346,LPEPZBJOKDYZAD-UHFFFAOYSA-N,O=C(O)c1ccccc1Nc1cccc(C(F)(F)F)c1
OCNT-0493951,KKZJGLLVHKMTCM-UHFFFAOYSA-N,O=C1c2c(O)ccc(O)c2C(=O)c2c(NCCNCCO)ccc(NCCNCCO)c21
OCNT-0493990,MLDQJTXFUGDVEO-UHFFFAOYSA-N,CNC(=O)c1cc(Oc2ccc(NC(=O)Nc3ccc(Cl)c(C(F)(F)F)c3)cc2)ccn1
OCNT-0494162,BFPYWIDHMRZLRN-SLHNCBLASA-N,C#C[C@]1(O)CC[C@H]2[C@@H]3CCc4cc(O)ccc4[C@H]3CC[C@@]21C
OCNT-0494195,YQNQNVDNTFHQSW-UHFFFAOYSA-N,CC(=O)Oc1ccccc1C(=O)Nc1ncc([N+](=O)[O-])s1
OCNT-0494638,RUDATBOHQWOJDD-BSWAIDMHSA-N,C[C@H](CCC(=O)O)[C@H]1CC[C@H]2[C@@H]3[C@H](O)C[C@@H]4C[C@H](O)CC[C@]4(C)[C@H]3CC[C@]12C
OCNT-0494698,ZNNLBTZKUZBEKO-UHFFFAOYSA-N,COc1ccc(Cl)cc1C(=O)NCCc1ccc(S(=O)(=O)NC(=O)NC2CCCCC2)cc1
OCNT-0495039,QIVBCDIJIAJPQS-VIFPVBQESA-N,N[C@@H](Cc1c[nH]c2ccccc12)C(=O)O
OCNT-0495153,OCJYIGYOJCODJL-UHFFFAOYSA-N,Cc1cccc(CN2CCN(C(c3ccccc3)c3ccc(Cl)cc3)CC2)c1
OCNT-0495303,WHTVZRBIWZFKQO-UHFFFAOYSA-N,CCN(CC)CCCC(C)Nc1ccnc2cc(Cl)ccc12
OCNT-0495620,KXGVEGMKQFWNSR-LLQZFEROSA-N,C[C@H](CCC(=O)O)[C@H]1CC[C@H]2[C@@H]3CC[C@@H]4C[C@H](O)CC[C@]4(C)[C@H]3C[C@H](O)[C@]12C
OCNT-0497934,YJGVMLPVUAXIQN-XVVDYKMHSA-N,COc1cc([C@@H]2c3cc4c(cc3[C@H](O)[C@H]3COC(=O)[C@H]23)OCO4)cc(OC)c1OC
OCNT-0497954,WSPOMRSOLSGNFJ-AUWJEWJLSA-N,CN(C)CC/C=C1/c2ccccc2Sc2ccc(Cl)cc21
OCNT-0498064,RUZYUOTYCVRMRZ-UHFFFAOYSA-N,COc1cc2nc(N3CCN(C(=O)C4COc5ccccc5O4)CC3)nc(N)c2cc1OC
OCNT-0498090,VKQFCGNPDRICFG-UHFFFAOYSA-N,COC(=O)C1=C(C)NC(C)=C(C(=O)OCC(C)C)C1c1ccccc1[N+](=O)[O-]
OCNT-0498121,JNMRHUJNCSQMMB-UHFFFAOYSA-N,Nc1ccc(S(=O)(=O)Nc2nccs2)cc1
OCNT-0498160,MBGGBVCUIVRRBF-UHFFFAOYSA-N,O=C1C(CCS(=O)c2ccccc2)C(=O)N(c2ccccc2)N1c1ccccc1
OCNT-1411118,PBJUNZJWGZTSKL-MRXNPFEDSA-N,Cc1ccsc1C(=CCCN1CCC[C@@H](C(=O)O)C1)c1sccc1C
OCNT-1893991,JXZZEXZZKAWDSP-UHFFFAOYSA-N,O=C(NC1CCN(CCc2c[nH]c3ccccc23)CC1)c1ccccc1
OCNT-1893994,ZKMNUMMKYBVTFN-HNNXBMFYSA-N,CCCN1CCCC[C@H]1C(=O)Nc1c(C)cccc1C
OCNT-1893998,RGOVYLWUIBMPGK-UHFFFAOYSA-N,CCCCCCCCC(=O)NCc1ccc(O)c(OC)c1
OCNT-1911794,LOUPRKONTZGTKE-LHHVKLHASA-N,C=C[C@H]1CN2CC[C@H]1C[C@@H]2[C@@H](O)c1ccnc2ccc(OC)cc12
OCNT-1965960,INWLQCZOYSRPNW-UHFFFAOYSA-N,Cc1cccc(C)c1NC(=O)C1CCCCN1C
OCNT-2308470,RQGVCACJTCSQTN-UHFFFAOYSA-N,COc1ccccc1-c1cn(Cc2nc(C(C)(C)C)cs2)nn1
OCNT-2308474,RMOQOPSUZCJLMR-UHFFFAOYSA-N,O=C(Nc1ccccc1-c1ncc[nH]1)c1cc(-c2ccc(O)cc2)n[nH]1
OCNT-2308494,HNTSVSUJRBPIDS-UHFFFAOYSA-N,Cc1c(C(=O)Nc2ccc(OCc3ccncc3)cc2)nnn1C
OCNT-2308501,WCGOAKBBDHZUDP-UHFFFAOYSA-N,CC(C)N1CCN(C2CCN(C(=O)c3ccn(-c4ccc(F)cc4)n3)CC2)CC1
OCNT-2308504,WNVJJXBDZXMAAQ-UHFFFAOYSA-N,O=C(c1ccc(O)cc1)N1CCN(c2cc(N3CCCC3)ncn2)CC1
OCNT-2308512,HJAMHWGDBJJRCC-UHFFFAOYSA-N,O=C(Nc1ccc(Nc2ncccn2)cc1)c1cnn2ccncc12
OCNT-2308529,KBIFFZFLJCHRSB-UHFFFAOYSA-N,CCOC(=O)c1cnn2ccc(NC(=O)Cc3ccn(CC)n3)cc12
OCNT-2308531,BZQFGNJQXVEMQC-UHFFFAOYSA-N,CCC(C)Oc1cc(C(=O)N2CCC(C)c3cccc(O)c32)ccn1
OCNT-2308539,ZWRLRPADEBXZJB-UHFFFAOYSA-N,O=C(NCc1ncccc1F)N1CCC(CCc2ccc(F)cc2F)CC1
OCNT-2308543,AAUDAIVFRROHGC-UHFFFAOYSA-N,Cc1oc(-c2ccccc2)nc1CC(=O)N1CCNC(C)(C)C1
OCNT-2308553,PVLYROGYOCQWRM-UHFFFAOYSA-N,CC1(C)CC(C(=O)N2CCCn3nc(-c4ccccc4)nc32)C1
OCNT-2308560,KGGXLTJOCZBYMP-UHFFFAOYSA-N,Cc1nc(N2CCn3c(nnc3-c3ccccc3)C2)nc(C)c1CC(C)C
OCNT-2308571,JBLWNFFRBGGQRJ-UHFFFAOYSA-N,O=C(NCCc1nnc(-c2ccccc2)o1)c1ccc(F)c(Cl)c1
OCNT-2308585,KOJVPCIQCXWRGV-LRDDRELGSA-N,Cc1nc2ccccn2c1CNC(=O)[C@]12CNC[C@H]1COC2
OCNT-2308594,DLIWZFLURZGWCN-AZUAARDMSA-N,Cc1ccc(-c2cncc(F)c2)cc1NC(=O)N[C@H]1C[C@@]1(C)OC(C)C
OCNT-2308603,JLAOTGNFFLOXRH-UHFFFAOYSA-N,OCC(Cc1ccc(F)cc1)NCc1ccc(Cl)cc1-n1cncn1
OCNT-2308624,HCZDJIDHWJKQNL-UHFFFAOYSA-N,CN(CCc1ccncc1)C(=O)C1NCCOc2ccccc21
OCNT-2308626,HQIXODCYFGBKNG-UHFFFAOYSA-N,CCOc1ccc2c(c1)C(NC(=O)C1(CO)CCCO1)CCO2
OCNT-2308632,BNVYMBNZHADONN-UHFFFAOYSA-N,CCC(=O)N(c1nnc(SCc2ccc(F)cc2)s1)C1CC1
OCNT-2308640,AAYXDSMALIOPQB-UHFFFAOYSA-N,O=C(c1ccc(NS(=O)(=O)c2cc(Cl)ccc2Cl)cc1)N1CCC(c2cn[nH]c2)CC1
OCNT-2308649,NECXPRJZRYCKAT-UHFFFAOYSA-N,CNC(=O)COc1cccc(CC(=O)NCc2ccccc2-n2ccnc2)c1
OCNT-2308656,SFFQJAZXVFNTET-UHFFFAOYSA-N,CCOc1ccc(NC(=O)c2ccnc(Oc3ccc(F)cc3F)c2)cc1CO
OCNT-2308660,KGJRVDOHNIXDMY-UHFFFAOYSA-N,O=C(NCCc1cn[nH]c1)c1cn(-c2ccc(Cl)c(Cl)c2)cn1
OCNT-2308682,JZKCGQFNKIROBD-UHFFFAOYSA-N,O=c1c2ccccc2c(-c2nc(Cn3cncn3)no2)nn1Cc1ccccc1
OCNT-2308687,BOENRGZTNSTROB-UHFFFAOYSA-N,COc1cccc(C(OC)C(=O)N(C)C(C)c2cccc(S(N)(=O)=O)c2)c1
OCNT-2308689,RBIQMTORZFPEDR-UHFFFAOYSA-N,Cc1c[nH]c(C2(NC(=O)c3ccc4c(c3)CCC(=O)N4)CCC2)n1
OCNT-2308693,JKRHRSTTXYTARO-UHFFFAOYSA-N,CC(=O)N(c1nnc(SCCOc2ccc(Cl)cc2)s1)C1CC1
OCNT-2308760,CZPCBSYPEXOWNN-KXBFYZLASA-N,O=C1CSc2ccc(C(=O)NC[C@@H]3CCO[C@H]3c3ccccc3)cc2N1
OCNT-2308768,SLVCIRWUTNDVDY-UHFFFAOYSA-N,CC1CC1C(=O)Nc1nc2ccccc2n1-c1ccn(C)n1
OCNT-2308794,FGQIIXMRZKWIQS-UHFFFAOYSA-N,O=C(NCCN1CCCCCC1)c1ncc2ccccn12
OCNT-2308803,JIFHBVQNLSIJPG-UHFFFAOYSA-N,O=S1(=O)CCC(CNc2ccccc2OCC2CCCCC2)C1
OCNT-2308808,GCIKBYNGPPOSAR-UHFFFAOYSA-N,CCn1ccnc1NC(=O)Cc1cccc(C(F)(F)F)n1
OCNT-2308818,FZCCZRTVIJFQKN-UHFFFAOYSA-N,c1ccc(-c2nc(N3CCC(Oc4cnccn4)CC3)c3ccccc3n2)nc1
OCNT-2308821,JAPPCCYAUPAWPQ-UHFFFAOYSA-N,COc1cc(F)c(C(=O)Nc2cc(C)n(C3CCCCC3)n2)c(F)c1
OCNT-2308822,QECPZZNXERNMLC-HJWAUIETSA-N,COCc1cnc(OC)c(C(=O)N[C@@H]2CC(Cn3cc(Cl)cn3)C[C@H]2O)c1
OCNT-2308842,FQCKBCZETREUQU-UHFFFAOYSA-N,O=C(CCc1cccnc1)N1CCN(c2cccc(Cl)c2)CC1
OCNT-2308851,ANWFMPNNWUQEGN-UHFFFAOYSA-N,CC1CCN(Cc2nc3c(cnn3-c3ccccc3)c(=O)[nH]2)CC1CO
OCNT-2308852,JTEWTVFVNPJYQY-UHFFFAOYSA-N,Cc1cncc(C)c1NC(=O)NCCC(=O)N1CCCCC1
OCNT-2308860,GENBLLCBSGBWSV-UHFFFAOYSA-N,O=C(Nc1ccc(F)cc1OCC(F)F)c1ncccc1F
OCNT-2308866,TZHCGVRZHACKPM-UHFFFAOYSA-N,COc1cccc2[nH]c(C(=O)NCC#CC3CCCCO3)cc12
OCNT-2308872,PFOQBJFOBMXIFQ-OLZOCXBDSA-N,CS(=O)(=O)c1ccc(CNC(=O)[C@H]2C[C@@H]2c2ccncc2)s1
OCNT-2308951,CFCALRFTJMJNCF-UHFFFAOYSA-N,Cc1cccc(Oc2ccccc2C(=O)NC2CNC(=O)C2)c1
OCNT-2308952,YRYRQKCRFQZBJZ-UHFFFAOYSA-N,Brc1cccc2c1CCC2NCc1noc2c1COCC2
OCNT-2308958,APCKBGSTXTVQIO-UHFFFAOYSA-N,Cc1cc(Cl)c(NC(=O)N2CCCC(C3CCCCO3)C2)cc1Cl
OCNT-2308997,GDMXBTJFBFUQPG-UHFFFAOYSA-N,Cc1cc(NC(c2ccccc2)c2nnc[nH]2)cc(C)c1Cl
OCNT-2308998,SMUXAFUMKFMQDV-UHFFFAOYSA-N,Cc1cccc(-c2cncc(C(=O)Nc3ccccc3C(N)=O)c2)c1
OCNT-2309004,CJEBHGVZWZPWSG-UHFFFAOYSA-N,O=C(Nc1cncc(Cl)c1)N1CCCC(c2ccn[nH]2)C1
OCNT-2309012,CYDNTBXARFNHOK-UHFFFAOYSA-N,Cc1cccc2c(N3CCN(CC(=O)O)CC3)ncnc12
OCNT-2309019,YVFXCMLVGKSGDB-UHFFFAOYSA-N,CCc1ccc([N+](=O)[O-])cc1S(=O)(=O)Nc1ccc(-c2noc(C(F)(F)F)n2)cc1
OCNT-2309024,XSVIVDYCHPPUGK-UHFFFAOYSA-N,CC(=O)N(C)c1cccc(NC(=O)C2(C(=O)O)CCC2)c1
OCNT-2309042,MLWJNKOKQZCQFM-UHFFFAOYSA-N,O=C(Nc1nnc[nH]1)c1ccn(-c2c(F)cccc2F)n1
OCNT-2309070,CFGZXKWGGSEENY-UHFFFAOYSA-N,COC(=O)c1n[nH]cc1NC(=O)c1cccc(C(F)(F)F)c1
OCNT-2309134,WOGAEFGJGCXZAZ-UHFFFAOYSA-N,CCNC(=O)N1CCN(C(=O)c2cc(F)c(F)cc2F)CC1
OCNT-2309139,XEASEVMEKOGXHQ-UHFFFAOYSA-N,Cc1[nH]c2ccccc2c1C(=O)NCc1ccc(-n2ccnc2)nc1
OCNT-2309149,HOLZORPNZUZFLM-UHFFFAOYSA-N,Fc1ccc(OC2CCN(c3nnc(C(F)F)o3)CC2)c(F)c1
OCNT-2309151,QJWGFXLKMHWCMY-UHFFFAOYSA-N,CN(Cc1cn(C)nc1C(F)(F)F)C(=O)C1CCCc2c(O)cccc21
OCNT-2309164,PNCMDCHZNMXPME-UHFFFAOYSA-N,CC1CN(CCNC(=O)Nc2ccnc(-c3ccccc3)c2)CCO1
OCNT-2309175,QTYQHQWTDLCRNC-UHFFFAOYSA-N,O=C1CCCCN1CC1CCN(C(=O)c2c[nH]cc2-c2ccccc2)CC1
OCNT-2309179,BWWQNTFNKYNBID-UHFFFAOYSA-N,CN(C)C(=O)c1ccc(NCc2ccc(-n3ccnc3)c(F)c2)nc1
OCNT-2309196,AWUCBRVUTSPZQP-UHFFFAOYSA-N,CCc1ccc(C(=O)N2CCN(S(=O)(=O)c3ccccc3OC(F)F)CC2)cc1
OCNT-2309207,FCZNJMSICLCNRK-UHFFFAOYSA-N,CCc1ccc(NC(=O)CN2CC(=O)N(C)c3ccccc3C2)cc1
OCNT-2309232,MKUCLUPMYFFFGY-UHFFFAOYSA-N,Cn1cc(NS(=O)(=O)c2cnn(C3CCC3)c2)c(-c2ccco2)n1
OCNT-2309246,HZJAEDMXWJCPPZ-UHFFFAOYSA-N,O=C(c1cnc2ccccn12)N1CCN(C2CC2)c2ccccc21
OCNT-2309266,ORECJXVOVYEVDN-UHFFFAOYSA-N,CCS(=O)(=O)c1ccccc1CC(=O)N(C)c1ccc(C)nn1
OCNT-2309274,ZXIVUUXCTPHHAO-UHFFFAOYSA-N,COc1cccc(C2(NC(=O)NCc3c4c(nn3C)CCCC4)CCC2)c1
OCNT-2309279,TXZYYKDEFUKJEH-UHFFFAOYSA-N,CC1CN(CCNC(=O)Nc2ccnc(C(=O)N(C)C)c2)CCO1
OCNT-2309286,CKULYSVCWINHRD-UHFFFAOYSA-N,COc1ccc(C)cc1NC(=O)CNc1cccc(-n2nnnc2C)c1
OCNT-2309290,BILGZUNWWFGLCD-UHFFFAOYSA-N,COc1cccc(N2CCN(C(=O)c3cc(-c4ccccn4)no3)CC2)c1
OCNT-2309299,GAABTIDOVCUIJA-PIVQAISJSA-N,CCCC1(COC)CCCN1C(=O)N[C@@H](C)c1cccc(O)c1
OCNT-2309323,SOPSTNOHBNLMBW-UHFFFAOYSA-N,CCc1ccc2occ(C(=O)N3CCN(C(=O)Cn4cnnn4)CC3)c2c1
OCNT-2309324,QQISPTBFJAYJMO-UHFFFAOYSA-N,COc1ccccc1OC1CCCN(c2ncnc3c2cnn3C)C1
OCNT-2309338,FDGYVGAIXDSNLL-UHFFFAOYSA-N,CC(C)C(C)(NCc1cn(C(C)(C)C)nn1)c1ccc(Br)cc1
OCNT-2309345,AKNWHDZNSOSXGU-UHFFFAOYSA-N,CC(=O)N1CCCN(c2ccc3ccc(Cl)c(C)c3n2)CC1
OCNT-2309347,SCYVZKJFARRCOF-SKDRFNHKSA-N,Cc1c(F)ccc(Cl)c1C(=O)NC[C@H]1CC[C@@H](c2ncn[nH]2)O1
OCNT-2309366,NUDCKBSXSMSSHR-UHFFFAOYSA-N,CCOc1ccc(-c2nc(C)c(C(=O)N3CCc4n[nH]c(=O)cc4C3)s2)cc1
OCNT-2309376,GBUSLTPPAQKFHD-UHFFFAOYSA-N,O=C(Nc1c[nH]nc1-c1ccccc1)c1cccc(-c2ncn[nH]2)c1
OCNT-2309395,ZRPRJIZEXFJPDS-UHFFFAOYSA-N,Cc1noc(C2CCN(C(=O)Cn3ccc(C(F)(F)F)n3)CC2)n1
OCNT-2309415,SZIZNFZWYZMKGP-UHFFFAOYSA-N,Cc1nn(C)c2c1N(C(=O)CCc1cncc(F)c1)CCO2
OCNT-2309434,FKZOSNVMEGROHU-UHFFFAOYSA-N,CN1CCN(S(=O)(=O)c2cnn(C3CCCC3)c2)C(c2ccccc2)C1
OCNT-2309443,LTXRCYPELJYQOB-UHFFFAOYSA-N,Cc1cc(F)ccc1C1C(=O)NCCN1C(=O)Nc1cc(N(C)C)cc(C(F)(F)F)c1
OCNT-2309447,SRJYGDXJLJWAOP-UHFFFAOYSA-N,CC(NC(=O)c1cc2c(Cl)cc(Cl)cc2[nH]1)c1ccc(OCC(N)=O)cc1
OCNT-2309448,PYIWSJVAJVCDJD-UHFFFAOYSA-N,OC1(c2nc(-c3cccc(OCc4cccnc4)c3)no2)CCCCC1
OCNT-2309458,VRHSIWRFSPQEBM-UHFFFAOYSA-N,O=C(c1cn2ccccc2n1)N1CCCC(c2cc(C(F)(F)F)[nH]n2)C1
OCNT-2309469,CEXGDSRWXPGELQ-UONOGXRCSA-N,COc1cccc(Cc2noc([C@@H]3C[C@H]3c3ccc(F)cc3F)n2)n1
OCNT-2309492,YRYCNCAAIQZHCQ-UHFFFAOYSA-N,COc1ccc(OC)c(C2CCCN2C(=O)CCc2nc(-c3nnc[nH]3)no2)c1
OCNT-2309498,NZGXZMLTWAOIJJ-UHFFFAOYSA-N,Cc1n[nH]c(C)c1C(C)C(=O)N1CCN(c2ccccn2)CC1
OCNT-2309505,VHRWMNXPYKUVDY-UHFFFAOYSA-N,O=C(COc1cccnc1)NC1CC2(CCOCC2)Oc2ccccc21
OCNT-2309520,PQDNSHRLKSHCPF-IUODEOHRSA-N,O=C(CCC(=O)N1CCC(O)CC1)N[C@@H]1C[C@H]1c1c(F)cccc1Cl
OCNT-2309524,OQWALVNPZPFZNB-UHFFFAOYSA-N,CC(Cc1ccncc1)NC(=O)N1CC2(CCC2)C1C1CCOCC1
OCNT-2309550,TUNYSDUUJNGBOO-UHFFFAOYSA-N,CCc1nn(C)c2[nH]nc(NC(=O)c3cc(C)nc4onc(C)c34)c12
OCNT-2309560,UGLQFTQKYFIXRS-UHFFFAOYSA-N,O=S(=O)(c1cnn2ncccc12)N1CCCC(c2ccn[nH]2)C1
OCNT-2309567,WUJHRFRBGPBFFB-UHFFFAOYSA-N,COc1ccc2[nH]cc(C3CCN(c4ncnc5[nH]ncc45)CC3)c2c1
OCNT-2309576,VJOLPRXCRRLZKY-UHFFFAOYSA-N,O=C(C1CCSc2ccccc21)N1CCC(c2ccncn2)CC1
OCNT-2309581,XAKQUAVVZRFGRT-UHFFFAOYSA-N,N#CCc1ccccc1C(=O)N1CCN2C(=O)CCC2C1
OCNT-2309593,ICQPYVZPTBHWKX-UHFFFAOYSA-N,Cn1cnc(CCNCc2cn(-c3ccccc3)nc2-c2ccccc2)n1
OCNT-2309596,IXNDBORQXCOCSN-UHFFFAOYSA-N,O=C1NCC2(CCCC2)C(=O)N1CCc1ccc(F)cc1F
OCNT-2309598,XWCLCJYWVJRTHA-UHFFFAOYSA-N,O=C(NCc1csc(-c2ccccc2)n1)NC1CC(C(=O)O)C1
OCNT-2309599,PZBMCIRQTJSXEM-UHFFFAOYSA-N,Cc1n[nH]c(NC(=O)c2ccn(-c3c(F)cccc3F)n2)c1-c1ccc2c(c1)OCCO2
OCNT-2309603,NJASTDRCXHCKCI-UHFFFAOYSA-N,Cc1c(-c2ccccc2)oc2c(C(=O)NC(C)c3ccc4c(c3)CC(=O)N4)cccc2c1=O
OCNT-2309606,MFIXXYBDPKWHOV-UHFFFAOYSA-N,O=C(C1CC(c2ccccn2)=NO1)N1CCCC(Nc2cccc(Br)c2)C1
OCNT-2309655,RXWSOBRRXFTSLA-UHFFFAOYSA-N,COc1ccc(-n2cc(CNC(=O)N(C)CCC3CCCCN3C)nn2)cc1
OCNT-2309659,QDMSJHDEIZETOH-UHFFFAOYSA-N,Clc1cccc(-c2nccc(Nc3cnn(-c4ccccn4)c3)n2)c1
OCNT-2309661,RSUDJUKPYSQPJM-UHFFFAOYSA-N,N#Cc1cccc(CNC(=O)CSc2ncc(-c3ccccc3)o2)c1
OCNT-2309663,BBRIXFTZIRVEEF-UHFFFAOYSA-N,O=C(Nc1ccc2[nH]ncc2c1)c1ccccc1Sc1ccccc1
OCNT-2309686,XQSMMYKKUBTICB-UHFFFAOYSA-N,Cc1ccc(Br)cc1NC(=O)c1cnn2c1CC(CNC(=O)OC(C)(C)C)CC2
OCNT-2309704,QMUPVRYCKBCCRT-UHFFFAOYSA-N,Cn1nnc2ccc(C(=O)NS(=O)(=O)c3cccc(Cl)c3)cc21
OCNT-2309709,TUNHMOUQIPHTBW-UHFFFAOYSA-N,COc1ccc(C(=O)NC2CCCN(c3cc(C)nn3C)C2)cn1
OCNT-2309734,XKOYXYRROUYVSA-UHFFFAOYSA-N,COC(=O)c1ccccc1NC(=O)c1coc2c1C(=O)NCC2
OCNT-2309742,PDQLPNSIVZNUDK-UHFFFAOYSA-N,O=C(Cn1ccc(C(F)(F)F)n1)NS(=O)(=O)c1cccc2cnccc12
OCNT-2309746,ZRDDUQNCPHKPCT-UHFFFAOYSA-N,Cc1ccncc1NC(=O)Cc1ccc(S(N)(=O)=O)cc1
OCNT-2309768,OOPGWPZBSRALIG-UHFFFAOYSA-N,O=C(NCCc1nccc(C2CC2)n1)c1cc2nccn2c(=O)[nH]1
OCNT-2309776,JEIGWQHMZMNNGN-UHFFFAOYSA-N,Brc1ccc(-c2n[nH]cc2CN2CCN(C3CCOCC3)CC2)cc1
OCNT-2309800,GIFUCGYPMBHNPM-UHFFFAOYSA-N,Cc1cccn2c(NC(=O)c3ccc4c(c3)NC(=O)CCC4)c(-c3ccccc3)nc12
OCNT-2309801,LTKHJAAHPNJLHY-UHFFFAOYSA-N,CCNc1nc(C(=O)N2CCc3cc(Cl)ccc3C2)cs1
OCNT-2309809,JZKURPYQVDAOOL-UHFFFAOYSA-N,O=C(Cc1c[nH]c2ccccc12)N1CCc2oc(-c3ccccc3)cc2C1
OCNT-2309811,GAAAACRGNMPWJY-UHFFFAOYSA-N,O=C(OCc1nc(Cc2ccc(F)cc2)no1)C(C1CC1)C1CC1
OCNT-2309844,GGSBXNSPXLOOHI-UHFFFAOYSA-N,COc1cccc(NC(=O)N2CCC(C)C(n3ccnc3)C2)c1C
OCNT-2309846,FGUQAYRHKXYOTM-UHFFFAOYSA-N,Cc1cc(C)cc(C(=O)NCC(=O)Nc2ccc(Cn3ccnc3)cc2)c1
OCNT-2309877,YKVLNDDAPLQHQD-UHFFFAOYSA-N,O=C(NC1CCN(C(=O)CCc2ccccc2)CC1)c1cccc2nn[nH]c12
OCNT-2309905,LVJWCKKQYYBYRC-UHFFFAOYSA-N,Cn1ncc(C(=O)NCC2CCC3(CC(C(=O)OC(C)(C)C)C3)O2)c1Cc1ccccc1
OCNT-2309918,SVDYMXAJCOKQLE-UHFFFAOYSA-N,NS(=O)(=O)c1ccc(NC(=O)N2CCc3cc(F)c(F)cc3C2)cc1
OCNT-2309920,OXVAKGJWUUTGGP-UHFFFAOYSA-N,CCCC(C)c1cc(NS(=O)(=O)c2ccc(C#N)c(Br)c2)[nH]n1
OCNT-2309926,LECHJNCDFRJREW-UHFFFAOYSA-N,Cc1ccnc(NCc2ccc(N3CCOC(C)C3)nc2)c1
OCNT-2309942,AAJANOIUSFNLGX-UHFFFAOYSA-N,Cc1ccc(S(=O)(=O)NC2CCNC23CCCC3)c2ncccc12
OCNT-2309950,UWGSRPLGVVOCMK-UHFFFAOYSA-N,O=C(NCCc1nc(-c2ccccc2)n[nH]1)c1ccc(F)c(F)c1
OCNT-2309955,KAIXLFHXPRCWAS-UHFFFAOYSA-N,COCc1cnc(NC(=O)N2CCOC(C3CCC3)C2)s1
OCNT-2309987,ZPRQFKSHIREKOP-UHFFFAOYSA-N,O=S(=O)(CCNCc1cc2ccccc2nc1N1CCCCC1)c1ccccc1
OCNT-2309993,HJDIMWOEKKJXFJ-UHFFFAOYSA-N,CCC(C(=O)NC(CNS(=O)(=O)c1cnn(C)c1)c1ccccc1)c1c(C)noc1C
OCNT-2310008,YZDDODJEXHDWEE-UHFFFAOYSA-N,FC(F)(F)C1(c2nc(-c3cc(C4CC4)[nH]n3)no2)CC2(CCC2)C1
OCNT-2310021,YXVXGYRWFHPXRG-UHFFFAOYSA-N,FC(F)(F)Cn1ccc(Cc2nc(-c3ccsc3Cl)no2)n1
OCNT-2310024,YDDBBPMIFIWYPM-UHFFFAOYSA-N,OCCC1(CNC2CCCc3ccc(O)cc32)CCOC1
OCNT-2310036,YUSOQWDLAGAIHW-UHFFFAOYSA-N,N#Cc1ccc(NC(=O)c2coc(-c3ccccc3)n2)cc1
OCNT-2310041,OQNCBOFIXGDOFI-UHFFFAOYSA-N,O=C(CN1CCN(c2nc3ccccc3s2)CC1)Nc1ccc(F)cc1F
OCNT-2310043,ZSKKBENNGKLPHJ-UHFFFAOYSA-N,Cc1cc(S(N)(=O)=O)ccc1CNC(=O)NC1CCCCCC1
OCNT-2310072,RPIPASCIKGRQNW-UHFFFAOYSA-N,Cc1ccccc1-c1nn(-c2ccccc2)cc1C(=O)NCc1ncnn1-c1ccccc1
OCNT-2310094,QLJSPTQLWJJXDU-UHFFFAOYSA-N,Cn1cc(C(=O)Nc2nc(-c3cccc(C#N)c3)n[nH]2)cn1
OCNT-2310110,ZLNSOSPUFUUSJT-UHFFFAOYSA-N,CC(C)(CNC(=O)c1ccc2c(c1)C(=O)NCCO2)n1cccn1
OCNT-2310119,OPPFQRUPYDGASZ-UHFFFAOYSA-N,COC(CSc1nc2ccccc2c(=O)n1C)c1ccc(Cl)cc1
OCNT-2310121,OSVJTIWAVNSEQH-UHFFFAOYSA-N,O=C1NCC2CCC1N2S(=O)(=O)c1ccccc1OC(F)(F)F
OCNT-2310123,GJSIXZKKNDJEAL-UHFFFAOYSA-N,Cc1cc(-n2c(C)cc(C(=O)NC3(Cc4ccc(Cl)cc4)CCOC3)c2C)no1
OCNT-2310131,KTFISXUNCYDJBB-UHFFFAOYSA-N,COCc1noc(CN2CCN(C(=O)c3cccc(N(C)C)c3)CC2)n1
OCNT-2310137,HJSCMXIXVZQQOK-UHFFFAOYSA-N,CC(NC(=O)c1cnn(C)c1Cc1ccccc1)c1cc(F)ccc1N1CCC(O)CC1
OCNT-2310144,HZHXSHXBAHLQCN-UHFFFAOYSA-N,CN1CCC(N2CCC(NC(=O)c3cc(Br)cc4ccccc34)C2)CC1
OCNT-2310155,HKZQTGCONNDGDA-UHFFFAOYSA-N,CCn1cc(-c2nc(-c3ccc(N4CCCCC4)nc3)no2)cn1
OCNT-2310156,ZRNDQMAKMCTGGO-UHFFFAOYSA-N,Cc1nc(NC(C)c2cccc(N3CCOC3=O)c2)c2cn[nH]c2n1
OCNT-2310157,LVUXIUDKFQBCBA-UHFFFAOYSA-N,CCc1ncnc(N2CCN(C(=O)NC3CCCCC3)CC2)c1F
OCNT-2310192,IETCJVWWRSDVEL-MRXNPFEDSA-N,O=C(N[C@H](Cc1ccccc1)C(=O)O)C1CCN(c2ccc3nncn3n2)CC1
OCNT-2310199,BMDUEAJNHZCKOW-UHFFFAOYSA-N,O=C(Cc1cc(F)cc2c1OCOC2)Nc1ccc2nc[nH]c2n1
OCNT-2310202,AIOAUDKSZPZHDV-UHFFFAOYSA-N,Cc1cc(-c2noc(-c3coc4ccc(F)cc34)n2)cnc1N
OCNT-2310216,AJTSNWUPSBKAJK-MRVPVSSYSA-N,C[C@@H](NC(=O)c1cc(-c2cn(C)nn2)on1)c1ccc(C(F)(F)F)nc1
OCNT-2310225,SOWHXMPYVHVKNM-UHFFFAOYSA-N,Cc1ccc(S(N)(=O)=O)c(C(=O)NC2CCCOCC2)c1
OCNT-2310227,UFIOPUNMLAUYND-UHFFFAOYSA-N,CSc1[nH]c(=O)c(C(=O)N2CCCC3(CCOCC3)C2)cc1C#N
OCNT-2310261,TWKXRJAUKSDMNC-UHFFFAOYSA-N,Cc1onc(-c2ccc(Cl)cc2Cl)c1C(=O)Nc1ccc(F)c(C(N)=O)c1
OCNT-2310265,NQKFCFZXAAUFSR-UHFFFAOYSA-N,CC(C(=O)N1CCN(C(=O)c2ccc(F)cc2)CC1)n1ccc(C2CC2)n1
OCNT-2310319,LRCVBALEVVGLFE-UHFFFAOYSA-N,COc1cccc(NC(=O)N(C)Cc2nccn2Cc2ccccc2)c1
OCNT-2310323,MBYHTKURRZPUOJ-CQSZACIVSA-N,CC(C)(C)[C@H](NC(=O)c1cc(N2CCCCC2)ccn1)C(N)=O
OCNT-2310327,NANLFGLVROKLFB-UHFFFAOYSA-N,O=C(CN1C2CCC1CC2)N1N=C(c2ccc(Cl)cc2)CC1c1ccco1
OCNT-2310342,FTPBHHGBIJXPBQ-UHFFFAOYSA-N,Cc1nccc(NCc2cccc(C(=O)Nc3cc(-c4cccc(F)c4F)n[nH]3)c2)n1
OCNT-2310346,CCWBISGBXAFNFY-UHFFFAOYSA-N,O=C(NCc1ncc(Br)cn1)C1CCc2cccc(O)c21
OCNT-2310350,IULOBWFWYDMECP-UHFFFAOYSA-N,O=C(O)Cc1ccc(CCNS(=O)(=O)c2ccc(Cl)cc2)cc1
OCNT-2310383,FJNCYMDRTAXCFI-UHFFFAOYSA-N,CN(Cc1nccn1CC(F)(F)F)C(=O)Nc1cccnc1
OCNT-2310396,GPUPVYRGIRMSAG-UHFFFAOYSA-N,Cc1cccc(C2CCN(C(=O)COc3cccc(NC(=O)C4CC4)c3)C2)c1
OCNT-2310404,NOKWLBSHOIIUFJ-SAABIXHNSA-N,CCNS(=O)(=O)c1ccc(CC(=O)N[C@H]2C[C@H](c3ccc(Cl)cc3)C2)cc1
OCNT-2310431,GFTTWKOXOFWXTR-UHFFFAOYSA-N,Cc1cnn(Cc2cc(C(=O)Nc3cccc(-c4nnc[nH]4)c3)no2)c1
OCNT-2310432,CNIMFKSPIWBXRR-UHFFFAOYSA-N,Cc1nc2ccc(C(=O)NC3(c4ccc(F)cc4)CCOCC3)cc2o1
OCNT-2310438,YFMFZOQOJHZEAM-UHFFFAOYSA-N,O=c1[nH]c2c(cc1-c1noc(C3CCN(c4nc5ccccc5o4)CC3)n1)CNCC2
OCNT-2310448,LEQOABJBJQUSIJ-UHFFFAOYSA-N,CC(C(=O)Nc1cccc(-c2nnnn2C)c1)n1nnc(-c2ccccc2)n1
OCNT-2310458,SYXTXXKDVIEGLV-UHFFFAOYSA-N,COCc1cc(NS(=O)(=O)c2cc3cc(Cl)ccc3s2)ccc1OC
OCNT-2310470,CSLBMVDUODQHOM-UHFFFAOYSA-N,COc1ccc(CC(C)C(=O)N2CCC(c3cccc4cnccc34)CC2)cc1
OCNT-2310498,IUGBKTDUGLZNFN-UHFFFAOYSA-N,c1nn(CC2CCC2)cc1CN1CC(C2CCOCC2)C1
OCNT-2310511,HIOBZJFAABUCKU-UHFFFAOYSA-N,COc1ccccc1CC(=O)Nc1ccc2c(c1)CCCC(=O)N2
OCNT-2310522,SHFKEHYHFQIENX-LBPRGKRZSA-N,Cc1cc(C(=O)N2CCC[C@H](NC(=O)c3c[nH]nc3N)C2)ccc1F
OCNT-2310576,CSWBZQAJADZJPJ-UHFFFAOYSA-N,O=C(NCCc1nnc(-c2ccccc2)o1)c1ncncc1Cl
OCNT-2310580,XVRHQCGPDQBZJL-UHFFFAOYSA-N,OC1CCN(c2ccc(CNCc3c[nH]nc3-c3cccs3)cc2)CC1
OCNT-2310589,FUJRKPHFQJPPJN-UHFFFAOYSA-N,CCc1ccc(S(C)(=O)=O)cc1C(=O)NCC1C2Cc3ccccc3C12
OCNT-2310613,FNSPOGKBLVJSPX-UHFFFAOYSA-N,O=C(NC1CCN(C2CCCC2)CC1)c1ccc(F)c(F)c1F
OCNT-2310630,KZSUIFPZSDMWRV-UHFFFAOYSA-N,Cn1ncc2c(=O)[nH]c(NCc3ccnc(OCC(F)(F)F)c3)nc21
OCNT-2310634,AZIRSKUMMWCLMP-UHFFFAOYSA-N,CC1(Cc2ccccc2)CN(C(=O)Nc2ccc3c(c2)CNCCO3)C1
OCNT-2310640,MOGCAEVCBIAYAG-UHFFFAOYSA-N,O=C1OCCC1CCn1cc(-c2cnc3[nH]ccc3c2)nn1
OCNT-2310641,YKXGBOCHBJEVRD-UHFFFAOYSA-N,O=C(Nc1cnn(CC(F)(F)F)c1)C1COc2ccccc2C1
OCNT-2310648,LVKGJVDHSRWRLM-UHFFFAOYSA-N,NC(=O)c1ccc(-c2nc(CN3CCN(c4ccc(F)cn4)CC3)cs2)cc1
OCNT-2310653,BSJLYSNMYGWDGZ-UHFFFAOYSA-N,O=C(Cn1c(=O)[nH]c2ccccc2c1=O)N1CCC(N2CCCC2)C1
OCNT-2310658,GXPGHNGKEYVVSJ-UHFFFAOYSA-N,CC(=O)NCC1CCn2ncc(C(=O)NC3CCCc4sccc43)c2C1
OCNT-2310680,AXXIEJDVBYZXLK-UHFFFAOYSA-N,CC1(C2CC2)CN(C(=O)NCc2ccc(-c3ccncc3)cc2)CCO1
OCNT-2310685,SRJUQDSPYDJJMF-UHFFFAOYSA-N,CC(C)CCn1ccc(NC(=O)NCC2CCC3(CCCC3)O2)n1
OCNT-2310690,HCYSRWCEBFYUAA-CQSZACIVSA-N,Cc1ccc2[nH]c(C(=O)N[C@@H]3CCCN(S(=O)(=O)C4CC4)C3)cc2c1C
OCNT-2310693,RSAHXYUKVAIXGK-UHFFFAOYSA-N,CN1CCOC(C(=O)Nc2cc(C(F)(F)F)c3cn[nH]c3c2)C1
OCNT-2310698,HAVCMUREFRIDQM-UHFFFAOYSA-N,O=C(NC1CCc2cc(F)ccc21)N1CCC(F)(F)CC1
OCNT-2310707,RZGDXDYNQPUJNA-UHFFFAOYSA-N,CC1CCNC(=O)C1NC(=O)NCC1(N2CCOCC2)CC1
OCNT-2310716,BZLXGFYLRNUUNG-UHFFFAOYSA-N,Cc1ccn2ncc(C(=O)Nc3cc4n(n3)CCCC4)c2n1
OCNT-2310717,BOWLVPUQMMJWEC-UHFFFAOYSA-N,Cn1nncc1C(=O)Nc1ccc(-c2nc3cc(F)c(F)cc3[nH]2)cc1
OCNT-2310726,GOHPXULFFDBKGC-UHFFFAOYSA-N,COc1cc(CNC(=O)c2ccccc2S(C)(=O)=O)c2ccccc2n1
OCNT-2310747,MOMOPKAZNASMQJ-UHFFFAOYSA-N,CCOc1cc(C)nc(N2CCN(C(=O)c3ccn(-c4ccccc4)n3)CC2)n1
OCNT-2310751,KZIDFUMZLWTNPB-UHFFFAOYSA-N,Nc1nc(C2CC2)ncc1C(=O)Nc1ccc(Nc2ncccn2)cc1
OCNT-2310755,BIGAOOHPAKZTOZ-UHFFFAOYSA-N,Cc1ccn2ncc(C(=O)NC3CCc4ccccc4OC3)c2n1
OCNT-2310779,LWTKTABHWXYFOZ-UHFFFAOYSA-N,CCn1cc(C(=O)NCc2ccncn2)c(=O)c2cc(Cl)ccc21
OCNT-2310797,WRRMQFMQWRSQBI-UHFFFAOYSA-N,Cc1ccc(C(=O)N2CCOCC2)cc1NC(=O)c1cccc2ncnn12
OCNT-2310804,IWKOXNCMURNVKR-UHFFFAOYSA-N,O=C(Nc1cnn(Cc2ccncc2)c1)C1(c2ccccc2)CCCN1
OCNT-2310808,JZLNLPFYEPHWQX-UHFFFAOYSA-N,COc1cc(C)ccc1Oc1ccc(NC(=O)NC23CC2COC3(C)C)cn1
OCNT-2310822,PAZGEARGQQZYLI-UHFFFAOYSA-N,COc1ccc(N2CCN(C(=O)Cc3ccccc3Cl)CC2)nc1
OCNT-2310829,WIPMLMLIKXSIFW-UHFFFAOYSA-N,O=C(NC1CCN(CC(F)F)CC1)c1cccc2cnccc12
OCNT-2310839,HZOOOFYSGYSMTG-UHFFFAOYSA-N,CCc1cccc(S(=O)(=O)NCCc2nc(C)cc(C)n2)c1
OCNT-2310843,UHBYZUKYPMONRO-UHFFFAOYSA-N,COCC1(C2CCC2)CN(C(=O)NCCc2cc(C)c(O)c(C)c2)C1
OCNT-2310859,RUVLBPWZPKTFQY-UHFFFAOYSA-N,COc1cc(N2CCN(c3ncnc4c3CCCC4)CC2)ccc1F
OCNT-2310880,UPACZLZVVYCCPQ-UHFFFAOYSA-N,CNC(=O)c1ccc(OC)c(NC(=O)C2Cc3cc(Cl)ccc3O2)c1
OCNT-2310901,HDXXWIMMIYDYQO-UHFFFAOYSA-N,COc1cc(NC(=O)c2nc3cnccc3s2)cc(OC)c1
OCNT-2310935,PYENDQAOQUXIML-UHFFFAOYSA-N,Cn1cc(NS(=O)(=O)c2ccc3c(c2)CCC3)c(C2CCCCC2)n1
OCNT-2310939,FMPOGJMGFDQNLR-UHFFFAOYSA-N,O=C(Cc1ccccc1F)N1CCN(Cc2cn(-c3ccc(F)cc3)nn2)CC1
OCNT-2310945,ZCFOZFFAVPLQDU-UHFFFAOYSA-N,COc1ncc(Cl)c(N2CCN(CCc3ccccc3)CC2)n1
OCNT-2310948,WECBRMODQWSFSC-UHFFFAOYSA-N,O=C(NCc1cccc(N2CCOCC2)n1)c1cnc2[nH]c(=O)[nH]c2c1
OCNT-2310953,JNUPUTJOTQNJHS-UHFFFAOYSA-N,COc1ccc2c(c1)C1(CC1)CN(C(=O)c1cc(F)cc3[nH]cnc13)C2
OCNT-2310955,ZNYHVNPTYPXHIV-UHFFFAOYSA-N,Cn1ccc(C(=O)N2CCC(C(=O)Nc3ccc(Cl)cn3)CC2)c1
OCNT-2310971,QUMDTFYGSJHRPL-UHFFFAOYSA-N,NC(=O)c1cc(F)ccc1N1CCN(c2ncnc3nc[nH]c23)CC1
OCNT-2310979,ZNZJGCOJFHWZII-UHFFFAOYSA-N,Cc1cc(C(=O)Nc2cnn(-c3ccccc3)c2)ccc1-n1cncn1
OCNT-2310997,SIPWPCZRIOWTLN-UHFFFAOYSA-N,CN1CCN(c2ccc(CNC(=O)N3CCC(Cc4ccccc4)C3)cn2)CC1
OCNT-2311017,HGMVMOMRKMPRSR-VHSXEESVSA-N,COC(=O)c1ccc(C(=O)N[C@@H]2C[C@@H]2F)cc1C(F)(F)F
OCNT-2311028,MQXPCGHXWRPKCK-UHFFFAOYSA-N,O=C(NCCc1cccnc1)C1CCN(C(=O)N2CCCC2)CC1
OCNT-2311032,KXQCKBJACHMFEZ-UHFFFAOYSA-N,CCc1cc(N2CCC(Nc3ncnc4c(C)cccc34)CC2)ncn1
OCNT-2311050,RRHHUYUAXCKIRN-UHFFFAOYSA-N,Cc1ccc(C(=O)Nc2ccc(C(=O)NC3CCCC3)cc2C)c(=O)[nH]1
OCNT-2311059,IADLBRMVZTZASR-UHFFFAOYSA-N,O=C1NC(CC2CCCc3ccccc32)C(=O)N1c1cccc2cccnc12
OCNT-2311060,FEGQQHPUTSRZAG-UHFFFAOYSA-N,Cc1cc(N2CCN(c3ccc4nccnc4n3)CC2)nc(C(C)C)n1
OCNT-2311061,YAHHSHNEDFLSFO-UHFFFAOYSA-N,Cc1cc(SCc2ccn(C)c(=O)c2)nc(-c2ccccn2)n1
OCNT-2311086,LHTZKKBQVHDQAX-UHFFFAOYSA-N,COc1cc(NC2CCCN(c3ncnc4c3nnn4C)C2)cc(OC)c1
OCNT-2311091,NLPVWZDQUHNWNN-UHFFFAOYSA-N,O=C(NCc1cccnc1)c1[nH]nc(-c2ccccc2)c1Br
OCNT-2311102,OPNWCLOHWSTTAH-UHFFFAOYSA-N,CCNc1ncc(S(=O)(=O)NCc2nncn2CC)cc1Cl
OCNT-2311106,XKPXTMLDEUTWQU-UHFFFAOYSA-N,CN1CCN(C(=O)c2ccc(F)c3occc23)CC1c1ncc[nH]1
OCNT-2311133,DAOAPMJKVUJXID-UHFFFAOYSA-N,CN1CCN(c2cncc(OCc3cccc(Cl)c3)n2)CC1
OCNT-2311145,GJUVVFXCXYLPPF-UHFFFAOYSA-N,O=C(Cc1ccc(Br)cc1)NS(=O)(=O)c1cc2ccccc2s1
OCNT-2311148,FXKCHSYNXXKFEX-UHFFFAOYSA-N,Cc1cnccc1OC1CCN(Cc2cn(-c3ccccc3)nn2)CC1
OCNT-2311150,ZHERNWQWOSHVNC-UHFFFAOYSA-N,O=C(Nc1cc(C2CCOCC2)[nH]n1)c1ccc(S(=O)(=O)C2CCC2)cc1
OCNT-2311164,KXAWYHBBFHVSLR-UHFFFAOYSA-N,Cn1nc(C(=O)Nc2c3c(nn2C)CCCC3)cc1C(F)F
OCNT-2311175,LOHPAHJRSDGXHU-UHFFFAOYSA-N,CC(C)Oc1cccc(CN(C)C(=O)c2ccnc(N3CCOCC3)n2)c1
OCNT-2311200,NVPSOSIRMJDRPU-UHFFFAOYSA-N,CCCc1cc(C(=O)Nc2cnc(OC)c(OC)c2)cc(=O)[nH]1
OCNT-2311225,VAZPOTJURGQWAP-STQMWFEESA-N,O=C([C@H]1C[C@@H]1c1c(F)cccc1Cl)N1CCN(c2cnccn2)CC1
OCNT-2311231,XLDINVXKZGIJLA-CQSZACIVSA-N,CC(C)(C)OC(=O)N1CCC[C@H](CNCc2noc3c2CCCC3)C1
OCNT-2311291,RQDDMLORJHULQP-UHFFFAOYSA-N,O=C(c1sccc1C1CC1)N1CCC(C(=O)N2CCCCC2)CC1
OCNT-2311293,SSOJFUYLKIYITA-UONOGXRCSA-N,CN(C)C(=O)[C@H]1CC[C@@H](C2CCN(c3ncnc4[nH]ncc34)CC2)O1
OCNT-2311294,SWUBLAYQXQUNCO-UHFFFAOYSA-N,CN(C)C(=O)N1CCN(C(=O)c2cn(C)c(=O)[nH]c2=O)C(C)(C)C1
OCNT-2311311,JSEDCBYKKMTEPF-UHFFFAOYSA-N,CC(=O)Nc1nc2cnc(NC3(C4CCCO4)CCC3)nc2s1
OCNT-2311320,LCCOAQYOJSHIPJ-UHFFFAOYSA-N,CC1N(C(=O)Cc2n[nH]c3c2CCCC3)c2ccccc2C1(C)C
OCNT-2311331,CDQDNPHFGYWSOR-UHFFFAOYSA-N,COc1ccc(F)cc1C(=O)Nc1cnc2c(c1)COCC2
OCNT-2311336,LQKJYHIZCLRVAA-UHFFFAOYSA-N,O=C(NCc1ccc(-n2ccnc2)nc1)C1CCCN1c1nccs1
OCNT-2311343,SASVNHDDQBDFCM-UHFFFAOYSA-N,O=C(Cc1nc(Cc2ccccc2)no1)N1CCCC1c1ccccc1
OCNT-2311402,OGIYBCQWFOZLPG-UHFFFAOYSA-N,CC1(NC(=O)c2cccc(C3(C)NC(=O)NC3=O)c2)CC=CCC1
OCNT-2311437,JHVLKXIDWMPJMT-UHFFFAOYSA-N,N#Cc1ccc(Oc2cccc(NC(=O)CCCOc3ccc4c(c3)CCC(=O)N4)c2)cc1
OCNT-2311438,FLLMSOQAWLVNEM-UHFFFAOYSA-N,O=C(c1sccc1-n1ccnn1)N1CCCC(N2CCOCC2)CC1
OCNT-2311450,DBUJZAYXHSBDLC-UHFFFAOYSA-N,Cc1nc(N2CCC(O)(CN3CCCCC3)CC2)ccc1C#N
OCNT-2311453,FVWJNTSKIAGKNF-UHFFFAOYSA-N,N#Cc1ccccc1OCc1cn(CCc2ccccc2)nn1
OCNT-2311507,KNHOKGYXVGIUBR-UHFFFAOYSA-N,CC(C(=O)NCc1ccc(CC(=O)O)cc1)n1cccn1
OCNT-2311542,KWIFZAZOFYUVCZ-UHFFFAOYSA-N,O=C1NCCCN(C(=O)CCC2CCOCC2)C1Cc1ccccc1
OCNT-2311547,BHEAZNHFSNJYDJ-UHFFFAOYSA-N,c1ccc(Nc2noc(-c3ccnc(C4CCCC4)n3)n2)cc1
OCNT-2311574,IXIWLXFULLNPDO-UHFFFAOYSA-N,CCOc1cc(NC(=O)C2CCCc3[nH]ncc32)ccc1OC
OCNT-2311588,ATLZEXPCGWQKDL-UHFFFAOYSA-N,Cc1cccc(NC2CCN(C(=O)c3ccc(=O)[nH]n3)CC2)c1
OCNT-2311602,AIDXPYZJTIDUSC-UHFFFAOYSA-N,Cc1nnc(-c2ccc(C(=O)N3CCC(c4ccncc4)CC3)cc2)o1
OCNT-2311604,GKRCFAAHQZDGMF-UHFFFAOYSA-N,CC(c1nccs1)N1CCN(C(=O)c2ccc(N3CCCC3)nn2)CC1
OCNT-2311606,JISJHJWHBGLITM-UHFFFAOYSA-N,O=C(c1ccccc1)N1CCC(NC2CCC3CCC2C3)CC1
OCNT-2311619,YYKMRMTYTUHGAM-UHFFFAOYSA-N,CC1CC(CNCc2nn(C)c(=O)c3ccccc23)=NO1
OCNT-2311620,GKIZKNATVXCLLF-UHFFFAOYSA-N,O=C(Cc1ccc(Cl)cc1Cl)NCC1(O)CCS(=O)(=O)C1
OCNT-2311624,FHLMPSUVVSVTAJ-UHFFFAOYSA-N,Cn1cc(CCC(=O)N2CCC(Cc3cccc(F)c3)CC2)cn1
OCNT-2311626,JBQGWNQLFCYYOB-UHFFFAOYSA-N,CCn1cnc2c(c1=O)CCN(CC1(CS(C)(=O)=O)CC1)C2
OCNT-2311627,BZSQFVKPLZFAMM-UHFFFAOYSA-N,Cc1ccc(C(=O)Nc2cccc(CNC(=O)c3ccc4nc(N(C)C)oc4c3)c2)cc1
OCNT-2311636,QUGHBKJKLUPSCI-UHFFFAOYSA-N,CC(C)(Cc1ccccc1)C(NCCc1cnccn1)c1nnnn1-c1ccc2c(c1)OCO2
OCNT-2311655,FLRYEXYQVHVJHQ-UHFFFAOYSA-N,O=C(Nc1cccc(Cn2cccn2)c1)c1ccc(-c2cc[nH]n2)s1
OCNT-2311664,YDNMVMFHJDBZIM-UHFFFAOYSA-N,Cc1ncn(-c2ccc(NC(=O)C3CC(C(C)C)=NO3)cc2)c1C
OCNT-2311689,FMIDPHAHVCLBIS-UHFFFAOYSA-N,COC(=O)c1ccc(NC(=O)Cc2sc(C)nc2-c2ccc(OC)cc2)cc1
OCNT-2311721,SWRIFYKPRHINJT-UHFFFAOYSA-N,COc1ccc(OCc2nc(CNc3ccc4c(c3)CCCC(=O)N4)cs2)cc1
OCNT-2311723,YTNJKWXYWVIMPG-SMDDNHRTSA-N,Cc1cc2c(cc(C(=O)N[C@H]3COC[C@H]3n3cccn3)n2CC(F)(F)F)s1
OCNT-2311724,BDFIQPRMLMCODG-JWCMVYSZSA-N,O=C(N[C@@H]1CC(Cn2ccnc2)C[C@H]1O)c1cnc2ncccn12
OCNT-2311727,QPBXRIKKGPQSAW-UHFFFAOYSA-N,CC1CCCC1CC(=O)NCCC(O)(c1ncco1)C(F)(F)F
OCNT-2311728,LQUSNRYERYWFOJ-UHFFFAOYSA-N,Cn1nc(CC(=O)OCc2cncc(F)c2)c2ccccc2c1=O
OCNT-2311731,VWXNHHNSTRKTRD-YUZWYKEKSA-N,O=C(N[C@@H]1CC(Cn2ccnc2)C[C@H]1O)c1ccc(C2=CCCC2)cc1
OCNT-2311737,QSAMUNMEBYLCKD-UHFFFAOYSA-N,CCOC(=O)N1CSCC1C(=O)NC1CC=C(c2ccc(F)cc2)CC1
OCNT-2311745,NDYIXONJSDUIQJ-UHFFFAOYSA-N,CON(C)C1CCN(c2ccnc(CSc3ccccc3)n2)CC1
OCNT-2311748,OLKFTJZESRFYGM-UHFFFAOYSA-N,Cn1cc(NCc2cc(-c3ccncc3)n[nH]2)c(-c2ccccc2)n1
OCNT-2311752,TXHFRSPUYJGUOC-UHFFFAOYSA-N,COc1ccc(N(C)S(=O)(=O)c2cccc3c(Cl)cc(C)nc23)cn1
OCNT-2311765,ZQZSFKJELGBYHA-GWCFXTLKSA-N,COc1cccc2nc(N3C[C@H](CC(N)=O)[C@@H](O)C3)ccc12
OCNT-2311769,PLTRVIGXBYDJLW-UHFFFAOYSA-N,CSc1ccc(C(CNc2ncnc3cnn(C)c23)N(C)C)cc1
OCNT-2311783,VTTXKWNUEYBJHG-UHFFFAOYSA-N,COc1c(Cl)cccc1C(=O)NCCc1cnn(-c2ccccc2)n1
OCNT-2311797,OQWDBCXAINMZFS-UHFFFAOYSA-N,NC(=O)c1cccc(C(=O)Nc2cccc(C(F)(F)F)c2)c1
OCNT-2311800,BIJKXSIAIACXNV-UHFFFAOYSA-N,COc1ccc(-c2n[nH]cc2CN2CCOC3(CCC3)C2)cc1
OCNT-2311805,ZUCYBEULVWTNIR-UHFFFAOYSA-N,CC(C)(C)c1ccc(C(O)CNC(=O)CCc2cncc3ccccc23)cc1
OCNT-2311818,BDXZIUPCZHDUKE-UHFFFAOYSA-N,O=C(COC(=O)Cc1n[nH]c(=O)c2ccccc12)NCC1CCOC1
OCNT-2311829,ZMMHEFMEZJBPCK-XIKOKIGWSA-N,C[C@@H]1COC[C@@](CO)(CNC(=O)c2ccc3ncn(C)c(=O)c3c2)N1C
OCNT-2311831,HOSNJLMMVKABFA-UHFFFAOYSA-N,COc1ccc(C(=O)NCC(C)(C)N2CCN(C)CC2)c(OC(C)C)c1
OCNT-2311834,DGUHWPMRKMJECE-UHFFFAOYSA-N,Cn1cc(CCC(=O)N2CC(O)(c3ccc(F)cc3)C2)c2ccccc21
OCNT-2311839,GSZWDSMTOYIIMS-UHFFFAOYSA-N,Cc1ccc(NC(=O)Cn2nnc(-c3ccccc3)n2)c(-c2nc(C3CC3)n[nH]2)c1
OCNT-2311840,PWJXIYCMKSEYTR-UHFFFAOYSA-N,O=C(Cc1cccc(F)c1F)NC1CCN(C(=O)CCn2ccnc2)C1
OCNT-2311846,JTSNGDOVWZSFLB-MLGOLLRUSA-N,CNC(=O)C[C@@H]1CN(C(=O)c2cc3ncc(C(C)C)cc3[nH]2)C[C@H]1O
OCNT-2311855,QEGXZVYYVBUXIG-UHFFFAOYSA-N,CCOc1cccnc1S(=O)(=O)NCc1ccc(F)cc1C(F)(F)F
OCNT-2311862,AOBRDNBXUPBCHC-UHFFFAOYSA-N,Cc1noc(CNC(=O)N2CCC(c3cccc4ccccc34)CC2)n1
OCNT-2311886,WQIMXLYTESNREJ-UHFFFAOYSA-N,Cn1nccc1N1CCCC(NC(=O)NC2CC(OC(C)(C)C)C2)C1=O
OCNT-2311889,RBVFRCIGZGGBTF-UHFFFAOYSA-N,CC(NC(=O)c1cccn2cnnc12)c1cccc(OC(F)F)c1
OCNT-2311892,NAOJMNUZHUNOKN-UHFFFAOYSA-N,CC(Oc1cccc(Br)c1)c1nnc(-c2cnn(C)c2)o1
OCNT-2311897,NSBQHSGIUPTPOI-UHFFFAOYSA-N,COc1cncc(CCC(=O)OCCC(C)(C)c2ccccc2)c1
OCNT-2311909,VDVJUEFMOAEWCR-UHFFFAOYSA-N,Cc1cc(CNC(C)c2cccc(-n3cccn3)c2)cc(C)n1
OCNT-2311916,WYWNLPSNCOQRHL-UHFFFAOYSA-N,C#CCN(Cc1ccccc1)C(=O)C(C)NC(=O)c1cccc(Cl)c1Cl
OCNT-2311937,JERSGWYTALKMNY-HNNXBMFYSA-N,C[C@@H](CNC(=O)CCc1cncc2ccccc12)Oc1ccc(Cl)cc1
OCNT-2311956,QMPNSZFQZAWABV-UHFFFAOYSA-N,CCCc1n[nH]c2ccc(C(=O)NCCN3C(=O)COc4ccccc43)cc12
OCNT-2311971,GLFWAGLXPAJCLJ-UHFFFAOYSA-N,COc1cc(C)ccc1NC(=O)c1cccc2cnccc12
OCNT-2311975,XKCNZKKZCLFYSV-UHFFFAOYSA-N,CSc1ccc(OCCOC(=O)c2cncc3ccccc23)cc1
OCNT-2311997,PLLPKUFSZTVBTH-SFIRGFGWSA-N,CC(NC(=O)[C@H]1CCN[C@@H](C)C1)c1cccc2ccccc12
OCNT-2312000,FRTQFAFJPFTPEO-UHFFFAOYSA-N,O=C(Cc1cc(C2CC2)on1)N1CC(c2ccccc2Br)C1
OCNT-2312016,CXMFJZYJIIGCDT-UHFFFAOYSA-N,CC(C)(CNC(=O)c1ccnc2ccncc12)N1CCc2ccccc2C1
OCNT-2312020,DPQLVVYCRUDESV-UHFFFAOYSA-N,O=C(NCC1Cc2ccccc2CN1)c1cc(Cl)c2[nH]ncc2c1
OCNT-2312033,ZSOHLKDAXCTETM-MEBBXXQBSA-N,COc1cc(NC(=O)N[C@H]2c3ccccc3OC[C@H]2CO)n(C)n1
OCNT-2312041,HFJBOFQTRHHVPS-NSCUHMNNSA-N,C/C=C/CCCN(Cc1cn[nH]c1)c1cc(C(N)=O)nc(C2CC2)n1
OCNT-2312063,ACLZYKQVCOTFGN-UHFFFAOYSA-N,O=C(c1cc(Cc2n[nH]c(=O)c3ccccc23)ccc1F)N1CCN(c2ccncn2)CC1
OCNT-2312069,LMIAIOODQVMDQA-WJYNOGRTSA-N,O[C@H]1C[C@](CNc2ccnc3c(Br)cnn23)(c2ccccc2)C1
OCNT-2312074,JBYHKBDJPAJRIB-UHFFFAOYSA-N,COC(=O)C(NC(=O)c1cc(C)n(-c2cccc(F)c2)n1)c1cccs1
OCNT-2312103,ZXXMWZBQFMKETN-UHFFFAOYSA-N,O=C(NCCNCc1cccc2[nH]ccc12)c1ccn[nH]1
OCNT-2312107,UHEMPWQRYZEJBV-UHFFFAOYSA-N,CCC1(Cn2cc(-c3cnc(N(C)C)nc3)nn2)COC1
OCNT-2312162,VGDYEJHSCSQLGY-LBPRGKRZSA-N,COc1ccc(-c2cc3ncnc(N[C@H]4CCOC4)c3s2)cc1
OCNT-2312189,OQOYJJXISGSEFD-UHFFFAOYSA-N,c1cnc(N2CCN(c3nnc(-c4cc5ccccc5[nH]4)[nH]3)CC2)nc1
OCNT-2312204,YCLBQJAVZIWBNG-UHFFFAOYSA-N,COc1ccc(N(Cc2cccs2)C(=O)CC2CCNCC2)cc1
OCNT-2312258,GTFXEPGXKWPROT-WKILWMFISA-N,COC(=O)C[C@H]1CC[C@H](CNC(=O)Cc2ccc3c(c2)CCCO3)CC1
OCNT-2312272,ZFONBGVUTOBBAZ-UHFFFAOYSA-N,Cn1ncc2cc(C#N)c(N3CCC(Nc4ccncc4)CC3)nc21
OCNT-2312280,PJEMYXKINDARDB-UHFFFAOYSA-N,CCCS(=O)(=O)Nc1ccccc1C(=O)NCc1cccc2c1OCC2
OCNT-2312308,GYNQRMHTTCULMF-UHFFFAOYSA-N,O=C(OCC(=O)N1N=C(c2cccs2)CC1c1ccco1)c1ccncc1
OCNT-2312322,SFBJQTXZKXTYKE-UHFFFAOYSA-N,COc1ccccc1N1CCN(C(=O)c2cc(-c3ccc(Cl)cc3)n(C)n2)CC1
OCNT-2312351,IDXOTOSTBGIMFM-LLVKDONJSA-N,CN[C@H](C)CC(=O)N1CC=C(c2ccc(Cl)c(Cl)c2)CC1
OCNT-2312358,WCXGBOSREZEJPV-UHFFFAOYSA-N,O=C(c1cc(-c2ccccc2O)[nH]n1)N1CCC(O)(Cc2ccc(F)cc2)C1
OCNT-2312373,ZUSNMOKJMOPBJW-UHFFFAOYSA-N,COc1cccc(Cc2noc(Cc3cnn(-c4ccccc4)n3)n2)n1
OCNT-2312376,UIPHQHVWOXUIQY-UHFFFAOYSA-N,Cc1ncc(C(=O)NCCc2csc(-c3ccccc3)n2)c(C)n1
OCNT-2312385,KKWSFYUJRQXGAA-UHFFFAOYSA-N,O=C(NCC(O)c1ccc(Cl)c(F)c1)C1CC(c2c(F)cccc2F)=NO1
OCNT-2312387,RDFSDZSZRPSGPR-JTQLQIEISA-N,Cc1ccc(Br)cc1C(=O)Nc1nc2c(s1)C[C@@H](N)CC2
OCNT-2312389,FFPBQUADYURRAR-UHFFFAOYSA-N,CC1CCCCC1CC(=O)NCc1nc2cnccc2s1
OCNT-2312392,PQAMIQVSIIWVLA-UHFFFAOYSA-N,O=c1[nH]c(C(F)(F)F)ccc1-c1noc(CC2CCOC2)n1
OCNT-2312400,VHWWQLJLNMECEF-UHFFFAOYSA-N,Cc1ccccc1CCN(Cc1ncc[nH]1)C(=O)c1ccc2c(c1)SCC(=O)N2
OCNT-2312407,YCGWTNODMPQGJL-UHFFFAOYSA-N,O=C(NCc1nc2c([nH]1)CCCC2)c1ccc2ccncc2c1
OCNT-2312422,UNUXWZHOGXQRBK-UHFFFAOYSA-N,O=C(c1ccc2[nH]ccc2c1)N1CCN(CCC2CCOC2)CC1
OCNT-2312443,RNYJQENSIQGTFO-UHFFFAOYSA-N,Cn1cccc1C1CCCCN1C(=O)c1cc(-c2ccccc2)no1
OCNT-2312465,JUDIGWCSUCRCTM-UHFFFAOYSA-N,Cn1c(=O)oc2cc(NS(=O)(=O)c3ccc(Cl)c(F)c3)ccc21
OCNT-2312480,USKDSEPSXFSQII-UHFFFAOYSA-N,O=C(C1CCN(c2ccc3nnnn3n2)CC1)N1CCCC(c2nc3ccccc3s2)C1
OCNT-2312493,LPKCTGUWFTZGHX-UHFFFAOYSA-N,O=C(CC1CC(F)C1)OCCOc1ccnc2ccccc12
OCNT-2312511,PVQWMGIQWLAPQO-KGLIPLIRSA-N,Cn1nnnc1C1CCN(C(=O)[C@H]2C[C@@H]2c2ccc(F)cc2F)CC1
OCNT-2312530,JGAKLUHQBWJHCU-UHFFFAOYSA-N,O=S(=O)(c1c[nH]c2ncccc12)N1CCN(c2cc(C3CC3)n[nH]2)CC1
OCNT-2312537,OFBSKHGQUHTUAK-UHFFFAOYSA-N,COC(CNC(=O)c1ccc(Oc2cccc(C)c2)cn1)OC
OCNT-2312558,JMUPJYABPJKPMN-UHFFFAOYSA-N,Cn1nc(O)cc1C(=O)NC1CCN(C(=O)c2ccccc2)C1
OCNT-2312567,IRHNGEVFACBSDS-UHFFFAOYSA-N,O=C(CN1CCOC(c2ccc(Cl)cc2)C1)NCc1ccccn1
OCNT-2312581,DXIJNEODHVKRKU-UHFFFAOYSA-N,COc1ccc(Cn2cc(C(=O)NC3CCc4[nH]ncc4C3)cn2)cc1
OCNT-2312592,BTIVUGONCMEKNX-UHFFFAOYSA-N,Cc1cc(C(F)(F)F)nn1CC(=O)NCCc1nc(-c2ccccc2)n[nH]1
OCNT-2312607,QIHYSNAOCJNIRD-UHFFFAOYSA-N,COc1c(C(=O)N2CCC(Cc3nccs3)C2)[nH]c2ccccc12
OCNT-2312608,DBDCGPKJFAXMNC-UHFFFAOYSA-N,C#CCC(Cc1ccccc1)Nc1ccc2nccnc2n1
OCNT-2312616,NNSLNWDCBLFAMQ-UHFFFAOYSA-N,COc1ccc2c(c1NC(=O)N1CCC(O)(C3CCC3)CC1)CCC2
OCNT-2312624,AEAYDVXZPKDZCK-KBPBESRZSA-N,Cn1cc([C@@H]2CN(C(=O)CCCc3nccs3)C[C@H]2CO)cn1
OCNT-2312656,XWDHGERTKVTTNK-OCCSQVGLSA-N,CO[C@H]1COC[C@H]1NC(=O)c1c(Cl)cccc1OCC1CC1
OCNT-2312659,FPZDMQCYMFEBKJ-UHFFFAOYSA-N,CCOC(=O)c1ccc(N2CCc3ccccc3C2C)nc1
OCNT-2312668,XITUDUKCDZPINF-UHFFFAOYSA-N,CCc1nc(CNC(=O)c2ccc(-n3nc(C)cc3C)cc2)c[nH]1
OCNT-2312714,WUAZOSQKECLJFW-UHFFFAOYSA-N,Cc1ccc(C)c(NC(=O)N2CCCC3(CCOC3)C2)c1
OCNT-2312721,LFVLCVXPWUQACU-WFASDCNBSA-N,COC(=O)c1ccnc(C(=O)N[C@H]2Cc3ccccc3O[C@@H]2C(F)(F)F)c1
OCNT-2312728,WFMZVSWBAHEUAY-UHFFFAOYSA-N,COc1ccccc1CNC(=O)CN1CCC(CCN2CCOCC2)CC1
OCNT-2312731,DWVAWAZUSUBEMQ-UHFFFAOYSA-N,O=C(CC1COCCN1)NS(=O)(=O)c1cccc2ncccc12
OCNT-2312732,QPKBSKVSPWCCIR-UHFFFAOYSA-N,Cc1csc(N2CCN(C(=O)c3cc(F)ccc3F)CC2)n1
OCNT-2312741,ZZFSIEKTPZLRNW-UHFFFAOYSA-N,COc1ccc2c(c1)C(Nc1nccc3nccnc13)CCC2
OCNT-2312742,JBILOGVIBNCUSD-UHFFFAOYSA-N,O=C(NCc1ccc(N2CCCC2)nc1)N1CCOCC1CCO
OCNT-2312743,CTEXNEUTVYKFTD-WBVHZDCISA-N,COCCn1nc(C)c(NC(=O)N[C@H]2c3ccccc3C[C@H]2O)c1C
OCNT-2312749,ZAFLASWCWZQRCU-UHFFFAOYSA-N,CC1OCCC1(C)NC(=O)c1ccc(-c2ccccc2F)o1
OCNT-2312760,MJSHQBKOOKTKQV-LBPRGKRZSA-N,c1n[nH]c([C@@H]2CCCN2Cc2csc(-c3ccsc3)n2)n1
OCNT-2312779,IAZSTIBERROYCJ-UHFFFAOYSA-N,Cc1oc(Br)cc1C(=O)N1CCN(C(=O)C2CC2)CC1(C)C
OCNT-2312781,AQTJUFQKRCVXHV-UHFFFAOYSA-N,CC(C)c1cccc(NC(=O)CN2CCC(c3ccn(C)n3)CC2)c1
OCNT-2312807,SDSCCHIAXZKJFU-UHFFFAOYSA-N,Cc1cccc(CC2(O)CCN(C(=O)c3cn4ccccc4n3)CC2)c1
OCNT-2312822,WYEUZHWYVCUYQY-UHFFFAOYSA-N,CC(=O)Nc1cc(S(=O)(=O)NC2CCN(C(=O)CC(C)C)CC2)ccc1F
OCNT-2312830,MEDIVWVWIKCMBU-UHFFFAOYSA-N,Cc1nc(CC2CCN(C(=O)Cc3ccc(C)c(Cl)c3)CC2)no1
OCNT-2312847,XVEOZZDPTYFUNW-UHFFFAOYSA-N,O=S(=O)(c1ccc2c(c1)OCO2)N(CC1CC1)CC1CC1
OCNT-2312853,KBMGYZFUIIVYPK-UHFFFAOYSA-N,Cn1cc(C2CCCN(C(=O)c3cc(-c4ccccc4)ccn3)C2)cn1
OCNT-2312860,OWRGYPSJKIWUAT-UHFFFAOYSA-N,NC(=O)C1CCC(CNC(=O)N2CCC(c3nc4ccccc4s3)CC2)O1
OCNT-2312906,WGYQLXGWKYLPFA-UHFFFAOYSA-N,COc1cccc(C(O)CNC(=O)COc2ccc3ccccc3c2)c1
OCNT-2312921,ZIGNJPLWUJFGKO-UHFFFAOYSA-N,CN(Cc1c(F)cccc1F)C(=O)c1cccc(Cn2ccnc2)c1
OCNT-2312967,XLHZRAFTJKNKHX-UHFFFAOYSA-N,Cc1c(Cl)cccc1N1CCN(C(=O)c2c[nH]c(=O)n2C)CC1
OCNT-2312969,BVPRAXPGVAOBHM-UHFFFAOYSA-N,COc1ccc(-c2ccc(NCc3c[nH]nc3C)nc2)cc1Cl
OCNT-2312973,XZTFOQBCMPUHSK-UHFFFAOYSA-N,CCNc1ncc(C(=O)NC(C)(C)c2ncon2)cc1Cl
OCNT-2312992,YUDPHUQAJSBUDT-UHFFFAOYSA-N,CN(C)c1cc(C#N)cc(C(=O)N2CCC3C(CCCN3C3CC3)C2)c1
OCNT-2313019,WRAOZYOLOJSJKB-UHFFFAOYSA-N,O=c1c2nnn(C3CC3)c2ncn1Cc1cccc(Cl)c1
OCNT-2313031,RZFIMRUQWQTVLX-UHFFFAOYSA-N,O=C1CCN(C(=O)c2cccc(S(=O)(=O)N3CCCCCC3)c2)c2cnccc2N1
OCNT-2313046,IPBKBWMBTUWLTQ-UHFFFAOYSA-N,CCc1ccc(-c2nc(CN3CCC(N(C)S(C)(=O)=O)CC3)cs2)cc1
OCNT-2313067,BKMRUBBEUPJYLU-UHFFFAOYSA-N,CCC(C)(C)NC(=O)NCC1CCN(Cc2nc(C)c(C)o2)CC1
OCNT-2313094,WFTNCVLBOBLEGN-UONOGXRCSA-N,COCCn1nc2c(c1C(=O)N1CC(=O)Nc3ccccc3C1)C[C@H](C)O[C@@H]2C
OCNT-2313099,XMGSKHFJBUJBTI-UHFFFAOYSA-N,COc1ccc(OC)c(C(=O)Nc2nccnc2C2CC2)c1
OCNT-2313103,WNBIMBZYKXPHFP-UHFFFAOYSA-N,CCn1cccc(NC(=O)N2CCCC(C(C)C)CC2)c1=O
OCNT-2313107,OXSKBKVLTNYZJZ-UHFFFAOYSA-N,NS(=O)(=O)c1sccc1CNC1Cc2ccc(Cl)cc2C1
OCNT-2313120,HNPLJDLBILRTDZ-UHFFFAOYSA-N,Cc1cccc(Cn2nccc2NC(=O)c2cnc3snc(C)c3c2)c1
OCNT-2313133,DMKVLYVYLQRBKM-UHFFFAOYSA-N,CCC(OC)C(=O)N(C)C(C)c1cccc(-c2nn[nH]n2)c1
OCNT-2313145,BLHIRVBNLSHBMK-UHFFFAOYSA-N,OCC(F)(F)CN1CCN(c2nc3ccccc3n3cncc23)CC1
OCNT-2313174,KUEFKGHTPSBWEL-UHFFFAOYSA-N,CC(C)N(Cc1nc2ccccc2c(=O)[nH]1)C(=O)Cc1cccc(C(F)(F)F)c1
OCNT-2313175,BQFFKKCJFAURMU-UHFFFAOYSA-N,COc1ccc(Nc2nc(C(=O)NC(C)c3cccc(N4CCNC4=O)c3)cs2)cc1
OCNT-2313198,JOBIHDLHMORTRY-UHFFFAOYSA-N,O=C(NCC1CCC2(CCOCC2)O1)c1coc(-c2ccccc2)n1
OCNT-2313211,LYSMXLVEIFJYBM-SJORKVTESA-N,Cc1n[nH]c(C)c1CC(=O)N[C@H]1CN(CC(F)(F)F)C[C@@H]1c1ccccc1
OCNT-2313243,JTRQTLSPUXJTCE-UHFFFAOYSA-N,O=C(Nc1cnc2c(F)cccc2c1)c1ccc(-n2cnnc2)cc1
OCNT-2313255,FSRWABFDKDBIDA-UHFFFAOYSA-N,Cc1cnn(C2CCN(C(=O)c3sc4ncccc4c3N)C2)c1
OCNT-2313271,LDIZCMIHDANSED-UHFFFAOYSA-M,CC(C)C1(C(=O)[O-])CC1C(=O)NC(C)(C)Cc1ccc(C#N)cc1
OCNT-2313287,PSPNJHJLCZRMIA-UHFFFAOYSA-N,Cc1nnccc1NC(=O)NCc1cc(C(F)(F)F)nn1C
OCNT-2313300,AMGUHAQZHHPZGU-UHFFFAOYSA-N,CCc1[nH]ccc1C(=O)Nc1ccc(-n2ccnc2)cc1
OCNT-2313314,RTATWVVYZGOVFV-UHFFFAOYSA-N,CC(C)(CNC(=O)c1cc[nH]c(=O)c1)Sc1ccc(Br)cc1
OCNT-2313326,FYIVOYFZRCZICX-UHFFFAOYSA-N,CC(C)n1ncc2cc(NC(=O)c3cn(Cc4cccc(F)c4)nn3)ccc21
OCNT-2313366,RCUPFXKTPISMDD-UHFFFAOYSA-N,Cc1nc(N2CCc3ccc(F)cc32)c2cnn(C)c2n1
OCNT-2313374,OFYRXFGVIZMXNC-UHFFFAOYSA-N,NC(=O)c1cccc(NC(=O)NCC2C3CC4CC(C3)CC2C4)c1
OCNT-2313386,OSXYWHPJKFSHBZ-UHFFFAOYSA-N,COc1ccc(CNC(=O)CNC(=O)CCCc2c[nH]c3ccccc23)cc1
OCNT-2313393,JTFCFWFAKZPANV-UHFFFAOYSA-N,NC(=O)c1cn(CC(=O)N2CCC(c3ccco3)C2)c2ccccc12
OCNT-2313401,CFKFIYOZBUCKGU-UHFFFAOYSA-N,NC(=O)c1cc(N2CC(Cc3ccc(Br)cc3)C2)ncn1
OCNT-2313421,UEZFUSJYOQQFGV-UHFFFAOYSA-N,Cn1nc(NC(=O)CNC(=O)c2ccc(Br)cc2)cc1C1CC1
OCNT-2313433,QSCFSMUONJJUJB-UHFFFAOYSA-N,Clc1ccc(NCC2CCCN(c3ncnc4nc[nH]c34)C2)cc1
OCNT-2313460,PPLFVYMZLYWYGR-UHFFFAOYSA-N,CC(CO)(CNc1ncnc2sccc12)Cc1cccs1
OCNT-2313504,RUWDIHYCVZUURS-UHFFFAOYSA-N,c1cnc2ccc(CNc3ncnc4sccc34)cc2c1
OCNT-2313509,YTUXANBXYDOALA-UHFFFAOYSA-N,CC(=O)NC1CCN(C(=O)NCCc2nc3c(s2)CCCC3)C1
OCNT-2313515,AMFIZLVJCNIIFQ-UHFFFAOYSA-N,CC1(C)OCCC1Nc1nc2c(cnn2-c2ccccc2)c(=O)[nH]1
OCNT-2313521,KAIWQGPNSLOCDD-UHFFFAOYSA-N,COCCNCC(=O)Nc1ncc(Cc2ccc(C(F)(F)F)cc2)s1
OCNT-2313522,NXAQFXFUPZLHKK-UHFFFAOYSA-N,O=C(c1ccc2[nH]ccc2c1)N1CCC(c2c[nH]cn2)CC1
OCNT-2313532,DBEMDJCSEVHWPT-UHFFFAOYSA-N,O=C(Nc1ccnn1Cc1ccc(Cl)s1)c1ncoc1C1CC1
OCNT-2313558,OIPJIZBECNFXGT-UHFFFAOYSA-N,Cc1nnccc1NC(=O)NCCC1OCCc2ccccc21
OCNT-2313567,DHNZZMXDGCZABY-UHFFFAOYSA-N,Cn1cnc2c(C(=O)Nc3c[nH]nc3-c3ccccn3)ccnc21
OCNT-2313581,RJDNHGAQACJKRG-UHFFFAOYSA-N,Cc1ccc(C(CNC(=O)CNc2cccnc2)N(C)C)cc1
OCNT-2313639,UUDRQUDXXFGXLQ-UHFFFAOYSA-N,O=C(NCCOc1cccc(C(F)(F)F)n1)c1ccnc(NC(=O)C2CC2)c1
OCNT-2313642,GGXUBOXSDLLLRW-UHFFFAOYSA-N,Cn1nc(C(F)(F)F)cc1CNC(=O)c1ccnn1C1CCCC1
OCNT-2313643,YQHXRQUOFRLUFK-UHFFFAOYSA-N,O=C(CNC(=O)C1CC1)Nc1nc2ccccc2n1CCc1ccccn1
OCNT-2313645,FRCQMDKKZZBGTP-UHFFFAOYSA-N,O=C(NC1COc2cc(F)cc(F)c21)c1ccccc1OC(F)F
OCNT-2313652,CEMCKNGTJNXVBU-DNVCBOLYSA-N,Cc1ccccc1CC(=O)N[C@H]1c2ccccc2OC[C@H]1CO
OCNT-2313664,PDHFEWSJRAAGIE-GUYCJALGSA-N,O=C(NC1CC1)c1cccc(S(=O)(=O)N[C@]23CCC[C@H]2CNC3)c1
OCNT-2313666,SSOPMQGHWIWDLU-UHFFFAOYSA-N,O=C(NCC(F)(F)C1(O)CCCCC1)c1cnc2n1CCC2
OCNT-2313667,NWIQZCQGBSFWSR-UHFFFAOYSA-N,COc1cncc(NC(=O)N2CCN(C3CCCN(C)C3)CC2)c1
OCNT-2313671,WGKDQQWFANDLEP-UHFFFAOYSA-N,O=C(CN1C(=O)COc2ccc(Cl)cc21)N1CCC(c2ccco2)C1
OCNT-2313675,YDFOSAZBCLLMBO-UHFFFAOYSA-N,CC(=O)Nc1ccc(C(=O)Nc2ccc(NC(N)=O)cc2)cc1
OCNT-2313684,KTXGZAHGTOTYGL-UHFFFAOYSA-N,O=C(NCc1cnn2ccccc12)c1cc2ccc(Cl)cc2[nH]1
OCNT-2313708,NDFPYBQHVQZPMN-UHFFFAOYSA-N,CCCc1cc(C(=O)NCC2CCC3(CCOCC3)O2)cc(=O)[nH]1
OCNT-2313710,BIFLDVCMWKAYEW-UHFFFAOYSA-N,Cc1cccc2oc(C(=O)N3Cc4cnn(C)c4CC(C)(C)C3)cc12
OCNT-2313789,OORSXFVBXLFCHO-UHFFFAOYSA-N,O=c1c2c(-c3ccc(Cl)cc3)csc2ncn1CCC1CCNC1
OCNT-2313792,UFRFFDWQHAVRIU-UHFFFAOYSA-N,CC(C)(C)Cc1ncc(C(=O)Nc2cc3n(n2)CCCC3)s1
OCNT-2313804,UTFJVWIFVHWOCG-QMTHXVAHSA-N,C[C@H]1OCCO[C@H]1C(=O)Nc1cnn(-c2ccccc2)c1C(F)F
OCNT-2313808,MKQBWARPRLEMRM-UHFFFAOYSA-N,O=C(NCC1CCN1C1CCOCC1)c1csc(-c2ccoc2)n1
OCNT-2313826,OSJLPZDRGKVMAN-KBPBESRZSA-N,COC(=O)c1ccc(C(=O)N[C@H]2CC[C@H]2c2ccccc2)n1C
OCNT-2313839,GPJFIUFMOSAZGL-UHFFFAOYSA-N,O=C1CN(C(=O)NCc2ccc(OC(F)F)cn2)C2CCCCC2N1
OCNT-2313845,CEZWATQPKVMJIE-UHFFFAOYSA-N,Cc1cc(SCC(=O)Nc2ccc(N(C)C)cc2)nc2ccccc12
OCNT-2313867,XCJBZSLPRJLGAD-UHFFFAOYSA-N,Cc1ccc2c(C)cc(N3CCN(c4ccnc(C)n4)CC3)nc2c1
OCNT-2313871,LYIQMTLUFSULDO-UHFFFAOYSA-N,CC(C)Oc1ccc(S(C)(=O)=O)cc1C(=O)NCCN1CCN(c2ncccn2)CC1
OCNT-2313887,PEIDMFGKYSEABD-UHFFFAOYSA-N,CC(=O)Nc1cccc(NC2CCN(c3ccc(C)cc3)C2=O)c1
OCNT-2313897,QVFHSMGCYHVHEX-UHFFFAOYSA-N,COc1cccc(C(C)C(=O)N2CCc3nccc(O)c3C2)c1
OCNT-2313909,UZRQOSFDZJTFGF-UHFFFAOYSA-N,COc1cc(OC)c(S(=O)(=O)n2nc(C)cc2C)cc1S(=O)(=O)n1nc(C)cc1C
OCNT-2313910,LSRTWYOTIFENKS-UHFFFAOYSA-N,Cc1nc(-c2ccc(F)cc2)sc1C(C)NC(=O)C1CC(F)(F)CN1
OCNT-2313912,MFQUCJFOGBKLIU-UHFFFAOYSA-N,CCn1nc(COc2ccccc2)nc1-c1cc2n(n1)CCC2
OCNT-2313939,LCJHPXYBKAHYBP-YPMHNXCESA-N,COc1cn(C)c(C(=O)N[C@H]2C[C@@H]2c2ccc(F)cc2F)cc1=O
OCNT-2313944,NUKPHKXLLJXVFK-UHFFFAOYSA-N,CNC(=O)C1(C)CCN(C(=O)NCC(c2ccc(Cl)cc2Cl)c2c[nH]c3ccccc23)C1
OCNT-2313949,HYDMJJIQJHFVMR-UHFFFAOYSA-N,COCC1COCCN1C(=O)c1ncc2c(F)cccn12
OCNT-2313954,WGRJKHRILGAHPP-UHFFFAOYSA-N,CCc1nc2c(C(=O)N3CCCCC3c3cncn3C)ccnc2[nH]1
OCNT-2313984,CVPBNALLHHKCFW-UHFFFAOYSA-N,Cc1ccc(CC(C)(C)NCc2ccc3cc[nH]c3n2)cc1
OCNT-2314011,UXHPOOLMZAWLIS-UHFFFAOYSA-N,O=S(=O)(c1cccc(NCc2ccco2)n1)N1CCCC2CC21
OCNT-2314017,LEQSLZQFYHLUIU-UHFFFAOYSA-N,O=C(C1CCc2ncncc2C1)N1CCN(c2cccc(Cl)c2)CC1
OCNT-2314033,RJCXPEGJXBHJKB-UHFFFAOYSA-N,O=C(NCC1CCCCC1O)c1cc(=O)[nH]c2ccc(F)cc12
OCNT-2314036,GJSVSPJKICEEPA-UHFFFAOYSA-N,Cn1cc(C(=O)N2CCCC(c3nc(-c4ccc(F)cc4)no3)C2)c(=O)[nH]c1=O
OCNT-2314041,ZUYXKEDIFSQYBY-UHFFFAOYSA-N,Cn1cc(C2CCCCN2C(=O)c2cc3ccccc3[nH]c2=O)cn1
OCNT-2314054,VQVPXYROELRNLE-LBPRGKRZSA-N,C[C@H](Nc1cc(-c2ccccc2)nc2ncnn12)c1ccc(Cl)cn1
OCNT-2314062,NEGKAPWDJURIMH-UHFFFAOYSA-N,C#CCNS(=O)(=O)c1cccc(-c2nc(-c3ccc4[nH]ccc4c3)no2)c1
OCNT-2314067,BBVBTGGZKHONFX-UHFFFAOYSA-N,O=C(c1cc(-c2ccc3ccccc3c2)[nH]n1)N1CCC(n2cc(C3CC3)nn2)C1
OCNT-2314073,DIYUFBAIKTZZNR-UHFFFAOYSA-N,O=S(=O)(c1ccccc1F)N1CCN(Cc2cocn2)CC1
OCNT-2314074,GHSVIASTMJPJAL-UHFFFAOYSA-N,Cc1c(S(=O)(=O)N2CCCC(C)C2C(=O)O)oc2ccc(F)cc12
OCNT-2314127,ZWKPLPQOZQTTCU-WDEVSDKISA-N,N#Cc1cnc(N[C@@H]2CC(Cn3cccn3)C[C@H]2O)c(Cl)c1
OCNT-2314135,UHKMGEDTTFFMSI-UHFFFAOYSA-N,Cc1nn(C)cc1C(=O)Nc1ccc(Cc2ccncc2)cc1
OCNT-2314148,RVTZNVLWCXLJPL-UHFFFAOYSA-N,COc1cccc(CC(=O)N2CCC(c3ccccc3OC)C2)c1
OCNT-2314151,LXJKAAXWGFNAFK-UHFFFAOYSA-N,CCNc1ccc(NC(=O)C(F)(F)Cc2c(C)[nH]c3ccccc23)cn1
OCNT-2314172,VEUVBVWSGSYXGX-FZMZJTMJSA-N,C[C@H]1CC[C@@H](C(=O)O)N1S(=O)(=O)c1ccc(N2CCCC2=O)cc1
OCNT-2314176,ZERPZYBRMRUZEU-UHFFFAOYSA-N,FC(F)(F)COc1ccc(Cn2cc(Cn3ccnc3)nn2)cc1
OCNT-2314182,IVCDGKPHARCRJC-UHFFFAOYSA-N,COc1cccc(-c2ccc(CNC(=O)c3ccncn3)cc2)c1
OCNT-2314199,JATURAANLPDRKL-UHFFFAOYSA-N,NC(=O)c1ccccc1Oc1ccc(NC(=O)c2ccc3nc(C(F)(F)F)cn3c2)cc1
OCNT-2314210,MVNQOYNSBTYFJP-UHFFFAOYSA-N,Cc1nc(NCc2cc(F)c(Cl)cc2F)c2cnn(C)c2n1
OCNT-2314213,VLJKAMHQYUPXEX-UHFFFAOYSA-N,CC(CNC(=O)c1ccccc1Cn1cc(-c2cccc(Cl)c2)nn1)C(=O)OC(C)(C)C
OCNT-2314215,DIPOULUMVHFNBF-UHFFFAOYSA-N,COc1ccc2c(c1)CCCC2Cn1c(=O)[nH]c2cccnc2c1=O
OCNT-2314254,PNZYMSWQEYPOPA-UHFFFAOYSA-N,O=C(NCCN1CCc2sccc2C1)c1cc2ccccc2[nH]1
OCNT-2314266,VHVGLSGEIFKTCG-UHFFFAOYSA-N,Cc1cccc2cc(C(=O)Nc3cccc4c3CNCC4)nn12
OCNT-2314267,KLULEELEFHAFLA-UHFFFAOYSA-N,Cc1cc(-c2noc(C3CCCN3S(=O)(=O)c3cccs3)n2)ccc1O
OCNT-2314275,UOAZSMRAKRPPSF-UHFFFAOYSA-N,CN(C)CC(CNc1ccnc2nccn12)c1ccc(Cl)cc1
OCNT-2314279,NVQLRNPGJMCFJN-UHFFFAOYSA-N,CCc1cnc(NC(=O)N2CCc3cc(OC)c(OC)cc3C2)s1
OCNT-2314283,LKHLFUHYEJGOEG-UHFFFAOYSA-N,COc1cccc(CC(=O)N2CCN(C(=O)c3cnc4ccccc4c3)CC2)c1
OCNT-2314295,KFADPKUTZZVLIQ-OAHLLOKOSA-N,C[C@H](c1ccccc1)N(CC(N)=O)S(=O)(=O)c1cnn(-c2ccccc2)c1
OCNT-2314306,FAIPFRSDTGEWBZ-UHFFFAOYSA-N,CC(C)C1CN(C(=O)c2ccc(C#N)s2)c2ccccc2N1
OCNT-2314310,CRRWDCQIGUFMTL-UHFFFAOYSA-N,Cc1nc(-c2ccc3c(c2)CCN3C(=O)c2cccc(COc3ccccc3C(N)=O)c2)cs1
OCNT-2314321,WDVWPZGOCHWSJT-ZETCQYMHSA-N,C[C@H](NC(=O)Nc1nc2cc3c(cc2s1)OCO3)C(C)(C)O
OCNT-2314341,KBTGNWQIXXNKTI-UHFFFAOYSA-N,CC1(C)CC(c2ccccc2)CN1C(=O)c1cn[nH]c(=O)c1
OCNT-2314354,MILIOGNESIKGOH-UHFFFAOYSA-N,O=C(NCC1CC2(CCNCC2)CO1)c1ccnc2[nH]ccc12
OCNT-2314381,AVLOASHADGUSOL-UHFFFAOYSA-N,Cn1cc(CN(CC2CCc3ccccc32)c2nccc(C#N)n2)cn1
OCNT-2314387,ZPNRFLVQUATPER-UHFFFAOYSA-N,O=C(c1cc(F)cnc1O)N1CCC(Cc2cccc(F)c2)CC1
OCNT-2314397,UAHSWNYRQYPIEV-UHFFFAOYSA-N,CC1CCc2n[nH]cc2C1c1nc(C2COc3ccccc3O2)no1
OCNT-2314402,XTZRHLYNKPNFJU-UHFFFAOYSA-N,COc1ccccc1NC(=O)Nc1ccn(Cc2cccnc2)n1
OCNT-2314405,BFEUJJDBPNVUAZ-UHFFFAOYSA-N,Cn1cc(NC(=O)Cc2ccc(C3CCC3)cc2)c(-c2ccccn2)n1
OCNT-2314433,PDCGVJNVWODTOB-UHFFFAOYSA-N,Cc1cc(C)c(C#N)c(NCc2ccc3c(c2)CNC3)n1
OCNT-2314454,XXQZZAVTJKDDAX-UHFFFAOYSA-N,COc1ccc(OC(F)F)c(CNC(=O)c2n[nH]c3nc[nH]c(=O)c23)c1
OCNT-2314482,SCENQOKIKYBZGN-UHFFFAOYSA-N,O=C(Nc1cnc2cccnn12)c1cc(C2CC2)nc2ccc(F)cc12
OCNT-2314502,UPDFXVMQTKYTKC-UHFFFAOYSA-N,O=c1[nH]c(CSc2nc3cc(OC(F)F)ccc3[nH]2)nc2c1cnn2-c1ccccc1
OCNT-2314524,LQVTYUIEGKMZHO-UHFFFAOYSA-N,Cc1cc(-c2nc(C3CC3)no2)ccc1NC(=O)C1CCCN1C(=O)C(C)C
OCNT-2314537,DSQFTSWIPOKTPP-UHFFFAOYSA-N,O=C(NC1CCN(c2ccccc2)C1=O)c1ccc(CN2C(=O)CCC2=O)cc1
OCNT-2314539,CDMXNTHBKPPMIJ-INIZCTEOSA-N,CCc1cc(C(=O)N2CCC[C@H](NC(=O)Cc3n[nH]c4ccccc34)C2)oc1CC
OCNT-2314547,LATOOSZSOUGHJE-UHFFFAOYSA-N,CNC(=O)NC1CCCN(C(=O)CSc2nc3ccccc3s2)C1
OCNT-2314559,BRLCJROZNOOQAY-UHFFFAOYSA-N,CN(CC1CN(c2nc(-c3ccccc3)c3ccccc3n2)CCO1)c1cccnn1
OCNT-2314574,VMMAOGVIBOQCRR-UHFFFAOYSA-N,NS(=O)(=O)CC1CCCN(C(=O)c2cnc3ccccc3n2)C1
OCNT-2314575,LOQPWSNDFNSRCO-YOEHRIQHSA-N,COc1cccc([C@@H]2C[C@H]2CNC(=O)N2CC(N3CCCC3=O)C2)c1
OCNT-2314586,SMPWASMRDISMMM-INSVYWFGSA-N,CC(=O)N1Cc2ccccc2C[C@H]1C(=O)N(C)CCC(C)O
OCNT-2314588,SGAGKBYBXBBBFW-UHFFFAOYSA-N,Fc1ccc(CC2(CNCc3c[nH]nc3-c3cccnc3)CC2)cc1
OCNT-2314592,QKNOSEMAOFCOMM-UHFFFAOYSA-N,CNC(=O)CC(C)NCc1nnn(-c2ccccc2)c1C1CC1
OCNT-2314609,RASBLIZWRZHKCZ-ZDUSSCGKSA-N,Cc1cc(CNC(=O)N[C@H]2CC2(C)C)nc(N2CCCC2)n1
OCNT-2314616,HUIABVFTVYHWJJ-UHFFFAOYSA-N,Cc1ncc(S(=O)(=O)NCCN2CC=C(C(C)(C)C)CC2)cc1C#N
OCNT-2314630,LSLIEHCSXLSEBB-UHFFFAOYSA-N,CC1(C)CN(c2nc(-c3ccccn3)nc3sccc23)CCN1
OCNT-2314632,LAXFUTMBNOBLAP-UHFFFAOYSA-N,COC1(C(F)(F)F)CN(C(=O)c2cnn3cc(C)cnc23)C1
OCNT-2314682,PHJZMKYHWKGXEO-UHFFFAOYSA-N,Cn1c(CN2CCC(C3CCOC3)C2)nc2cc(C(F)(F)F)ccc21
OCNT-2314683,GKYGLOCHFIRIIR-UHFFFAOYSA-N,Cc1noc2nc(C3CC3)cc(-c3nc(-c4ccc5c(c4)CCO5)no3)c12
OCNT-2314705,PALLJXRWIIGYCG-UHFFFAOYSA-N,CCn1cnc2c(N3CCOCC3)nc(N3CCC(C)C3)nc21
OCNT-2314706,QXPYQRMVAGAKQV-UHFFFAOYSA-N,Cc1ccnc(COC(=O)Cc2csc3ccc(Br)cc23)n1
OCNT-2314724,RXXQUZGRACSXLB-UHFFFAOYSA-N,CC1CN(C(=O)C2CCc3nncn3C2)c2ccccc2O1
OCNT-2314726,USHNZYKNXBMNCZ-UHFFFAOYSA-N,CC(CN1CCN(C)CC1)NC(=O)NC1CCCN(c2ccccc2F)C1=O
OCNT-2314744,RDICYFQRZMFODS-MFKMUULPSA-N,O=S(=O)(N[C@H]1C[C@@H]1c1ccc(Cl)c(F)c1)c1cnn2c1CNCC2
OCNT-2314750,HDZXPBGQDAEJGU-UHFFFAOYSA-N,CN(CC(F)(F)F)C1CCN(C(=O)C2(F)CCCNC2)CC1
OCNT-2314759,YWMOZLLJWDAVMV-UHFFFAOYSA-N,O=C(NCC1(c2ccc(Cl)cc2)CCC1)NCC1(N2CCOCC2)CC1
OCNT-2314770,CVYZOTQELJXXRO-UHFFFAOYSA-N,CC(C)c1nsc(CN2CC34CCCCC3(CN(C)C4)C2)n1
OCNT-2314796,QWGZRNQOLUAEIB-UHFFFAOYSA-N,Fc1ccc(C(CNC2CCN(c3ccc4c(c3)OCO4)CC2)N2CCCC2)cc1
OCNT-2314805,OWUMXLCYZSGLOQ-UHFFFAOYSA-N,CCNC(=O)c1ccc(CNC(=O)CN(C(=O)CC2OCCc3ccsc32)C2CC2)cc1
OCNT-2314816,UVTFRJCSVXDRSZ-UHFFFAOYSA-N,CCc1ncnc(NCc2ccc3c(n2)CCCC3)c1F
OCNT-2314820,YDZMNLGKLZGCSU-UHFFFAOYSA-N,CC(C)Cc1ccc(-c2nc(-c3cc4c([nH]c3=O)CCNC4)no2)cc1
OCNT-2314853,PUEJSMDTGQUQIA-UHFFFAOYSA-N,COc1cccc(C(CNc2nc(C)c3ccccc3n2)N(C)C)c1
OCNT-2314859,GTHFTMXIWHJARY-UHFFFAOYSA-N,N#Cc1ccc(C(F)(F)F)nc1NCc1cccc(COCC2CCCO2)c1
OCNT-2314864,IZSWTCQKDZJSHD-UHFFFAOYSA-N,O=C(NCc1ccc(-n2cnc3ccccc32)cc1)c1cc2cnccc2[nH]1
OCNT-2314866,PUVFNUJBXLULQY-UHFFFAOYSA-N,O=C(Nc1ccnnc1)N1CCC(c2ccccc2F)C1
OCNT-2314875,KLXUZEOQTNJRRF-UHFFFAOYSA-N,CC(c1ccccn1)N(C)C(=O)c1nc2cc(Br)c(F)cc2[nH]1
OCNT-2314895,KNTPHJCKWPHKJW-UHFFFAOYSA-N,O=C(Nc1ccc(S(=O)(=O)Nc2nccs2)cc1)c1ccc(Cl)cc1Cl
OCNT-2314899,NZQDVNRULUOBED-UHFFFAOYSA-N,CC(NC(=O)c1cccc(F)c1CNC(=O)OC(C)(C)C)c1cccc(OC(F)F)c1
OCNT-2314929,WYRQUHYUCVJXLF-UHFFFAOYSA-N,Cc1ccc(NCc2ncnn2CC(C)C)cc1C(=O)NC(C)C
OCNT-2314960,CTBCAGWGSNTRHE-UHFFFAOYSA-N,CN1CCCCC1C(=O)NCCNc1ncc(Cl)cc1Cl
OCNT-2314992,ZBKBXXMIEOKEDU-UHFFFAOYSA-N,CCn1cc(NC(=O)c2ccc3cc(C)ccc3n2)cn1
OCNT-2314993,PHELUAMDTXQCHI-UHFFFAOYSA-N,O=C(NC1(C(=O)N2CCc3n[nH]c(=O)cc3C2)CCCC1)c1ccc2[nH]ncc2c1
OCNT-2315001,BXAIWANBKAGJGC-UHFFFAOYSA-N,CC(NC(=O)C1=Cc2ccccc2OC1)c1ccccc1
OCNT-2315007,KPZHOTAFRDKLBB-UHFFFAOYSA-N,CC(C)C(NC(=O)c1ccc(-c2cn[nH]c2)cn1)c1cnn(C)c1
OCNT-2315036,BUVFEHNROMUBNS-UHFFFAOYSA-N,CC(CN1CCN(c2ccccn2)CC1)NC(=O)c1c2c(nn1C)CCCC2
OCNT-2315050,VXFXFMMWFUFBAR-JOCQHMNTSA-N,O=C(Nc1n[nH]cc1C1CC1)[C@H]1CC[C@H](Nc2ncccn2)CC1
OCNT-2315056,LBCJOUUDNYKSSR-KRWDZBQOSA-N,Cc1cc2cc(C(=O)N3Cc4ccccc4C[C@H]3C(N)=O)oc2cc1C
OCNT-2315079,YCHNKCQNPQJYSD-UHFFFAOYSA-N,CC1CCCN(CC(C)NC(=O)NCc2ccnc(-n3cccn3)c2)C1
OCNT-2315082,WCQPNTIVTWMJSZ-UHFFFAOYSA-N,NC(=O)CN1CCc2ccc(NC(=O)c3cnc4ccc(F)cc4c3)cc2C1
OCNT-2315103,FWQGELGUVIJUCC-UHFFFAOYSA-N,COCc1cccc(CC(=O)N2CCC(c3nccc(C)n3)CC2)c1
OCNT-2315126,VJHDBUJUYUPJJI-UHFFFAOYSA-N,Cc1cc(NC(=O)c2ccc(Cl)c3cccnc23)n(C)n1
OCNT-2315131,FDGLXIWOBFIFIJ-UHFFFAOYSA-N,COc1cncc(C(=O)NC(c2ccccc2)c2cccc(S(C)(=O)=O)c2)n1
OCNT-2315133,AHQNKQQOLTVRAI-UHFFFAOYSA-N,CCc1nn(C)c(CC)c1CN1CCCC1c1cccnc1
OCNT-2315149,YCVRUZSBJRNHDW-VQIMIIECSA-N,O=C(c1n[nH]c2c1C[C@H]1C[C@@H]21)N1CC=C(c2cccc3ccccc23)CC1
OCNT-2315153,FEROKVSYPLWBAJ-UHFFFAOYSA-N,Cc1ccc(OCC(=O)N2CCN(C(=O)c3coc4c3COC4)CC2)cc1
OCNT-2315165,PJVFRSPLCNBIGM-UHFFFAOYSA-N,COC(=O)C1CCn2c(Cc3cn4ccsc4n3)nnc2C1
OCNT-2315172,SUGLTFAJWIOHPU-UHFFFAOYSA-N,CCNS(=O)(=O)c1ccc2c(c1)N(C(=O)C1CCc3cccnc31)CC2
OCNT-2315178,NMGBMHHLXGGQSX-UHFFFAOYSA-N,COc1ccccc1N1CCC(NC(=O)Cc2cc(F)ccc2F)C1=O
OCNT-2315186,MVVQOOQOXKXXNX-UHFFFAOYSA-N,CC(NC(=O)c1ccc(C(F)(F)F)cc1N1CCCC1)c1nc[nH]n1
OCNT-2315195,NMOWDWMKIBNABG-UHFFFAOYSA-N,COc1ccc(CCNC(=O)Cn2c(=O)oc3cc(Cl)ccc32)cc1OC
OCNT-2315200,XDSNDYXIMICPRR-UHFFFAOYSA-N,Cc1ccc(-c2ccc(C#N)s2)cc1NC(=O)NCc1ccc(C(=O)N2CCN(C)CC2)cc1
OCNT-2315201,FLSQQEOSBFMSDU-UHFFFAOYSA-N,COc1ccccc1CC(C)N(C)c1ccnc2c1c(C)nn2C
OCNT-2315213,DGRCPXUHDLNDFW-NSHDSACASA-N,C[C@H]1C(=O)NCCCN1C(=O)c1cnc(-c2ccccc2)s1
OCNT-2315226,HRGHCIWBUYKSCA-UHFFFAOYSA-N,Cc1ccc(F)c2oc(C(=O)NCC3CCC34CCOCC4)cc12
OCNT-2315252,WXHNIZSHBMNFPP-UHFFFAOYSA-N,COc1cccc(OCCNC(=O)Nc2cc(-c3cccnc3)ccc2C)c1
OCNT-2315259,FKGZTTKABGMFKO-UHFFFAOYSA-N,Cc1cc(Cl)ccc1Cc1noc(Cc2ccc(O)cc2)n1
OCNT-2315263,MZFRIUHVVSLKNK-UHFFFAOYSA-N,O=C(NC(c1ccccn1)C1CCC1)c1nn[nH]c1-c1ccccc1
OCNT-2315296,HZJWQJHQWQCMTO-UHFFFAOYSA-N,COC(=O)c1ccc(C(=O)Nc2nc(-c3ccccc3C)cs2)c(F)c1
OCNT-2315308,LKYSPIBWGJDZSC-RDJZCZTQSA-N,Cc1ccncc1CC(=O)N[C@H]1Cc2ccccc2[C@@H]1O
OCNT-2315329,RASGZHDTHAJHKS-UHFFFAOYSA-N,Cc1cc(C2CC2)nc(NC(=O)c2nc3ccccc3cc2C2CC2)n1
OCNT-2315331,NVIPJYUDRHGQJO-UHFFFAOYSA-N,Cc1oc(-c2ccccc2)nc1Cc1nc(Cc2ccon2)no1
OCNT-2315333,CJHXDOWULUIHLK-UHFFFAOYSA-N,COc1ccc(NS(=O)(=O)c2cc(Cl)c(NC(C)=O)cc2F)cc1-n1nnnc1C
OCNT-2315338,DJMHLIDBQJJDOT-UHFFFAOYSA-N,Cc1noc2ncc(S(=O)(=O)NC3C4CCc5ccccc5C43)cc12
OCNT-2315342,AJLGKZFVBQWOMF-UHFFFAOYSA-N,O=S1(=O)CCCN1C1CCN(c2ncnc3ccsc23)CC1
OCNT-2315349,WFVSDBTXMRGQAP-UHFFFAOYSA-N,CC(Nc1ncnc2[nH]ccc12)c1ccc(OCc2cccnc2)cc1
OCNT-2315363,YBMMVWJJHJIUIW-ZIAGYGMSSA-N,CO[C@@H]1CCOC[C@H]1NC(=O)Cc1coc2cc(Cl)ccc12
OCNT-2315371,YVQWEUNHKAAVOA-UHFFFAOYSA-N,CC(=O)Nc1cc(S(=O)(=O)NC2CCC(C(N)=O)CC2)ccc1C
OCNT-2315417,FQTOHOCJEYDRRG-UHFFFAOYSA-N,CS(=O)(=O)Cc1ccc(C(=O)NCC2CCN(Cc3cccs3)CC2)o1
OCNT-2315433,KBOZBGOGXVJYQF-BRQZFJGMSA-N,CC(O)CN1CCC(CN(C)C(=O)[C@H]2C[C@@H]2c2cccc(Cl)c2)CC1
OCNT-2315444,LINUEMAWVXHAKO-CRAIPNDOSA-N,O=C(c1ccc(NCCn2ccnc2)cc1)N1CC[C@H]2CCC[C@H]21
OCNT-2315460,FROSMHXGVUTODR-UHFFFAOYSA-N,CN1CC(c2ccnc(N(C)C)n2)C2(C1)CN(C(=O)CCc1ccccc1O)C2
OCNT-2315505,HLRHRWSRSVLASR-UHFFFAOYSA-N,Fc1ccc(-c2n[nH]cc2CN2CCC(c3c[nH]c4ncccc34)CC2)cc1
OCNT-2315508,UERZMAGKKQJDCW-UHFFFAOYSA-N,Cc1nc2ccc(NC(=O)c3ccc(C(=O)N4CCOCC4)cc3)cn2n1
OCNT-2315514,IUZLYQRADKSHLN-UHFFFAOYSA-N,CCc1nc2ccccc2c(C(=O)N2CCN(c3cc(OC)ncn3)CC2)c1C
OCNT-2315543,GHBJCJPSHWBOJK-UHFFFAOYSA-N,Cc1ccnc2ccc(-c3ccc(N4CCC(O)C4)cc3)cc12
OCNT-2315568,GCZWMXIZJQSSJV-UHFFFAOYSA-N,FC(F)(F)c1ccc(-n2cc(C3CCCCN3)nn2)cc1
OCNT-2315583,HYJXGOGSQCUIGI-UHFFFAOYSA-N,O=C(NC1CCOC2(CCCC2)C1)c1csc(Nc2ccccn2)n1
OCNT-2315589,QAWOQFIMBHMFMT-UHFFFAOYSA-N,O=S(=O)(Nc1ccc(F)c(Cl)c1)c1cnc2ccccc2c1
OCNT-2315610,RUAGYLLVGYPLQJ-UHFFFAOYSA-N,NC(=O)c1ccc2[nH]c(NC(=O)c3csc(NC4CC4)n3)nc2c1
OCNT-2315611,GRHXBVIMQMYABG-UHFFFAOYSA-N,Cc1ccc(CNC(=O)c2cc(-c3ccccc3)no2)c(=O)n1C
OCNT-2315615,PERIRYDITADLRX-UHFFFAOYSA-N,O=C(c1ccc2oc(=O)[nH]c2c1)N1CCOCC12CCCCC2
OCNT-2315618,OQNXHUMGKSWJDA-UHFFFAOYSA-N,COc1cc(COC(=O)c2ccnc3[nH]ccc23)ccc1Cl
OCNT-2315621,DUVALDLJIYQNBJ-UHFFFAOYSA-N,COC1(c2ccnn2C)CN(c2ncnc3scc(C)c23)C1
OCNT-2315654,OLJFNVZJUWIQBA-UHFFFAOYSA-N,O=C(Nc1ccnn1C1CCC1)N1CCC(N2CCNCC2)C1
OCNT-2315684,PDLOAELCEZJLJG-UHFFFAOYSA-N,Cn1cnnc1C1CCN(C(=O)C2COc3ccc(Cl)cc3C2)C1
OCNT-2315688,QJHGNLFVGCRXSJ-CQSZACIVSA-N,O=C(CCn1ccc2cc(Cl)ccc21)NC[C@H]1CCCC(=O)N1
OCNT-2315690,CCOWGWCBXJNVNW-UHFFFAOYSA-N,O=C(Nc1cnn(Cc2ccccc2)c1)C1Cc2ccccc2O1
OCNT-2315702,SLSYBPBKTDBVFO-UHFFFAOYSA-N,O=C(Nc1ccn(CC(=O)N2CCOCC2)n1)c1ccnc(OCC(F)F)c1
OCNT-2315727,BKVJWZUCLLNQBZ-UHFFFAOYSA-N,CC1CC2CCC(C(=O)NCc3nc(C(C)C)cs3)CN2C1
OCNT-2315765,RNTOIGRBODRYSF-UHFFFAOYSA-N,Cc1cc(C(N)=O)ccc1NC(=O)N1CCc2[nH]c3c(Cl)cc(Cl)cc3c2C1
OCNT-2315778,MHUIEAVAYPDUIK-UHFFFAOYSA-N,CC(Cc1ccc(O)cc1)NC(=O)N1CCc2cc(Cl)ccc2C1
OCNT-2315779,VTXNZXOBDCSWOG-UHFFFAOYSA-N,CN1CCN(c2ncccc2CNc2nc3cc([N+](=O)[O-])ccc3[nH]2)CC1
OCNT-2315780,ZUWJKCQLZRWURZ-UHFFFAOYSA-N,O=C(Nc1cc(CC2CC2)nn1-c1ccccc1)N1CCCC(F)(F)CC1
OCNT-2315799,KSABBJQXOFJFMB-IEBWSBKVSA-N,Cn1ccnc1[C@@H]1OCCC[C@H]1NC(=O)CC(C1CCC1)C1CCC1
OCNT-2315832,RKIRNVHTEYUZIG-UHFFFAOYSA-N,COC1CCN(Cc2cn(Cc3ccccc3OC3CC3)nn2)CC1
OCNT-2315840,LAIDWRUPIKZGLH-UHFFFAOYSA-N,O=C(CCN1CCC2CCC(O)C1C2)Nc1ccccc1
OCNT-2315851,ABEXPSKBOVMHEU-UHFFFAOYSA-N,CN(C(=O)Nc1nc(C2CCOCC2)cs1)C1CCCC1C(C)(C)C
OCNT-2315865,GNYQIMZCLGCRDQ-UHFFFAOYSA-N,CCOc1ccc(CCC2CCN(c3cnn(C)c(=O)c3Cl)CC2)cc1
OCNT-2315870,COGRYNSHDIJCGF-UHFFFAOYSA-N,COCC1(C(=O)Nc2ccc(CC(=O)O)cc2)CCCCC1
OCNT-2315878,OAKQXSLAVRBBFO-UHFFFAOYSA-N,COC(=O)c1cnc(N2CCC(NC3CCOCC3)CC2)nc1
OCNT-2315893,NJWPFCZHUWORBI-UHFFFAOYSA-N,O=C(NCc1cnn(CCF)c1)C1(c2ccccc2)CCCO1
OCNT-2315895,XSYKQYURMSKXHU-UHFFFAOYSA-N,O=C(NC1CCN(CC2=CCCCC2)CC1)c1cccc(=O)[nH]1
OCNT-2315903,AUWZLAUAWCSWCW-UHFFFAOYSA-N,c1nc(N2CCNCC2)cnc1-c1noc(C2CC23CCCOC3)n1
OCNT-2315906,FJQDILFBCXCGIP-UHFFFAOYSA-N,COc1ccc(F)cc1C(=O)Nc1c[nH]nc1-c1nccs1
OCNT-2315908,WMYCJMKODWMDQF-UHFFFAOYSA-N,CC(C)(C(=O)N1CCCc2occc2C1)c1ccc(F)c(Cl)c1
OCNT-2315912,OCEJKASXGMZNKH-UHFFFAOYSA-N,COC1(c2noc(Cc3ccc(O)cc3C)n2)CCCC1
OCNT-2315934,FFOPUDGTPLZMOT-UHFFFAOYSA-N,CCNC(=O)N1CCc2ccc(NC(C)c3ccnn3C)cc21
OCNT-2315937,RVDWAGALOWZBAV-UHFFFAOYSA-N,Fc1ccc2ncnc(NC3CCN(c4cccnn4)CC3)c2c1
OCNT-2315945,BSDLDEUSTRLQEY-UHFFFAOYSA-N,CC(C)C(=O)N1CCCC1C(=O)Nc1cc2c(cc1F)NC(=O)CC2
OCNT-2315946,MIOSQEBNSUQYQJ-UHFFFAOYSA-N,c1cc(-c2cc[nH]n2)cc(-c2cncc(NC3CCNC3)n2)c1
OCNT-2315950,SQUDKELOJLLRRO-UHFFFAOYSA-N,CN1CCN(C(=O)c2c3ccc(Br)cc3nn2C)c2ccc(F)cc21
OCNT-2315965,OGVLLYXHLIYWNR-UHFFFAOYSA-N,CC(C)Cn1cccc(C(=O)Nc2nc3c(s2)CN(C)CC3)c1=O
OCNT-2315982,WSRRLCNILMYAGW-UHFFFAOYSA-N,Cc1sc(NC(=O)c2ccc(CN3CCCCC3=O)cc2)c(C(N)=O)c1C
OCNT-2315988,KDWINTKNCFXETQ-UHFFFAOYSA-N,Cc1cccc2c1sc(=O)n2CC(=O)N1CCCCC1C
OCNT-2315990,HDIABXPHKYTLHK-UHFFFAOYSA-N,CC(NC(=O)c1cnc(-c2cnccn2)s1)c1cccc(OCc2ccccn2)c1
OCNT-2315991,OXEBQHUGNKQHBU-UHFFFAOYSA-N,COc1cc(Cl)ccc1C(=O)N1CCC(c2c[nH]c3ncccc23)CC1
OCNT-2315992,PHMDDIHADNUCSF-HZPDHXFCSA-N,O=C(NCCc1c[nH]c2cc(F)ccc12)c1cn([C@@H]2CC[C@H]2O)nn1
OCNT-2315994,LQLLHNXDSQWNGR-UHFFFAOYSA-N,O=C(NCc1ccc(-n2ccnc2)c(F)c1)c1csc(-c2cnccn2)n1
OCNT-2316037,XGQFKAWKVLIBAF-UHFFFAOYSA-N,COc1ccc(C2CCCN2C(=O)c2csc(=O)[nH]2)cc1F
OCNT-2316049,WDWXLGUKGPSCJB-UHFFFAOYSA-N,O=C(c1cc2ccccc2oc1=O)N1CCN(C2CC2)c2ccccc21
OCNT-2316070,JGORGCVKTVDGCF-IYBDPMFKSA-N,CO[C@H]1C[C@@H](N(C)C(=O)c2cccc(Cn3ccnc3)c2)C1
OCNT-2316093,GGQJTMVJNYFFAV-UHFFFAOYSA-N,COc1ccc(C)cc1S(=O)(=O)NC1CC(C)(C)Oc2ccccc21
OCNT-2316110,XGAWENUTRCFJDI-CYBMUJFWSA-N,C[C@@H]1COCCN1Cc1cn(-c2cccc3cnccc23)nn1
OCNT-2316121,HBIXLLBPTHZDRI-UHFFFAOYSA-N,O=C(c1[nH]c2ccc(F)cc2c1Cl)N1CC=C(c2ccccc2)C1
OCNT-2316132,GUDHSXTUPPEPPK-UHFFFAOYSA-N,Cn1cc(NC(=O)c2cnn(CC3CC3)c2)c(-c2ccco2)n1
OCNT-2316141,NLJQZNHEMSUVFB-VQIMIIECSA-N,CC(C)(C(=O)NC[C@]12CCC[C@H]1OCC2)c1ccc2c(c1)OCO2
OCNT-2316170,WQSJTLOSKGORSG-UHFFFAOYSA-N,Cc1cc(CCC(=O)N2CCc3c(cnn3-c3ccccc3)C2)no1
OCNT-2316180,CLOQRBMETQXCIE-UHFFFAOYSA-N,c1ccc(-c2c[nH]c(C3CCCCN3c3nc(C4CC4)ns3)n2)cc1
OCNT-2316181,JMYYWDLLJQSPOB-UHFFFAOYSA-N,CCc1csc(NC(=O)NCCNc2ncc(Cl)cc2Cl)n1
OCNT-2316196,UPXQXMXYQKKYRX-UHFFFAOYSA-N,O=C1NCCN1CC1CCN(C(=O)c2cc3ccncc3s2)CC1
OCNT-2316204,IAUITTZWSOAVCK-UHFFFAOYSA-N,COCc1noc(CN2CCc3c(Br)cc(C)cc3C2)n1
OCNT-2316207,UDWPCCDEHUZNNF-UHFFFAOYSA-N,Cc1ccc(S(=O)(=O)CC(C)NC2CCC23CCCC3)cc1
OCNT-2316216,RUVPZLYIFRKSKE-UHFFFAOYSA-N,C=C(C)C1OCCC1CNC(=O)NC1CS(=O)(=O)c2ccccc21
OCNT-2316225,FAADDWZKJJDRAC-UHFFFAOYSA-N,Cc1cccnc1C(NC(=O)c1csc2cncn12)C(C)(C)C
OCNT-2316228,WXMVGDCAVYRQJH-DLBZAZTESA-N,CNc1ccc(C)cc1CN[C@H]1CCO[C@@H]1c1cnn(C)c1
OCNT-2316252,PQYPFFASSMZDMA-UHFFFAOYSA-N,NC(=O)CC1CCCN(C(=O)NC2CCCc3sccc32)C1
OCNT-2316255,TXHULZCABKAZOB-UHFFFAOYSA-N,CC(C)(NC(=O)C1CCN(c2ccc3nnnn3n2)CC1)c1cccs1
OCNT-2316270,FQIGRACDNIOPES-UHFFFAOYSA-N,Cn1nc(-c2nc(-c3ccc(C(F)(F)F)[nH]c3=O)no2)c2c1CCSC2
OCNT-2316287,SIPKZGGJKLNGKF-UHFFFAOYSA-N,c1ccc2c(c1)OCCC2CNc1ncnc2c1ncn2C1CC1
OCNT-2316305,ZQWNBUUGCZZBQG-UHFFFAOYSA-N,CCCN1CCN(C(=O)CCn2ccnc2)C(C)(C)C1=O
OCNT-2316311,GXYHSKJJUTYTCB-UHFFFAOYSA-N,Cc1cc2c(o1)CC(C)(C)CC2NC(=O)c1c[nH]c2ccccc2c1=O
OCNT-2316329,ZETLBFHKRJQWQU-UHFFFAOYSA-N,Cc1cc(CN2CCN(C(=O)c3cc4cccc(C)c4o3)CC2)no1
OCNT-2316339,GDDJOHRLSPNVNU-UHFFFAOYSA-N,Cc1nc2n(n1)CC(C(=O)NCCc1cc3ccccc3[nH]1)CC2
OCNT-2316344,ZOJWIUJADMWDPN-JKSUJKDBSA-N,O=C(N[C@H]1CCC[C@H]1n1ccnc1)c1ccc(N2CCNC2=O)cc1
OCNT-2316352,WRXFOSGHPGKFAY-UHFFFAOYSA-N,Cn1c(=O)[nH]c2ccc(C(=O)NC3CCC(c4ccc(F)cc4)C3)cc21
OCNT-2316354,MYIUSFVPFKJEDS-GXTWGEPZSA-N,COc1ccc(CN[C@H]2CN(C(=O)OC(C)(C)C)C[C@H]2O)cc1O
OCNT-2316397,MQCGWNQRZSSMDW-UHFFFAOYSA-N,CC(C)(Cc1ccc(O)cc1)C(=O)N1CCC(NS(C)(=O)=O)C1
OCNT-2316403,HIOCORNYUDAROQ-UHFFFAOYSA-N,CNc1ccc(C(=O)NC2CCN(c3ccc4nncn4n3)C2)cc1F
OCNT-2316436,MXKIROVYBHRNBM-UHFFFAOYSA-N,Cc1cc2cc[nH]c2cc1NC(=O)c1coc(C2CCOCC2)n1
OCNT-2316494,JPKNAFFCNYNTAM-UHFFFAOYSA-N,CC(=O)Nc1nc(C(=O)N2CC(C)(C)c3ccc(F)cc32)cs1
OCNT-2316516,ANRTUOAFXNQUJO-UHFFFAOYSA-N,CC1(c2noc(Cc3csc(-c4cccnc4)n3)n2)CCC1
OCNT-2316527,UNVBSCDOHAKYON-UHFFFAOYSA-N,O=C(Cc1ccc2ncsc2c1)N1CCC(NC2CCC2)CC1
OCNT-2316551,CNOXQHATWRFZGS-UHFFFAOYSA-N,COC(=O)CN1CCN(C2CCN(c3ccccc3F)C2=O)CC1
OCNT-2316555,RWYLVXALJMAJFG-UHFFFAOYSA-N,CC(CNC(=O)N(C)Cc1ccncc1)N1CCc2ccccc2C1
OCNT-2316557,UCGHBZIAFOPHKJ-UHFFFAOYSA-N,N#CCc1ccc(NC(=O)NC2(c3c(F)cccc3F)CCC2)c(Cl)c1
OCNT-2316612,RJMHLGGYHZCNAH-UHFFFAOYSA-N,COC1CCCN(c2ccnc3cc(OC(F)(F)F)ccc23)CC1
OCNT-2316619,MPCLHVLNOSGXLY-UHFFFAOYSA-N,CC1(Cc2ccc(C(F)F)cc2)CCCN1Cc1nnc2cccnn12
OCNT-2316633,XTRQCVSHVGEAGT-UHFFFAOYSA-N,Cc1c(C(=O)Nc2ccc(OC(F)(F)F)c(Cl)c2)nnn1-c1cccc2ncccc12
OCNT-2316662,GFEAUAXVPJUYQZ-MRXNPFEDSA-N,CC(C)COc1cccc(Cn2cc(CN3CCOC[C@H]3C)nn2)c1
OCNT-2316671,YEOSBNSNNIDEDA-UHFFFAOYSA-N,CN1CCc2ccc(NC(=O)c3ccc(-n4cnnn4)cc3)cc21
OCNT-2316691,KIEYDKIZZGRRKU-UHFFFAOYSA-N,CC(C)C1(C(=O)N2CCN(c3ccc4nncn4n3)CC2)COC1
OCNT-2316693,NOZNOJWPUJFYMU-UHFFFAOYSA-N,CC(COC1CCOC1)NC(=O)c1n[nH]c2ccc(Cl)cc12
OCNT-2316697,FMZDTWSZRNKGID-UHFFFAOYSA-M,COc1cccc(NC(=O)CC2(C(=O)[O-])CCC2)c1C
OCNT-2316726,IAPQKELLCZVBPB-UHFFFAOYSA-N,O=C(O)Cn1ccc(NC(=O)c2ccn(-c3cccc(F)c3)n2)n1
OCNT-2316738,ARBBCNULKSAECM-UHFFFAOYSA-N,COc1ccc(NC(=O)Nc2cc(C3CC3)n(C)n2)c2ccccc12
OCNT-2316749,WFGGFDOFVZDCKZ-UHFFFAOYSA-N,Cc1nnc(N(C)C(=O)c2c(Cl)cccc2OCC2CC2)s1
OCNT-2316765,XJRBRUYSMPGAIC-UHFFFAOYSA-N,CC1(C(=O)Nc2ccc(OC(F)F)c3ncccc23)CCNC(=O)C1
OCNT-2316766,BDQYOLWAPOQQPP-UHFFFAOYSA-N,Cc1ccc(S(C)(=O)=O)cc1C(=O)Nc1ccc(-n2cc(CO)nn2)cc1
OCNT-2316815,GPXQDQQBCYIEQW-UHFFFAOYSA-N,CCn1ncc(NC(=O)Cn2nc(C)c3cccnc32)c1C
OCNT-2316823,QCFYGHVLNYVDSM-UHFFFAOYSA-N,NS(=O)(=O)c1cccc(Cc2noc(-c3cc(C4CC4)on3)n2)c1
OCNT-2316832,DDCURYRYFVHMIV-HUUCEWRRSA-N,CCOc1ccc2ccccc2c1C(=O)N[C@@H]1CCOC[C@H]1O
OCNT-2316839,JZRPLMWWIVBQRB-UHFFFAOYSA-N,CSC(CO)C(C)NCC(O)Cn1c(-c2ccccc2)noc1=O
OCNT-2316848,STVYLEUNMSOYBO-UHFFFAOYSA-N,O=C(Nc1cccnc1C1CC1)c1cccc2c1OCCO2
OCNT-2316874,SZJSBHKXVHLSPM-UHFFFAOYSA-N,CC(C)(NCc1ccnc2[nH]ccc12)C(O)c1ccc(Br)cc1
OCNT-2316883,ZFXKUGZDRRZDIF-UHFFFAOYSA-N,Cc1ccc2[nH]cc(CCNC(=O)NC3CCC(F)(F)C3)c2c1
OCNT-2316890,YDVJSEIEXHHXLM-UHFFFAOYSA-N,Cc1ccc(S(=O)(=O)NC(=O)C2CCCN(C(C)C)C2)c(F)c1
OCNT-2316904,SVKGNUYZKALPQP-UHFFFAOYSA-N,Cc1cc(C(=O)N2CCC3(CCc4ccccc4O3)CC2)ccn1
OCNT-2316911,PLXLXZYCMPMUNV-UHFFFAOYSA-N,Cc1c(NC(=O)c2ccc(OC(F)F)nc2)cnn1C1CCCC1
OCNT-2316915,CCDKNPYYXSSWEW-YNODCEANSA-N,C[C@@H](NC(=O)NCC1CN(C)CCO1)c1ccc(F)cc1
OCNT-2316937,JLCNBMAIKIRJSZ-OAHLLOKOSA-N,CC[C@@H]1C(=O)NCCCN1C(=O)CN(C(C)=O)c1ccccc1
OCNT-2316947,GDCXYFNYLMNNOC-UHFFFAOYSA-N,COc1ccc(Cl)cc1C(O)CNC(=O)c1cccc2c1OCC2
OCNT-2316959,QCFAHERSFSXCNA-PREGVCBESA-N,CC1CCN(C(=O)[C@@H](O)Cc2ccccc2)CC1n1ccnc1
OCNT-2316976,XMGORMGYUQDAAL-UHFFFAOYSA-N,O=C(Nc1cccc(-c2cn[nH]c2)c1)c1cccc2c1OCO2
OCNT-2317002,LPKNBEGSMBPPJL-UHFFFAOYSA-N,Cc1cc(NC(=O)c2cc(C(F)(F)F)nn2C)ccc1OCCO
OCNT-2317014,ZBXAGLGMQFXFON-UHFFFAOYSA-N,O=C(NCc1noc(-c2cccc(F)c2)n1)c1ccnn1C1CCC1
OCNT-2317025,OCPSMTDXYDJWPR-UHFFFAOYSA-N,CC1c2ccccc2CCN1C(=O)NCCCn1cccn1
OCNT-2317039,NDVHKGFDQOULIT-LBPRGKRZSA-N,O=C(NCc1nc(-c2ccncc2)cs1)N1CCC[C@H]1C(F)F
OCNT-2317066,FDVDBGNSFJGCJV-UHFFFAOYSA-N,CCOc1ccccc1C(=O)N1CCCC1C(=O)N1Cc2nc(C)[nH]c(=O)c2C1
OCNT-2317068,DXEUVDBJOPEUPK-VPHXOMNUSA-N,Cc1cc(F)ccc1[C@H](C)n1cc(C2COCCN2)nn1
OCNT-2317070,BVSPVPUOGZRITE-UHFFFAOYSA-N,CN1CC(Nc2nc(-c3ccc(F)cc3)no2)CCC1=O
OCNT-2317086,ORIAPXGWHWRMEQ-UHFFFAOYSA-N,Cc1cccc(C(NC(=O)Cc2n[nH]c3c2CCCC3)C(=O)O)c1C
OCNT-2317105,WJZHHMLLNOOCCB-UHFFFAOYSA-N,CC(C(=O)N1CCCC1Cc1ccccc1)n1cncn1
OCNT-2317118,AQJAPFHFJNHFNT-UHFFFAOYSA-N,Cc1noc(C2CCN(C(=O)C3COc4ccccc43)CC2)n1
OCNT-2317123,JHJNVPMWROZEOJ-UHFFFAOYSA-N,O=C(Cc1ccccc1O)N1CCCN(C(=O)c2ccc(Cl)cc2)CC1
OCNT-2317148,PWRBFCMKSFQIPY-UHFFFAOYSA-N,CCCn1cc(CN2CCCN(c3ncnc4scc(C)c34)CC2)cn1
OCNT-2317170,YJOJLVRDJYKCNH-UHFFFAOYSA-N,Cn1cc(C(=O)NCC2CCN(c3ccncc3)CC2)c2ccccc21
OCNT-2317171,NGTSBRMBKVYBED-UHFFFAOYSA-N,Cc1nn(-c2ccccc2)c(C)c1CNc1cccc(OCC(N)=O)c1
OCNT-2317181,CGTNELINAFTBOA-UHFFFAOYSA-N,Cc1cc(C(F)(F)F)nc(N2CCN(CC(=O)Nc3ccc(F)cc3)CC2)n1
OCNT-2317204,QDQYRQVQOSZPRQ-UHFFFAOYSA-N,Cn1cnc2c(c1=O)CCN(C(=O)NC1CCCc3c(F)cc(Cl)cc31)C2
OCNT-2317207,SBRNEVNAKYTEQV-UHFFFAOYSA-N,Cc1cc(C(=O)NC2CCN(c3ccccn3)C2)ncn1
OCNT-2317216,LIVJZDMANQVUDP-UHFFFAOYSA-N,O=C(CCn1ccnn1)N1CCCC1CCc1ccccc1
OCNT-2317220,HYZUFGFQMUOIJF-UHFFFAOYSA-N,COc1ccc2[nH]cc(CC(=O)N3CCCC3C(=O)Nc3nccs3)c2c1
OCNT-2317252,UTTDKKQDHATASO-UHFFFAOYSA-N,Cc1cc(C(=O)NCc2cccnc2-n2ccnc2)c2c(C)noc2n1
OCNT-2317263,GZGKRCBJVUVISK-UHFFFAOYSA-N,CC(C)(C)n1cc(CN2CCC(C(=O)N3CCc4ccccc43)CC2)cn1
OCNT-2317281,RFABKPISPKENOC-UHFFFAOYSA-N,CC(C)(C)n1cc(C(=O)N2CCOc3cc(Cl)c(Cl)cc32)nn1
OCNT-2317282,WYQJUGXXFFDBFP-UHFFFAOYSA-N,COC(C)c1noc(CN2CCC(COc3ccccc3)CC2)n1
OCNT-2317285,ZYGIEWYSBUXBOA-UHFFFAOYSA-N,O=C(CCc1ccncc1)N1CCC(Cc2ccccc2)C1
OCNT-2317295,LWUJMSUADQVSHD-UHFFFAOYSA-N,O=C(O)CN(C1CCC1)S(=O)(=O)c1cccc2c1OCCO2
OCNT-2317316,HXTZWUVDAMAHMH-UHFFFAOYSA-N,O=C(c1cc(F)ccc1F)N1CCC(Cc2cccnc2)CC1
OCNT-2317331,JQXBWGKXKGRNEM-UHFFFAOYSA-N,CC1(C)CC(NC(=O)Nc2ccn(CC(F)(F)F)n2)c2ccccc21
OCNT-2317338,LUIQXOKUNHJUSI-UHFFFAOYSA-N,COC(=O)C1CCn2c(CCCOc3ccc(Cl)cc3C)nnc2C1
OCNT-2317340,UBQFGIHFQCAKOP-UHFFFAOYSA-N,O=C(CN1CCCS1(=O)=O)NCC1Cc2ccccc2O1
OCNT-2317346,GWBBYACWVZJDHF-UHFFFAOYSA-N,Cc1cc(-c2noc(C(C)N3CCC(C)C(n4ccnc4)C3)n2)ccc1F
OCNT-2317347,BYQXMJFFQMJEPC-UHFFFAOYSA-N,CS(=O)(=O)c1cccc(NC(=O)NCC2CCN(c3ccc(F)cc3)C2)c1
OCNT-2317363,BJXMAUKDMFDOBJ-UHFFFAOYSA-N,Cc1noc(C2CCCN(CCc3ccc(F)c(F)c3)C2)n1
OCNT-2317386,DLRFNZBVVYAGCE-UHFFFAOYSA-N,Cc1ccoc1C(=O)N1CCCCC1c1nc(-c2ccccc2)c[nH]1
OCNT-2317449,WPIPWESKVFABQC-UHFFFAOYSA-N,CC(O)(Cn1ccccc1=O)C(=O)N1CCc2ccc(Cl)cc2C1
OCNT-2317471,GJXZQMFHDZQUFG-STQMWFEESA-N,CCC1(C)CN(C(=O)NC[C@]23CNC[C@@]2(C(F)(F)F)C3)C1
OCNT-2317493,DOLLPRXGPWPBSF-UHFFFAOYSA-N,CC(C)(C)c1cc(Cn2cc(CN3Cc4ccccc4C3)nn2)no1
OCNT-2317505,NHUSIRABIVGDSH-UHFFFAOYSA-N,Cc1c(C(=O)N(C)Cc2ccc(F)c(Cl)c2)ccc2cncn12
OCNT-2317520,LTUCBBUWUBLJCT-UHFFFAOYSA-N,O=C(NC1CCN(c2cccnn2)CC1)N1CCc2c(F)ccc(F)c2C1
OCNT-2317521,VCCHGKDAEXTHKW-UHFFFAOYSA-N,O=C(Cn1cc(C(O)c2ccc(F)cc2)nn1)NC1CCCCC1
OCNT-2317589,PIDYXGYPPPDVSK-UHFFFAOYSA-N,O=C(NCC1CCOc2ccccc21)N1CCOC(c2ccccc2F)C1
OCNT-2317597,BRLQLLYRNCGYQA-UHFFFAOYSA-N,CC(C)c1nc(C(=O)N2CCC=C(F)C2)nn1-c1ccccc1F
OCNT-2317609,LAHOEQWHOHUDPV-XPUUQOCRSA-N,COc1c(C(=O)N[C@H]2C[C@H](C)S(=O)(=O)c3sccc32)[nH]c(=O)[nH]c1=O
OCNT-2317641,MWBQPWYUYIBGDJ-UHFFFAOYSA-N,Cc1nn(-c2ccccc2)cc1NCC(=O)N1CCC2(CC1)OCCO2
OCNT-2317654,YPMXQDDNHLQSDB-UHFFFAOYSA-N,CS(=O)(=O)c1ccc(C(O)CN2CCC(C(O)c3ccccc3)CC2)cc1
OCNT-2317655,PPBPKFPLNHJZQP-UHFFFAOYSA-N,COc1ccc(C)cc1S(=O)(=O)N1CC(O)CC1c1ccc(F)cc1
OCNT-2317667,XFLKWYMYPBGZDG-UHFFFAOYSA-N,Cn1ncc2c1CC(C(=O)N1CCN(c3cncc(F)c3)CC1)CC2
OCNT-2317671,TVFLKHRRTFZHMJ-UHFFFAOYSA-N,Nc1nnc(CCNC(=O)Nc2nc3c(s2)CCCC3)o1
OCNT-2317673,GFMXIBGNFZXSSH-AWEZNQCLSA-N,c1ccc(OC[C@@H]2CCCN2c2nccc3nccnc23)cc1
OCNT-2317690,NTFPMYZCRLAQNU-UHFFFAOYSA-N,O=C(CCc1ccccc1)N1CCCN(C(=O)C2COc3ccccc32)CC1
OCNT-2317717,NCTLRULTXWYPMC-UHFFFAOYSA-N,Cc1c[nH]c(-c2ccccc2NC(=O)c2cc(C(N)=O)co2)n1
OCNT-2317719,IWFPOYLMDJDZHA-CYBMUJFWSA-N,Cc1cccc(C)c1OCC(=O)N[C@H](Cc1c[nH]cn1)C(=O)O
OCNT-2317738,ZSNITEJMAJILMZ-UHFFFAOYSA-N,Brc1ccc(C2(CNC(c3cccnc3)c3ncc[nH]3)CCOCC2)cc1
OCNT-2317749,RXKVFHONEONTJU-UHFFFAOYSA-N,COc1ncc(C(=O)N2CCC2c2cccc(F)c2)cc1Cl
OCNT-2317750,BLSSOUSOURPNPD-UHFFFAOYSA-N,COCCC(=O)N1CCN(C(C)C(=O)N2CCCCC2)CC1
OCNT-2317761,JMXRCYKGNHZSPJ-UHFFFAOYSA-N,O=C(Nc1cccc(-c2cn[nH]c2)c1)c1cnc2cn[nH]c2c1
OCNT-2317762,YOAQHNSVDHIMRD-UHFFFAOYSA-N,Cc1nc(C2CN(c3nc4ccccc4n4cncc34)C2)n[nH]1
OCNT-2317811,RDGKSCRDHZDING-UHFFFAOYSA-N,COc1cc2c(cc1OC)CN(Cc1cc(C(F)(F)F)[nH]n1)CC2
OCNT-2317813,OVLHSAROUBUOGS-UHFFFAOYSA-N,CCc1nc(NCC2(O)CCC(F)(F)CC2)c2ccsc2n1
OCNT-2317818,CPILBGUKHQTHAL-UHFFFAOYSA-N,CCOc1ccc(CNC(=O)N2CCC(n3ccnc3)CC2)cc1
OCNT-2317832,OTSKWPLKWNHXNG-UHFFFAOYSA-N,Cc1oc2ccccc2c1C(=O)N1CCC(Cc2nc3ccccc3[nH]2)CC1
OCNT-2317846,UTVVBMSWJXFZIO-UHFFFAOYSA-N,CCNc1cc(CNC(=O)Nc2ccncc2C)ccn1
OCNT-2317868,LAFOGORSVWQSJI-UHFFFAOYSA-N,Cc1cnn(C2CCN(C(=O)c3cc(-c4ccccc4)no3)C2)c1
OCNT-2317887,CJFRLVSASAMBRI-UHFFFAOYSA-N,Cc1ccc(F)c2c1CCCN2C(=O)c1nc(-c2cnn(C)c2)oc1C
OCNT-2317895,CWBRZGJTIAQEGN-UHFFFAOYSA-N,CN(Cc1nccn1C(F)F)C(=O)NCC1(N2CCOCC2)CCCCC1
OCNT-2317916,OHJTXRFTXHDJSZ-UHFFFAOYSA-N,COc1ccc(NC(=O)CN2CCC(Cc3cccnc3)CC2)cc1OC
OCNT-2317931,LOCCFUQBAHYDIZ-UHFFFAOYSA-N,O=C(O)CC1(NC(=O)c2cc(-c3ccccc3)ns2)CCOCC1
OCNT-2317940,LCRMGOKGLDCROM-UHFFFAOYSA-N,CCn1ncc2c(=O)n(CC3CCC(c4ccccc4)CC3)cnc21
OCNT-2317951,HCERZQWQSYZVFX-AWEZNQCLSA-N,CN(C)C(=O)[C@@H]1CCCN1c1nc(-c2ccccc2C(F)(F)F)cs1
OCNT-2317954,AECHNCUKRVJPMR-UHFFFAOYSA-N,O=C(Nc1ncc(CCO)s1)c1cccc(Cn2ccnc2)c1
OCNT-2317968,JRLDABZBMFCURG-UHFFFAOYSA-N,CN(C)c1noc(CNC(=O)N2CCC(NC(=O)c3ccccc3)CC2)n1
OCNT-2317979,GDPHPXILXSNLGE-UHFFFAOYSA-N,CSc1cc2c(cc1NC(=O)N1CCCC3(CCOCC3)C1)OCCO2
OCNT-2317983,VRWZGQHEAVYSMP-UHFFFAOYSA-N,CC(Oc1ccccc1)c1nc(-c2ccccc2OC(F)(F)F)no1
OCNT-2317986,FHXLUKSIGDILGD-UHFFFAOYSA-N,Cc1cc(C)cc(Cc2noc(C(C)NS(C)(=O)=O)n2)c1
OCNT-2317990,GGVQQOGVQIQAAR-UHFFFAOYSA-N,COc1ncccc1C(=O)NC1(c2ccccc2F)CC1
OCNT-2318008,MZCSBMOLDFPPDR-UHFFFAOYSA-N,Cn1c(-c2nc(C3(c4ccc(F)cc4)CCC3)no2)cccc1=O
OCNT-2318014,XZUOPKZBRIBBTC-UHFFFAOYSA-N,Cc1cc(N2CCC(Nc3ccc(C(=O)NC4CCCC4)cc3C)C2=O)n(C)n1
OCNT-2318022,NGLQWYBBWZPWAG-UHFFFAOYSA-N,CNC(=O)c1ccc(CN(C)C(=O)NC2CCCN(c3cccc(F)c3)C2)cc1
OCNT-2318037,QGTCUSWJSRWNHW-UHFFFAOYSA-N,COc1ccc(C(=O)N2CCC(Cn3cncn3)CC2)cn1
OCNT-2318057,BAJXDLICMYECHQ-UHFFFAOYSA-N,Cc1cc(NC(=O)CCc2c[nH]nn2)cnc1N1CCCCC1C
OCNT-2318058,LHKPZQCRTJSJBZ-UHFFFAOYSA-N,O=C(OCc1ccccc1)N1CCN(c2cc(-c3ccccc3)nc3ncnn23)CC1
OCNT-2318059,LGBXJZIKTPOPEY-UHFFFAOYSA-N,CCOc1ccc(NS(=O)(=O)c2ccc(C)cc2C)cc1OCC
OCNT-2318060,BQDVZEIIVADUJR-UHFFFAOYSA-N,CC(=O)N1CCc2ccccc2C1CC(=O)NC1CCN(c2cc(C)nc(C)n2)CC1
OCNT-2318103,SFHLFNWOCGHDOA-UHFFFAOYSA-N,CC(C)c1nccc(N2CCN(c3cnccn3)C(C)C2)n1
OCNT-2318114,CHGWIMCJKOUHGM-UHFFFAOYSA-N,CC(CN1CCOCC1)NC(=O)c1cccnc1C(F)(F)F
OCNT-2318130,MVJRPLRVGMQACD-UHFFFAOYSA-N,O=C(Cc1cccc(F)c1)NCC(=O)N1CC=C(c2c[nH]c3ncccc23)CC1
OCNT-2318175,CLGIMEFNCIRTPK-UHFFFAOYSA-N,CN(Cc1cc2ccccc2[nH]1)C(=O)c1ccc(N2CCCC(C(N)=O)C2)cc1
OCNT-2318207,JGGPCIRSTZSSMU-UHFFFAOYSA-N,O=C1CC(c2ccccc2)N(Cc2cnnn2-c2ccccc2)CCN1
OCNT-2318242,ZHIHTRGKAIBXBP-UHFFFAOYSA-N,CC1(C)CN(S(=O)(=O)CCn2cnnn2)C1c1ccccc1
OCNT-2318243,FPLPOQIKBRHTGT-UHFFFAOYSA-N,O=C(c1cnn(-c2ccccc2)n1)N1CCc2ccncc21
OCNT-2318253,XDVGRJCMNYKMJE-DLBZAZTESA-N,COc1ccc(CN(C)C(=O)N[C@@H]2C[C@H]2c2ccc(F)cc2)cc1OC
OCNT-2318261,DYGIIYMCZAKMPG-UHFFFAOYSA-N,CC1(C)CN(c2cc(-c3ccccc3)nc3ncnn23)CC2(CCOC2)O1
OCNT-2318277,KSDJFGQHRCKMIH-OAHLLOKOSA-N,Cc1nn(-c2ccccn2)c(C)c1CNC[C@H]1CCCN1S(C)(=O)=O
OCNT-2318286,IWZLNPIFCWXPLP-UHFFFAOYSA-N,CC1(c2ccccc2)CCCN(C(=O)c2ccc(-c3nnn[nH]3)cn2)CC1
OCNT-2318290,ZQHUBTBJNOFDIR-UHFFFAOYSA-N,Cc1cnccc1OC1CCN(C(=O)NC2CCOC3(CCOCC3)C2)CC1
OCNT-2318294,WERKMJOGKJEZGI-UHFFFAOYSA-N,CC(C)c1ccc(OCC(=O)Nc2ccc(OC3COC3)cc2)cc1
OCNT-2318329,RNMDHLPABCGGFP-UHFFFAOYSA-N,O=C(CCN1CCOCC1)Nc1cccc(CNCc2c[nH]nc2-c2ccc3c(c2)OCO3)c1
OCNT-2318351,CCXULBUUIBWSSY-UHFFFAOYSA-N,O=C1CCCN1Cc1ccc(Nc2nccc(Oc3ccccc3)n2)cc1
OCNT-2318364,PEOQYHHOEUVRKO-UHFFFAOYSA-N,FC(F)(F)c1ncccc1-c1nc(-c2ccccn2)no1
OCNT-2318369,ZGVBQHVFIPSHHN-GOSISDBHSA-N,O=C(Cc1c[nH]c2cnccc12)NC[C@@H](O)CN1CCc2ccccc2C1
OCNT-2318394,JVVLSCNLUICXDH-UHFFFAOYSA-N,N#Cc1ccnnc1N1CCCC(c2c[nH]c3ncccc23)C1
OCNT-2318395,HIXHOKUXAQVXNT-UHFFFAOYSA-N,CC(C)(C)n1nc(C(=O)Nc2nc3ccc(S(C)(=O)=O)cc3s2)cc1C1CC1
OCNT-2318397,IYDFTEKHSVJCIL-UHFFFAOYSA-N,CC1CN(C(=O)c2cc(C(F)F)ncn2)CCN1c1ccncc1
OCNT-2318420,YJRZDAXNMXGWAN-UHFFFAOYSA-N,Cn1nccc1-c1n[nH]cc1C(=O)NCCN1CCc2ccccc2C1
OCNT-2318463,PVCJAHQCQKVCAF-UHFFFAOYSA-N,CC1CCN(C(=O)Nc2c[nH]nc2-c2nccs2)CC1C(=O)O
OCNT-2318487,KMEXCRYMZXZMKV-UHFFFAOYSA-N,Cc1cccc(C(NC(=O)N2CCNC(=O)C2C)c2cccc(C)c2)c1
OCNT-2318512,DXYZQPFEVYKJRQ-UHFFFAOYSA-N,Cc1cc(NS(=O)(=O)c2cc(C)c(F)c(C)c2)n(-c2ccc([N+](=O)[O-])cc2)n1
OCNT-2318522,VNHATLSVIPZWCF-UHFFFAOYSA-N,O=C(CNS(=O)(=O)c1ccccc1F)N1CCC(C2OCCO2)C1
OCNT-2318529,ROJMQXCYXDRWHC-UHFFFAOYSA-N,CC(C)Oc1ccccc1CC(=O)NC1CCN(Cc2ccccc2)C1=O
OCNT-2318536,KXNLLVASRWGPAE-CHWSQXEVSA-N,CS(=O)(=O)c1cc(CNC(=O)[C@@H]2C[C@H]2c2ccc(Cl)s2)cc(C(F)(F)F)c1
OCNT-2318549,TWIRHCAHDDBYNY-UHFFFAOYSA-N,COc1ccc(Nc2ncnc3[nH]ncc23)cc1OCC(F)(F)F
OCNT-2318583,LRWJIQBFQXCVOD-UHFFFAOYSA-N,O=C1Cc2cc(S(=O)(=O)Nc3ccc(-n4cncn4)cc3)c(Cl)cc2N1
OCNT-2318618,FBIXRJHKNHRXFQ-UHFFFAOYSA-N,COc1cc2c(cc1C)CN(c1nnc(-c3cc(C)nc4[nH]cnc34)n1C)CC2
OCNT-2318628,SSTBQYZOJAYQSM-UHFFFAOYSA-N,CCS(=O)(=O)N1CCC(c2ccccc2)(c2nc(Cc3cnc(C4CC4)o3)no2)CC1
OCNT-2318639,MNPGBPBPRIRZDE-UHFFFAOYSA-N,COc1ccc(C2CCCCCN2C(=O)Nc2cc(N(C)C)ncn2)cc1
OCNT-2318659,YKAIMSBMSJLSGC-YTPLPTRZSA-N,CC(C)(C)[C@@H]1OCC[C@H]1c1noc(C2OCCc3ccccc32)n1
OCNT-2318675,SKJNEGPDPYJBMI-UHFFFAOYSA-N,Cn1c(-c2cn(-c3cccc4c3CN(C3CCC(=O)NC3=O)C4=O)nn2)nc2ccccc21
OCNT-2328323,XYCMOTOFHFTUIU-UHFFFAOYSA-N,CC(C)(C)NCC(O)COc1cc(Cl)ccc1Cl
OCNT-2328326,VYQNWZOUAUKGHI-UHFFFAOYSA-N,Oc1ccc(OCc2ccccc2)cc1
OCNT-2328329,INDBQLZJXZLFIT-UHFFFAOYSA-N,COc1cc(NC(C)CCCN)c2ncccc2c1
OCNT-2328330,CPEUVMUXAHMANV-UHFFFAOYSA-N,COC(=O)Nc1nc2cc(C(=O)c3ccc(F)cc3)ccc2[nH]1
OCNT-2328331,GJSURZIOUXUGAL-UHFFFAOYSA-N,Clc1cccc(Cl)c1NC1=NCCN1
OCNT-2328344,TTWJBBZEZQICBI-UHFFFAOYSA-N,CCN(CC)CCNC(=O)c1cc(Cl)c(N)cc1OC
OCNT-2328376,KNHUKKLJHYUCFP-UHFFFAOYSA-N,CCOC(=O)C(C)(C)Oc1ccc(Cl)cc1
OCNT-2328380,AZFLJNIPTRTECV-FUMNGEBKSA-N,C[C@]12CCC3=C4CCC(=O)C=C4CC[C@H]3[C@@H]1CC[C@@]2(O)CC#N
OCNT-2328402,KSGXQBZTULBEEQ-UHFFFAOYSA-N,CCCCCCOC(=O)N=C(N)c1ccc(NCc2nc3cc(C(=O)N(CCC(=O)OCC)c4ccccn4)ccc3n2C)cc1
OCNT-2328420,RHDJRPPFURBGLQ-UHFFFAOYSA-N,Cc1cccc(Cc2c[nH]cn2)c1C
OCNT-2328449,HTQMVQVXFRQIKW-UHFFFAOYSA-N,CCOc1nc2cccc(C(=O)O)c2n1Cc1ccc(-c2ccccc2-c2nnn[nH]2)cc1
OCNT-2328485,REYFJDPCWQRWAA-UHFFFAOYSA-N,c1ccc(CN(CC2=NCCN2)c2ccccc2)cc1
OCNT-2328496,IYIKLHRQXLHMJQ-UHFFFAOYSA-N,CCCCc1oc2ccccc2c1C(=O)c1cc(I)c(OCCN(CC)CC)c(I)c1
OCNT-2328518,OOGJQPCLVADCPB-HXUWFJFHSA-N,Cc1ccc(O)c([C@H](CCN(C(C)C)C(C)C)c2ccccc2)c1
OCNT-2328533,CBEQULMOCCWAQT-WOJGMQOQSA-N,Cc1ccc(/C(=C\CN2CCCC2)c2ccccn2)cc1
OCNT-2328558,RDOIQAHITMMDAJ-UHFFFAOYSA-N,CN(C)C(=O)C(CCN1CCC(O)(c2ccc(Cl)cc2)CC1)(c1ccccc1)c1ccccc1
OCNT-2328583,VLPIATFUUWWMKC-UHFFFAOYSA-N,Cc1cccc(C)c1OCC(C)N
OCNT-2328648,JAUOIFJMECXRGI-UHFFFAOYSA-N,Clc1ccc2c(c1)CCc1cccnc1C2=C1CCNCC1
OCNT-2328663,SPIUTQOUKAMGCX-UHFFFAOYSA-N,Cc1c(-c2ccccc2)oc2c(C(=O)OCCN3CCCCC3)cccc2c1=O
OCNT-2328691,GIKNHHRFLCDOEU-UHFFFAOYSA-N,CC(N)Cc1ccc(O)cc1
OCNT-2328714,QVYRGXJJSLMXQH-UHFFFAOYSA-N,Cc1ccccc1C(OCCN(C)C)c1ccccc1
OCNT-2328731,ZBBHBTPTTSWHBA-UHFFFAOYSA-N,COC(=O)C1=C(C)NC(C)=C(C(=O)OCCN(C)Cc2ccccc2)C1c1cccc([N+](=O)[O-])c1
OCNT-2328745,NIVZHWNOUVJHKV-UHFFFAOYSA-N,CN=C(NC)NCc1ccccc1
OCNT-2328753,OBWASQILIWPZMG-QZMOQZSNSA-N,OC[C@H]1O[C@@H](c2ccc(Cl)c(Cc3ccc(O[C@H]4CCOC4)cc3)c2)[C@H](O)[C@@H](O)[C@@H]1O
OCNT-2328767,DBEPLOCGEIEOCV-WSBQPABSSA-N,CC(C)(C)NC(=O)[C@H]1CC[C@H]2[C@@H]3CC[C@H]4NC(=O)C=C[C@]4(C)[C@H]3CC[C@]12C
OCNT-2328781,MJIHNNLFOKEZEW-UHFFFAOYSA-N,Cc1c(OCC(F)(F)F)ccnc1CS(=O)c1nc2ccccc2[nH]1
OCNT-2328788,VGKDLMBJGBXTGI-SJCJKPOMSA-N,CN[C@H]1CC[C@@H](c2ccc(Cl)c(Cl)c2)c2ccccc21
OCNT-2328794,MJVAVZPDRWSRRC-UHFFFAOYSA-N,CC1=CC(=O)c2ccccc2C1=O
OCNT-2328798,NUVBSKCKDOMJSU-UHFFFAOYSA-N,CCOC(=O)c1ccc(O)cc1
OCNT-2328820,GHMLBKRAJCXXBS-UHFFFAOYSA-N,Oc1cccc(O)c1
OCNT-2328824,VDNLFJGJEQUWRB-UHFFFAOYSA-N,O=C(O)c1c(Cl)c(Cl)c(Cl)c(Cl)c1-c1c2cc(I)c(=O)c(I)c-2oc2c(I)c(O)c(I)cc12
OCNT-2328835,MBUVEWMHONZEQD-UHFFFAOYSA-N,CN1CCCC(n2nc(Cc3ccc(Cl)cc3)c3ccccc3c2=O)CC1
OCNT-2328839,WSEQXVZVJXJVFP-FQEVSTJZSA-N,CN(C)CCC[C@@]1(c2ccc(F)cc2)OCc2cc(C#N)ccc21
OCNT-2328849,JVTAAEKCZFNVCJ-UHFFFAOYSA-N,CC(O)C(=O)O
OCNT-2328857,YQGDEPYYFWUPGO-UHFFFAOYSA-N,NCC(O)CC(=O)O
OCNT-2328864,ZEUITGRIYCTCEM-KRWDZBQOSA-N,CNCC[C@H](Oc1cccc2ccccc12)c1cccs1
OCNT-2328892,XUIIKFGFIJCVMT-LBPRGKRZSA-M,N[C@@H](Cc1cc(I)c(Oc2cc(I)c(O)c(I)c2)c(I)c1)C(=O)[O-]
OCNT-2328916,ABJKWBDEJIDSJZ-UHFFFAOYSA-N,CN(Cc1ccc(C(C)(C)C)cc1)Cc1cccc2ccccc12
OCNT-2328938,WUZYKBABMWJHDL-UHFFFAOYSA-N,Cc1cncc(CN2CCC(=C3c4ccc(Cl)cc4CCc4cccnc43)CC2)c1
OCNT-2328950,OUBMGJOQLXMSNT-UHFFFAOYSA-N,CC(C)Nc1ccc(Nc2ccccc2)cc1
OCNT-2328955,FPIPGXGPPPQFEQ-OVSJKPMPSA-N,CC1=C(/C=C/C(C)=C/C=C/C(C)=C/CO)C(C)(C)CCC1
OCNT-2328993,RDJGLLICXDHJDY-UHFFFAOYSA-N,CC(C(=O)O)c1cccc(Oc2ccccc2)c1
OCNT-2395287,RJJZTKVXXCCXQF-UHFFFAOYSA-N,CCn1nccc1C(=O)N1CCN(C2CC2)c2c(C)cccc21
OCNT-2395290,UDVCSWPMFIKVAP-UHFFFAOYSA-N,CC(C)(C(N)=O)N1CCN(C(=O)Cn2ncc(=O)c3ccccc32)CC1
OCNT-2395291,BGJFRMNKWBUDET-UHFFFAOYSA-N,O=C(c1ccncc1)N1CCn2cccc2C1c1ccccc1
OCNT-2395293,XOXUUFNTCJYHHW-UHFFFAOYSA-N,CC(NC(=O)c1cc(C(C)(C)C)n2ncnc2n1)c1cncc(F)c1
OCNT-2395309,TXJZXCYMSCFYJB-UHFFFAOYSA-N,O=S(=O)(Nc1nccnc1C1CC1)c1cnn(C2CCC2)c1
OCNT-2395315,YFEAWONHDZRTON-UHFFFAOYSA-N,COCc1nn(C)cc1C(=O)Nc1nn(Cc2ccccc2F)cc1Br
OCNT-2395323,PVCAHDNVFNPUKE-UHFFFAOYSA-N,Cc1cccc(NS(=O)(=O)c2c(C)nc3sc(C)cn3c2=O)c1
OCNT-2395324,ADOOOKDJTDHGHX-UHFFFAOYSA-N,CCCn1c(O)nnc1S(=O)(=O)Cc1c(C)cc(C(C)(C)C)cc1C
OCNT-2395331,FWGOMKHOFNHOSZ-UHFFFAOYSA-N,COc1ccc(S(C)(=O)=O)cc1C(=O)Nc1cccc2c1OCCC2
OCNT-2395332,VMKFDGZZTLOMLG-UHFFFAOYSA-N,Cc1ccc(NS(=O)(=O)c2cccc(Cl)c2Cl)nc1
OCNT-2395336,RRMQRUZATNRUIE-UHFFFAOYSA-N,CC(C(N)=O)N1CCN(c2ccc(C(F)(F)F)c(C#N)c2)CC1
OCNT-2395337,XNAJDXNGXZSOOT-UHFFFAOYSA-N,CCC(C)C(=O)NC1CCN(c2ccccc2OC(F)F)C1
OCNT-2395362,MPFAPLWWRCZTHK-UHFFFAOYSA-N,CCN(CC)S(=O)(=O)c1ccc(OC)c(NS(=O)(=O)c2ccc(C)c(C)c2)c1
OCNT-2395370,UIDFVDUTWBJQGU-UHFFFAOYSA-N,CCc1ccc(NC(=O)NCC2CCCCN2)cc1S(N)(=O)=O
OCNT-2395374,XXIDEZIPVPUJRR-UHFFFAOYSA-N,CN(CCn1cccn1)C(=O)c1cc(C(C)(C)C)n2ncnc2n1
OCNT-2395376,ORTWNJZUAIUYKM-UHFFFAOYSA-N,Cn1nc2cc(Br)ccc2c1C(=O)N1CCCc2cc(F)c(F)cc21
OCNT-2395377,DHOGCLBDWIPOBU-UHFFFAOYSA-N,O=C(Nc1ccc(Cl)c(-n2nnnc2C2CC2)c1)NC1CCC12CCCC2
OCNT-2395379,KGQGNVXQLYFAOR-UHFFFAOYSA-N,CSCc1ccc(C(=O)N2CCc3ccccc32)o1
OCNT-2395394,JBGUJZDWPHNSHD-UHFFFAOYSA-N,CC(=O)N(C)c1ccc(NC(=O)NC2(c3c(F)cccc3F)CCC2)cn1
OCNT-2395395,GKBSFXJAHNHBDN-HWWDLCQESA-N,C[C@@H]1C[C@H](C(=O)NCc2ccc(C(=O)Nc3ccncc3)cc2)C[C@H](C)O1
OCNT-2395398,QBTKYQSQDNYSJW-UHFFFAOYSA-N,Cc1nc2ccnn2cc1C(=O)N1CCCc2ccccc2CC1
OCNT-2395399,DWOHXLUDTPAGGR-UHFFFAOYSA-N,Cc1ccc(-c2nc(C)c(C(=O)NCC3CCOC3)s2)o1
OCNT-2395403,NQCVIFUTOQVPDB-UHFFFAOYSA-N,CC1COC(c2ccccc2)CN1S(=O)(=O)c1cccc(C#N)c1
OCNT-2395404,MUXQTGKIVRSWAN-UHFFFAOYSA-N,CC(C)(CC(=O)O)NC(=O)c1ccc(S(=O)(=O)NC2CC2)cc1
OCNT-2395407,WWLISLZNGXQQLF-UHFFFAOYSA-N,CC(C)C(=O)NC1CCN(c2ccccc2OC(F)F)C1
OCNT-2395414,GUVDEBQYZLFNCP-UHFFFAOYSA-N,CC1CN(C(=O)c2cc(-c3ccco3)[nH]n2)c2ccccc21
OCNT-2395416,BMZLZQHDDRYCEU-UHFFFAOYSA-N,CCOc1ncccc1NC(=O)N1CCN(c2nccc(C(C)C)n2)CC1
OCNT-2395418,FSDPMVRINSSCJT-UHFFFAOYSA-N,Cc1cc(C)c(CNC(=O)N2CC(C)(C)C2c2ccccc2)c(=O)[nH]1
OCNT-2395428,YZZRKGPDASBVGM-UHFFFAOYSA-N,COC(=O)c1cccc2nc(Cn3cc(-c4nccs4)nn3)cn12
OCNT-2395431,MKSMCTOLENWCGA-UHFFFAOYSA-N,Cc1ncn(CC(=O)N2CCOC(c3ccc(F)cc3)C2)c(=O)c1C
OCNT-2395435,DXLJVPKHMCRJMN-UHFFFAOYSA-N,O=C(Nc1cc2n(n1)CCCC2)c1cccc(=O)[nH]1
OCNT-2395437,PHDCPFQMZFUTAS-UHFFFAOYSA-N,CC1(Cc2ccc(F)c(Cl)c2)CCCN1c1ccnc(C(N)=O)n1
OCNT-2395438,STPVSAJYHZTWPV-UHFFFAOYSA-N,CC(C)(O)Cc1cn(Cc2coc(C(C)(C)C)n2)nn1
OCNT-2395439,TYZSFHHKSSQPJU-UHFFFAOYSA-N,Cc1ccc(S(=O)(=O)Nc2ccc(C(=O)O)cc2)c(C)c1
OCNT-2395443,TVTPOERDJDYHCW-UHFFFAOYSA-N,Cc1ccc(C(=O)NC(C)c2cccnc2)c(C)c1
OCNT-2395452,DMZMESXZSXERBS-UHFFFAOYSA-N,CN1CCCC1C1CCCN1C(=O)Cn1ncc(=O)c2ccccc21
OCNT-2395455,CMOXMEILBPKQHC-UHFFFAOYSA-N,CCN(CC)S(=O)(=O)c1ccc(OC(C)C)c(NC(=O)C2(C)CCCO2)c1
OCNT-2395458,OXLGYDLAQVKNCK-UONOGXRCSA-N,Cc1cccc(S(=O)(=O)N2C[C@H]3OCCN(C)[C@H]3C2)c1C#N
OCNT-2395466,RVBYSOSSNDRWFO-UHFFFAOYSA-N,Cc1cccc2c1N(C1CC1)CCN2C(=O)c1ccc(S(N)(=O)=O)o1
OCNT-2395471,ZAWLZKHAQFWKAY-UHFFFAOYSA-N,Cc1ccc2cccc(S(=O)(=O)N3CCC(C(=O)O)C(C)C3)c2n1
OCNT-2395481,ANKYSPAPZXZRKL-UHFFFAOYSA-N,O=C1CCCN1CCCNS(=O)(=O)c1ccc(Cl)cc1
OCNT-2395489,NMVHDBFXWRCWPL-UHFFFAOYSA-N,Cc1ccc(-c2nc(C)c(C(=O)N3CCOCC3C(=O)O)s2)o1
OCNT-2395491,CMJHYIYEZVPEKX-UHFFFAOYSA-N,COc1ccc(N(C)S(=O)(=O)c2cc(C)c(C)s2)cn1
OCNT-2395495,LORROHMPLWAYJF-UHFFFAOYSA-N,COC(=O)c1c(CSc2cc(F)ccc2F)nn2c1CCCC2
OCNT-2395496,PEZCWYOLOOOVQM-UHFFFAOYSA-N,O=C(c1ccc2c(c1)OCCCO2)N1CCn2cccc2C1c1ccccc1
OCNT-2395500,AATKRDLDTAZTJL-UHFFFAOYSA-N,COc1ccccc1-c1cn(Cc2ccn(C3CCCC3)n2)nn1
OCNT-2395501,FQOWCVFDUZFHLA-UHFFFAOYSA-N,CS(=O)(=O)c1cccc(NC(=O)NCCCc2cccc(C(F)(F)F)c2)c1
OCNT-2395504,JDULGAIJOJJFGG-UHFFFAOYSA-N,Cc1ccc(NS(=O)(=O)c2cnn(C3CCC3)c2)cc1
OCNT-2395520,GODHPEISNMRQSM-UHFFFAOYSA-N,CCOC(=O)N1CCN(c2ccc(C(F)(F)F)c(C#N)c2)CC1
OCNT-2395528,QWXPXVPCPNYPHO-UHFFFAOYSA-N,O=S(=O)(Cc1noc2c1CCCCC2)c1c(F)cccc1Cl
OCNT-2395529,NRYADSRCTBFWRF-JBAPVGOWSA-N,CC1CCN(C(=O)[C@H]2C[C@@H]2c2cnn(C)c2)c2c(O)cccc21
OCNT-2395532,KTQKEHUXYRBZQZ-UHFFFAOYSA-N,Cc1ccc(S(=O)(=O)N(C)Cc2cnn(-c3ccccc3)c2)cc1C
OCNT-2395537,OWZIUSPJOOLACL-UHFFFAOYSA-N,CN(C)C(=O)c1ccnc(NC(=O)NC2(c3c(F)cccc3F)CCC2)c1
OCNT-2395543,RUNGUEZWZTVFCU-UHFFFAOYSA-N,CC(C)(C)NS(=O)(=O)C1(CNc2cc(Br)cc(F)c2C#N)CCC1
OCNT-2395548,WOULMLSTCVMSPN-UHFFFAOYSA-N,O=S(=O)(NCC(O)c1cccc2ccccc12)c1ccccc1Cl
OCNT-2395556,FKDGSNNIFHGRKN-UHFFFAOYSA-N,Cc1c(F)cccc1S(=O)(=O)Nc1cnn(C(C)(C)C)c1
OCNT-2395557,JFXRKJJBUPVDID-UHFFFAOYSA-N,Cc1noc(C)c1S(=O)(=O)NCCCN1CCCCCC1=O
OCNT-2395566,YBCQCDKLRZBYPI-UHFFFAOYSA-N,CC(c1nc(C2CC2)no1)N1CCN(c2ccc(O)cc2)CC1
OCNT-2395569,HEPXFCPIBMRRBZ-UHFFFAOYSA-N,O=C1CCCN1CC(=O)N1CCOC(c2ccc(F)cc2)C1
OCNT-2395576,YXTNAXUFAGFNGO-UHFFFAOYSA-N,CCn1ccnc1C1CCCCN1C(=O)c1cc2ccccn2c1
OCNT-2395582,DTWGQURLWJYWCB-UHFFFAOYSA-N,CCOc1ccc(C(=O)NC(C)c2nc3ccccc3n2C(F)F)cc1
OCNT-2395588,COBJIQXSNFUCNG-UHFFFAOYSA-N,O=C(Nc1ccc(Cl)c(-n2nnnc2C2CC2)c1)N1CCN(C2CC2)CC1
OCNT-2395599,GAJPAQZXVDIPFZ-UHFFFAOYSA-N,Cc1nc2c3ccccc3nc(SC(C)C3CCOCC3)n2n1
OCNT-2395602,INPVMHGBOBZEPM-UHFFFAOYSA-N,O=S(=O)(Nc1ccccc1C1CCC1)c1sccc1C1CC1
OCNT-2395603,SZQLDCNOSRKNKT-UHFFFAOYSA-N,Cc1nc2c3ccccc3nc(SC(C)CC3CCOC3)n2n1
OCNT-2395606,OYBCLJJKAIHXRC-UHFFFAOYSA-N,Cc1cccc(NS(=O)(=O)c2sccc2C2CC2)c1C(F)(F)F
OCNT-2395615,OWDQVZHOEPSCRJ-UHFFFAOYSA-N,CC1(C(=O)NCc2ccc(C(=O)Nc3ccncc3)cc2)CCC(F)(F)CC1
OCNT-2395617,ZFLNQKJXJYGVKM-UHFFFAOYSA-N,O=C(Nc1ccc2c(c1)OCO2)C1CCN(C(=O)c2ccccn2)CC1
OCNT-2395621,RQUJRQRACFINJM-UHFFFAOYSA-N,CCC1(O)CCCN(c2cccc(-n3cnc4ccccc43)n2)C1
OCNT-2395627,NJTUJJIKAYUDGD-UHFFFAOYSA-N,CS(=O)(=O)Nc1cccc(S(=O)(=O)Nc2cccc(C(F)(F)F)c2)c1
OCNT-2395631,YDVFKKIYGVLNGT-UHFFFAOYSA-N,O=C1NCc2c(NS(=O)(=O)c3sccc3C3CC3)cccc21
OCNT-2395638,DOHJYNWDMIJJRO-UHFFFAOYSA-N,CC1CCN(C(=O)c2ccc3c(c2)NC(=O)C3(C)C)c2c(O)cccc21
OCNT-2395651,FFEDIEBSLQQKEK-UHFFFAOYSA-N,Cc1cc(S(=O)(=O)Nc2ccc(C(=O)O)c(C)c2C)sc1C
OCNT-2395662,IRKYFFBPASUKKZ-UHFFFAOYSA-N,CC1CC(C(=O)O)CCN1C(=O)Cn1ncc(=O)c2ccccc21
OCNT-2395670,ANKJZMOSISEFKF-UHFFFAOYSA-N,CC(OCC1CC1)C(=O)Nc1ccc(Cl)c(-n2nnnc2C2CC2)c1
OCNT-2395672,QOWDANZXWYEGPT-UHFFFAOYSA-N,COC(=O)CCC(=O)N1CCC(C(=O)Nc2ccc3c(c2)OCO3)CC1
OCNT-2395675,RUTPHZIFPKYSDE-UHFFFAOYSA-N,C=CCC1(C(=O)NC2CC23CCN(C(=O)OC(C)(C)C)CC3)CCCC1
OCNT-2395681,ZHAARJLDFPNKLT-UHFFFAOYSA-N,CC(C)(C)n1cc(NS(=O)(=O)c2ccccc2)cn1
OCNT-2395682,YSXFALBFZPSVAY-UHFFFAOYSA-N,CCn1ccnc1C1CCCCN1C(=O)c1cc(C(C)(C)C)n[nH]1
OCNT-2395683,FBNCMWHMXUYLJC-UHFFFAOYSA-N,CC(NC(=O)CN1CCN(S(C)(=O)=O)CC1)c1nc2ccccc2n1C(F)F
OCNT-2395687,OLRZPWDVYYEKGN-UHFFFAOYSA-N,Cc1ccc(-c2nc(C)c(C(=O)N3CCn4c(C)nnc4C3)s2)o1
OCNT-2395689,HLGONRSHXFEINO-UHFFFAOYSA-N,CNS(=O)(=O)c1ccc(Cl)c(C(=O)Nc2cc3n(n2)CCCC3)c1
OCNT-2395692,IOWRIDUXZXMMQU-UHFFFAOYSA-N,NS(=O)(=O)c1cccc(NC(=O)NCCCc2ccccc2)c1
OCNT-2395696,ZWQZJLBSHIQICX-UHFFFAOYSA-N,CC(NC(=O)c1ccc(O)nc1)c1nc2ccccc2n1C(F)F
OCNT-2395697,AVVYSOUEAQUFBT-UHFFFAOYSA-N,CC1CCCN(c2cc(C(=O)NCC(F)(F)CO)ccn2)C1
OCNT-2395704,CGPCPBSMPYTZMC-UHFFFAOYSA-N,O=C(NCc1ccc(Cl)cc1Cl)c1ccc(S(=O)(=O)NC2CC2)cc1
OCNT-2395706,SXDMWIXDSQCASC-UHFFFAOYSA-N,CN(C)c1ccnc(NC(=O)NC2(c3c(F)cccc3F)CCC2)n1
OCNT-2395712,SPZQDXGBZLHTIG-UHFFFAOYSA-N,CCCn1cc(C(=O)N2CCN(C3CC3)c3c(C)cccc32)nn1
OCNT-2395714,DUKICPCHQPYURE-UHFFFAOYSA-N,Cc1nn(C)c(C)c1NS(=O)(=O)c1cccc(Cl)c1Cl
OCNT-2395718,ASTDCICFPQKUIL-UHFFFAOYSA-N,CCN(CC)S(=O)(=O)c1ccc(OC)c(NC(=O)C2CCCO2)c1
OCNT-2395719,ARMHNKPKRVBKDE-UHFFFAOYSA-N,CC(=O)Nc1ccc(Cl)c(-n2nnnc2C2CC2)c1
OCNT-2395723,JQVSAVSOQRGLPR-UHFFFAOYSA-N,Cc1cccc(S(=O)(=O)N2CC(N(C)C)C2)c1C#N
OCNT-2395726,JHKSVXWGJPSVPH-UHFFFAOYSA-N,COCCC(=O)NC1CCN(c2ccccc2OC(F)F)C1
OCNT-2395729,ABBNLJTZTQVBCG-UHFFFAOYSA-N,COc1ccccc1-c1cn(Cc2cc3n(n2)CCC3)nn1
OCNT-2395730,JHOHCIQEHBJHIY-UHFFFAOYSA-N,COc1ccc(NC(=O)C2CCCO2)cc1OC(F)F
OCNT-2395739,MNLLGQAENHHBIN-UHFFFAOYSA-N,CCN(CC)S(=O)(=O)c1ccc(OC)c(NS(=O)(=O)c2ccc(NC(C)=O)cc2)c1
OCNT-2395740,FOIRYFMSWXZVCR-UHFFFAOYSA-N,Cc1cc(S(=O)(=O)N2CCC=C(c3cnn(C)c3)C2)sc1C
OCNT-2395742,KIFQBAROWBDCDH-UHFFFAOYSA-N,CC(C)c1ncc(NS(=O)(=O)c2cnn(C3CCC3)c2)cn1
OCNT-2395743,VTTWZHQHBBSLPE-UHFFFAOYSA-N,CCN(CC)S(=O)(=O)c1ccc(OC)c(NC(=O)COC2CCCCC2)c1
OCNT-2395754,RDLVSGOVJOSIHV-UHFFFAOYSA-N,CC1CCN(C(=O)c2ccc(OCC(=O)O)cc2)c2c(O)cccc21
OCNT-2395758,VGKTZOSSNOYRLG-UHFFFAOYSA-N,O=S(=O)(Nc1cccc(Cl)c1N1CCOCC1)c1ccccc1Br
OCNT-2395762,SGCOMSXBUQWSBL-UHFFFAOYSA-N,Cc1cc(S(=O)(=O)Nc2ccccc2CN(C)C)sc1C
OCNT-2395775,ZTFVHUMBZXGEFS-UHFFFAOYSA-N,O=C(C1CC12CCc1ccccc12)N1CCC(c2nnc[nH]2)C1
OCNT-2395777,XHMRHVMVFSPYOG-UHFFFAOYSA-N,CCOC(=O)NCCCC(=O)Nc1nn(Cc2ccccc2F)cc1Br
OCNT-2395781,JNMBUNCAVAQQQX-UHFFFAOYSA-N,CC(NC(=O)c1cncc(Br)c1)c1cccnc1
OCNT-2395783,HZYLYVJGIBASSW-UHFFFAOYSA-N,Cc1cccc(C(=O)N2CCN(C)c3cc(F)ccc32)n1
OCNT-2395795,SCPRVCRZHVPKLD-UHFFFAOYSA-N,CCn1ccnc1C1CCCCN1C(=O)c1c(C)nn(C)c1C
OCNT-2395796,FUKVXEGKZLQFNL-UHFFFAOYSA-N,Cc1ccc(O)c(S(=O)(=O)Nc2cccc(Cl)c2N2CCOCC2)c1
