Molecule_Name,inchikey,CYP1A2_pIC50_direct_inhibition,CYP2C9_pIC50_direct_inhibition,CYP2D6_pIC50_direct_inhibition,CYP3A4_pIC50_direct_inhibition
OCNT-0010024,IGQPNWMJMSQCKW-UHFFFAOYSA-N,5.290595574831776,4.240710776400882,5.042214941941303,3.2570670940558504
OCNT-0491471,BVDAFZWKMQCHRT-GASCZTMLSA-N,5.457782781605289,4.233407889368588,4.907022926115923,3.3992328197395665
OCNT-0493952,ZCTSQCRTBXPIIU-UHFFFAOYSA-N,5.160811940947792,4.706634550745385,5.00111045309666,4.540016800816588
OCNT-0495173,VSDUZFOSJDMAFZ-UHFFFAOYSA-N,4.706227449624469,3.6265384486629286,4.231564987587927,3.447154116133561
OCNT-0495806,VBZCKONYGSQXHT-UHFFFAOYSA-N,5.375991245681337,5.578450523765238,4.634105644473369,5.5046840956638325
OCNT-0496981,RWZAIHHFBKOVIK-UHFFFAOYSA-N,5.692327414356936,4.816094461610898,4.29710542845977,4.814744322823867
OCNT-0497785,AZVFIZVKGSPGPK-UHFFFAOYSA-N,5.066753411296732,4.723834950668919,3.9574319505623587,4.613806905934882
OCNT-1498525,UAODYKLBUMXKDC-UHFFFAOYSA-N,4.995748974436929,3.6427132665896758,4.624876220655729,2.5557934876226223
OCNT-2148029,PFDUUKDQEHURQC-UHFFFAOYSA-N,4.931127179205551,3.4356516365039176,4.5666901285884824,2.392514779515683
OCNT-2308485,QKKYGDCZJOIAFV-UHFFFAOYSA-N,5.6336363319099805,4.431033437064683,4.722543506086764,4.190048877759244
OCNT-2311186,SUWHYBSBFPCCEY-UHFFFAOYSA-N,5.639245643965205,4.719626000852329,5.045800876461816,4.3387090045124665
OCNT-2312792,HTRUARZJVGTQQJ-UHFFFAOYSA-N,4.3360300335790845,4.026492371565809,4.847259396112217,3.0261222427741905
OCNT-2314689,POYOHGUZGSPOTJ-UHFFFAOYSA-N,4.8176438305929965,4.809277227325192,4.935016046807318,4.526640110591424
OCNT-2461740,JROSDBYIFZWPBP-UHFFFAOYSA-N,4.655565045522836,4.212228099308754,4.835256075717592,4.214849440424588
OCNT-2469049,KFDFCBXHWBWRNM-UHFFFAOYSA-N,4.331694414983463,4.706819524903261,3.7414670709964346,5.348418990049529
OCNT-2534775,UNEGPCMGWWRHKL-UHFFFAOYSA-N,5.526861775746967,5.443118381836126,4.809820228017438,4.638817491413584
OCNT-2534776,DTROWYMYRYMVJD-UHFFFAOYSA-N,3.913369611817861,4.667322035574803,4.95595930292028,3.8802290879028756
OCNT-2534778,RTTAKMJWURYDOX-UHFFFAOYSA-N,5.45720678898674,4.68655343219025,5.154867953847303,4.448345116037719
OCNT-2534781,OAHSXVGSCRPCIB-UHFFFAOYSA-N,5.386571877386186,4.6048099483112,4.693926169816193,4.695227125227121
OCNT-2534782,JQUYLQUXHQTSLJ-UHFFFAOYSA-N,4.7502223545326006,4.4985946035704085,4.712655088471237,3.7216215311489935
OCNT-2534783,ZNNCRYGBHWLYAV-UHFFFAOYSA-N,5.4357954923376095,4.057317410917545,4.4633864198515365,4.059058522875188
OCNT-2534784,FPQZQXQHMQNGET-UHFFFAOYSA-N,5.339569725717486,4.541211338777871,5.099574212253725,4.436302267029403
OCNT-2534785,JOWAYMDGQTWWHN-UHFFFAOYSA-N,5.535336724918059,4.5551961412151245,5.153175829652109,4.796373439446917
OCNT-2534787,XZFFLONOQSCQJY-UHFFFAOYSA-N,5.359346391895082,4.3983585665841245,4.202692892147887,4.451775541202889
OCNT-2534798,IAZVKDJIAPRDEN-UHFFFAOYSA-N,5.312595342038681,5.753263643823275,4.156559100657161,5.446059977561552
OCNT-2534799,MBJGHBFUQMRCCD-UHFFFAOYSA-N,4.895423970413587,5.59968497587717,4.456471247574513,5.586977826284342
OCNT-2534800,ZTMKRDWIDMDAMP-UHFFFAOYSA-N,5.434779538642525,5.13128683722686,4.178862075212552,4.638726888198426
OCNT-2534803,LZSBQYVBPJVTDR-UHFFFAOYSA-N,5.1542682813616665,4.69307776019753,4.658235456609168,4.160332706453177
OCNT-2534805,FCDPQNPPXSHIHC-UHFFFAOYSA-N,5.3294911213204,5.119680697374335,4.189187335284621,4.920712648185017
OCNT-2534806,IJJJSXKYIBNCKO-UHFFFAOYSA-N,5.70929972271943,5.296001235818337,4.255419296989711,4.784424563948948
OCNT-2534808,DEQIHGMZJVGRHC-UHFFFAOYSA-N,5.156422185573535,4.753276861552545,4.645140524286149,3.918743758185899
OCNT-2534809,PRSDKLCCMIAKDL-UHFFFAOYSA-N,4.936469400897453,5.1539272482333995,4.554696337174262,5.28227340388602
OCNT-2534810,VXSHODCKRGPEBG-UHFFFAOYSA-N,5.47859997979159,4.983088227833193,3.9204289167053754,5.170397121866258
OCNT-2534811,CGKIUZNBBOMYDJ-UHFFFAOYSA-N,4.659418550310633,5.553470388968214,4.859225924797704,4.6573926461081
OCNT-2534813,XMROZLFGOWMJCM-UHFFFAOYSA-N,3.6239513288544987,4.954447339499442,4.521690825557984,4.515039163988139
OCNT-2534822,RIXSOVONJREYAF-UHFFFAOYSA-N,4.638036040034858,4.777338132791444,4.8093966760945674,3.8373236795564
OCNT-2534823,ZNTPEPKSNUYNNJ-UHFFFAOYSA-N,5.278680548521324,5.034100587788239,4.685022104292603,5.282629963323952
OCNT-2534824,RWBHGILWKADMCW-UHFFFAOYSA-N,5.4676471376092515,5.263642644700376,4.36840103711674,5.198505653580652
OCNT-2534827,TYHYAYIZVRSKSV-UHFFFAOYSA-N,5.033326112282412,5.793558460696951,4.59865892549842,5.336075739933618
OCNT-2534828,WWHJMKBJCUIJPI-UHFFFAOYSA-N,5.3240180870938945,4.803833601590427,4.62502272311365,4.307990927993235
OCNT-2534829,WMDAVRBLCPLCCG-UHFFFAOYSA-N,4.04787401817155,4.212314629879573,4.305597055030093,2.7399537670794967
OCNT-2534831,CIIDVXHWUXRQNL-UHFFFAOYSA-N,4.100877926916218,4.009161686201371,4.647572457913473,4.1566485763748515
OCNT-2534832,OBPBFJWWESYCFK-UHFFFAOYSA-N,4.47354836914802,4.108089240691629,4.904246451914818,4.000930915690044
OCNT-2534833,SSETYIYNGPJINE-UHFFFAOYSA-N,5.251528806250653,4.589115854046913,3.9742078809745913,4.1264060318257485
OCNT-2534834,HLDATVJVNDAGEQ-UHFFFAOYSA-N,5.188714097431042,4.315199776676244,4.355542009569838,3.8564846432707425
OCNT-2534835,HGLWNLJIXWELDY-UHFFFAOYSA-N,5.215991370701068,4.743647829906186,4.120638873446352,4.841080469431746
OCNT-2534836,OZOCKPMOXMRTQS-UHFFFAOYSA-N,5.622034454378298,4.947572552728601,4.114474674500001,4.478452216983271
OCNT-2534837,TXOIOLMCDDZPAY-UHFFFAOYSA-N,5.408889759863619,5.522068831833624,4.552942672310703,5.0026412960464075
OCNT-2534838,ZEOORVXZMSOMIO-UHFFFAOYSA-N,5.069306721363605,4.95154966480531,4.470254113448893,4.097467893237457
OCNT-2534839,XWQPJLDOLIAXHP-UHFFFAOYSA-N,5.796113166343713,4.875359019511484,4.335419676195724,4.705889945703477
OCNT-2534840,CUZZVFPEHLVHLZ-UHFFFAOYSA-N,5.263755949443311,4.799250769640129,4.81089553815724,3.986523569462741
OCNT-2534843,MPZHTOYCIOMTIL-UHFFFAOYSA-N,4.7033684429857106,4.300160549571321,5.314407103340287,4.5080518913663905
OCNT-2534844,MAHOIISEFZBESO-UHFFFAOYSA-N,4.693526516077586,3.964900724717925,4.382916826927655,3.2708853629060686
OCNT-2534845,GNVHWMXNNLBJMM-UHFFFAOYSA-N,5.073754776447792,4.925517652570518,5.099942637572065,4.927350673505714
OCNT-2534847,IGGYFCLLKDVTBR-UHFFFAOYSA-N,5.406312195861126,5.102879041309391,5.472443121777102,5.023645150410779
OCNT-2534850,GAHPJTQJDZYREJ-UHFFFAOYSA-N,4.301167170272473,4.704445324612739,4.287066956732129,3.7373312798616927
OCNT-2534851,LXKNSOVTYMIYCD-UHFFFAOYSA-N,4.728568570073515,4.124904547687331,4.670190142472728,4.605984759416825
OCNT-2534852,BEMSBFGZUAAOAU-UHFFFAOYSA-N,4.375533726141986,4.170231429691971,4.513351775224899,3.785351415241409
OCNT-2534853,STZBYSMAMRGCEZ-UHFFFAOYSA-N,4.932865205697591,4.506535760868634,4.946046452959552,4.511344566439676
OCNT-2534855,LCLIPNKNAXUCSW-UHFFFAOYSA-N,4.407123720324644,4.793419305706649,3.9244438929573424,4.727248802694746
OCNT-2534856,MIMIYUBTBVFAPU-UHFFFAOYSA-N,5.072525785033718,5.2045776780698905,4.435007862890737,4.761208916723092
OCNT-2534857,OGHXXVWTXSKXMQ-UHFFFAOYSA-N,4.6763139255456965,4.268363507365125,4.823650012286382,3.7874116832456455
OCNT-2534858,QIGKJXRNVAQVQK-UHFFFAOYSA-N,5.718436424404222,5.1141311486504675,4.069761158278191,4.595831650314058
OCNT-2534860,LIQMVPBHWGTWHP-UHFFFAOYSA-N,4.27126009972087,4.15817848386782,4.748937586829122,3.3912912783319653
OCNT-2534861,RPMVROJFYWMLMX-UHFFFAOYSA-N,4.471454015028177,3.9892769258196754,4.958139675932745,3.5825060089498595
OCNT-2534862,VAIAQMGURVNNNV-UHFFFAOYSA-N,4.220855348563254,4.257727716798532,5.2169710934863,3.607466155870816
OCNT-2534863,WNUYUWCIZOJUKT-UHFFFAOYSA-N,3.827117479676711,4.025046165904388,4.294062036020722,3.503944735956091
OCNT-2534864,AYSKARSLJDDKEB-UHFFFAOYSA-N,4.030591591362239,3.9980355733266624,4.5800321793490735,3.420709271654249
OCNT-2534866,JVIGPSPMXDSCKO-UHFFFAOYSA-N,5.041837903664547,4.72336711506005,4.24986796852164,3.9700155031663886
OCNT-2534867,BSZBIIDNFWSNFB-UHFFFAOYSA-N,5.8076206146472025,5.346861373203382,4.826320706193831,5.489190494913197
OCNT-2534868,MZDHROKIJGVAAE-UHFFFAOYSA-N,5.25643812050491,5.3990312304290455,4.5291773569218465,5.0894152577246015
OCNT-2534869,UWFBZHRKEFYFGA-UHFFFAOYSA-N,5.107365443707298,4.854004815673536,5.2159054378537,4.86493540433558
OCNT-2534870,QVLIHCKXHKNMKT-UHFFFAOYSA-N,4.230593281168847,3.810109468042505,4.561013629624514,4.048383825006527
OCNT-2534871,LJIQDDOLGHWUHV-UHFFFAOYSA-N,4.981127268594888,5.509728614664769,3.921579263441443,5.650713235421799
OCNT-2534872,WGELAGOQQCXWEI-UHFFFAOYSA-N,5.066606940889411,4.520391567181667,4.478153765387865,4.90695199863532
OCNT-2534873,ZIHODWCMPYGUQS-UHFFFAOYSA-N,4.831591039398418,4.910265900836899,4.539771463784126,4.891296348064414
OCNT-2534874,GURARNLILHYZHV-UHFFFAOYSA-N,5.1323253468157635,4.917561384565182,4.525829240368158,4.995325219326907
OCNT-2534875,OOZUSHYHZBZTJU-UHFFFAOYSA-N,5.179812963122104,4.604288786698148,4.447810573785041,4.533876092613867
OCNT-2534877,XXCRZZKYNGSUNJ-UHFFFAOYSA-N,4.755107629783161,4.19284616683994,4.3406319233036905,3.6910274131624776
OCNT-2534878,BJEFUMBSVAPULZ-UHFFFAOYSA-N,4.232183233714501,3.646159217062303,4.064509712254853,3.109044308697524
OCNT-2534879,VCEMDYRCMKMZRO-UHFFFAOYSA-N,5.567013472706721,5.327420834489032,4.110852304563637,4.820074497138918
OCNT-2534881,FBDSZUWAAXYTPA-UHFFFAOYSA-N,4.692125682767011,4.390877688119128,4.494631395616937,3.4905978821545744
OCNT-2534882,VISWIPSJSGOGBK-UHFFFAOYSA-N,4.14052416795988,4.418445299434895,5.103414626608484,3.95472937880673
OCNT-2534883,UTJJZKBWXLYEJU-UHFFFAOYSA-N,5.488978278482789,4.475198810080584,4.602001218542681,4.129599162909925
OCNT-2534884,AYSQNMFURHMHBB-UHFFFAOYSA-N,5.419215728443912,4.4049486559914435,3.616922557998525,3.846405103095396
OCNT-2534888,IIZBUHJUXGMBKV-UHFFFAOYSA-N,3.6662883476078867,4.357079517761644,4.220414433607577,4.082239529977456
OCNT-2534890,BTJTYYCNWKCYRL-UHFFFAOYSA-N,5.780768591069155,4.578410613605842,3.806696690751507,4.74095209499435
OCNT-2534891,BWCWXWNUSKHQPP-UHFFFAOYSA-N,5.6189496492360975,4.947761713175919,4.009776798419301,4.659983918398177
OCNT-2534892,LYZZVXQURXMDLT-UHFFFAOYSA-N,4.597665357447435,4.415953188018813,4.789571204170122,3.9602275995823537
OCNT-2534895,LQSVFAVNYYMYFV-UHFFFAOYSA-N,4.1221623228333515,5.501772388639428,4.311093018515092,4.3621123433570075
OCNT-2534896,YSAHYXDWNHXYFO-UHFFFAOYSA-N,4.998308600985647,4.831970576039101,4.611346927335814,4.793784983347855
OCNT-2534899,UGTKWOXHHSBNNQ-UHFFFAOYSA-N,4.0695603804223355,3.9388920909439995,4.867582377034622,3.249097510511418
OCNT-2534900,QEAFBOBEDNHPOQ-UHFFFAOYSA-N,4.8644874498389115,4.273194052556333,4.656612046768532,4.332896410286325
OCNT-2534905,OPGLWCBXMKVYNP-UHFFFAOYSA-N,5.552595718536666,5.208503610945102,5.7467330504444485,4.919823497416645
OCNT-2534908,GFEFYPIXEGEYFW-UHFFFAOYSA-N,4.898045040514723,4.34848731030002,4.412146978468153,4.024391312756694
OCNT-2534910,ZWUWQQOBGUBFRY-UHFFFAOYSA-N,5.033550036402166,5.130102430993466,4.46170904797244,4.1135537501750585
OCNT-2534912,KGHVXBQQNNTFQD-UHFFFAOYSA-N,5.10297445435645,4.332336240984241,4.657296078790214,3.917694930131423
OCNT-2534913,WGRHNYMEVAMGGU-UHFFFAOYSA-N,4.085927034573979,4.464841358030407,4.478921943395713,4.020526008774379
OCNT-2534915,RKZDKVQYBMGUPX-UHFFFAOYSA-N,4.891515013973782,4.424728614490648,4.13347807956937,3.8001045159259403
OCNT-2534916,MHTNPZUPKMIADR-UHFFFAOYSA-N,4.460231186095244,5.315587743130846,3.9091308751960807,3.7421002629497426
OCNT-2534919,KUYLBYOZSRYMDE-UHFFFAOYSA-N,4.204997309822672,4.586102416526496,4.101025995725008,4.155776495233487
OCNT-2534921,CHXPEHVXNPCPPL-UHFFFAOYSA-N,3.627655051344071,4.646391247020829,3.78439211528289,3.964772266353647
OCNT-2534922,LGVPXABYCVNIGO-UHFFFAOYSA-N,3.8467251941765546,4.8697005995298595,4.264853231374809,4.442593447266522
OCNT-2534924,SDILIUAHINFFTQ-UHFFFAOYSA-N,5.006642839349396,4.76471775248932,4.964789816924821,5.015173540043157
OCNT-2534925,MMBXAUHNKONKHN-UHFFFAOYSA-N,4.305897103813329,5.498245115649791,4.67134289030277,4.88406297331123
OCNT-2534927,ZOYAFJLWDPRSNH-UHFFFAOYSA-N,4.63049383246836,5.228564267800376,4.546057989173725,5.6137019345849355
OCNT-2534928,LHABHVGSUWIBEN-UHFFFAOYSA-N,5.066016350772231,4.818286313066928,4.91697108366354,4.443868793912458
OCNT-2534930,OYMCMPVXWOJFKA-UHFFFAOYSA-N,5.591880070154743,5.184769275586001,4.158775776405699,4.981290487468179
OCNT-2534933,GCVDBUCMAZYPHN-UHFFFAOYSA-N,5.082297512361495,5.267556636000593,4.553691987889635,5.028091946383415
OCNT-2534934,XNWKPSWPZRZZEG-UHFFFAOYSA-N,4.965049273058993,4.964269758775963,3.7546953521077073,4.693742331924103
OCNT-2534935,GYXPIFORKYOIRC-UHFFFAOYSA-N,5.118079185226751,5.0221068709517676,4.749724731069168,5.215558694151259
OCNT-2534937,RDUFLNBPDOYUBX-UHFFFAOYSA-N,5.45460337183706,4.991807985472213,5.113190758000517,5.29161167797398
OCNT-2534938,UWJUOLHIVJHENY-UHFFFAOYSA-N,3.7469545782344724,4.91123024005438,3.8578648964210855,4.096695990898404
OCNT-2534939,SREQUWGGTBLVPD-UHFFFAOYSA-N,3.72155155455228,4.895668523727381,4.157861558117049,4.0422380692956565
OCNT-2534942,OPZJNMIUJYEZEY-UHFFFAOYSA-N,4.49188745598355,5.446057000570165,4.273622517620574,3.614509909482158
OCNT-2534943,VMYAXVMJYUZFSU-UHFFFAOYSA-N,3.921098486646903,4.945145562066421,4.109030271652232,4.063869140134852
OCNT-2534947,XCDMBBULNJFIGX-UHFFFAOYSA-N,4.067582208718581,4.414265938860591,4.529862775395482,4.469199408763899
OCNT-2534948,VWPFAROGGPSGFE-UHFFFAOYSA-N,4.3548288987403465,4.558250984455295,4.702314922130693,4.471493133393467
OCNT-2534949,DIWSNIDUDLATBC-UHFFFAOYSA-N,5.056253898690348,4.455364114751478,4.7974580589342555,3.6988224850821623
OCNT-2534950,BUTCFXVBIDYMNN-UHFFFAOYSA-N,4.820420894715354,4.278443151839046,4.911368884527251,3.994761951908352
OCNT-2534951,XOECFOCWUYHDRE-UHFFFAOYSA-N,4.90949111513528,4.401407932377627,4.8042327548105135,4.432345396409234
OCNT-2534952,RYRMMJFZGTYOFO-UHFFFAOYSA-N,5.322817182101707,4.416405366530194,4.484833984667662,3.9023480810809
OCNT-2534953,XTFGDCIGBUPFJP-UHFFFAOYSA-N,4.24366962286984,4.5732473195834755,4.83426203438934,4.327629425127927
OCNT-2534954,WIKNYIQVSATYBE-UHFFFAOYSA-N,3.943505317559514,4.401906128421861,5.031238909227782,3.9923134048276845
OCNT-2534955,WEXFQWFZXGNBNH-UHFFFAOYSA-N,5.028206750983958,4.676988111838677,4.742847333742084,4.26341467635445
OCNT-2534956,HHYHPUZSEDXWSP-UHFFFAOYSA-N,5.200109309729411,5.0044308949265215,4.744794941576139,4.771063034585597
OCNT-2534958,FAMFOOKIXZRSML-UHFFFAOYSA-N,4.00998362615537,4.219218286551861,5.000060614322703,4.6071170197980225
OCNT-2534959,KJMGBBLWPJNINA-UHFFFAOYSA-N,4.620734185405452,4.429952880498449,4.751760291070048,3.3959950229795406
OCNT-2534960,WIEOTBLDNNKERH-UHFFFAOYSA-N,4.850377533997678,4.014934871595768,4.619535517781776,2.2673668080951925
OCNT-2534962,BGKXIERSYNZZSL-UHFFFAOYSA-N,4.898358926674419,3.976062036334231,4.839726776285478,2.899266200198368
OCNT-2534963,IVXXUQFKTNGTAE-UHFFFAOYSA-N,4.701528767807722,3.4795271769808758,4.644434022978148,2.7922965907900252
OCNT-2534964,DLTPUYDVRZRAIQ-UHFFFAOYSA-N,4.845910500305042,3.6521652605136206,4.616976222041303,2.5483396632457835
OCNT-2534965,UFYWUAWJTBJSCP-UHFFFAOYSA-N,5.24841933937129,4.92133095822508,4.240290640514123,4.0225550583128475
OCNT-2534966,RNQLRSCPVMYOAQ-UHFFFAOYSA-N,5.105064658796876,4.554384614256605,4.264997114549637,4.805297942150376
OCNT-2534967,SDCOXSDXNHAZIK-UHFFFAOYSA-N,4.858017430682676,4.633387679299338,4.541812859351119,4.928493168939214
OCNT-2534968,ZQGXEEQNCMRNSH-UHFFFAOYSA-N,5.303024472556085,4.515853057163927,4.483217987735887,4.748401020985256
OCNT-2534969,UTDWDLUZCAEWPY-UHFFFAOYSA-N,4.845945727213009,4.447306597188254,4.628102133344596,4.235494391939037
OCNT-2534972,KSHSYDWVNPCRKV-UHFFFAOYSA-N,5.044183351597961,4.566811752874094,4.847586064593286,4.434602482811888
OCNT-2534974,RXGMQGHDTAIXIW-UHFFFAOYSA-N,4.450826829352565,4.39412365212689,4.906299259242819,4.36667839802322
OCNT-2534975,BGTNQNZJIDNRHL-UHFFFAOYSA-N,4.310853408515414,3.903312889741831,4.8717278472957055,2.487022557324718
OCNT-2534976,HABNUFGQZGZHKX-SNVBAGLBSA-N,5.326832413453678,3.968901047006804,4.6506296463617245,3.061669998631643
OCNT-2534977,MOBBVWNAJFWTCA-UHFFFAOYSA-N,4.86058309640891,4.143341481230571,4.806676522641009,2.569710609670872
OCNT-2534978,FADNYNMDTALVPK-UHFFFAOYSA-N,5.09147220859588,4.179003997933514,5.060651474419326,3.4670401472083436
OCNT-2534979,LKIMECLKXUAUEP-UHFFFAOYSA-N,4.714798589156492,4.60968930191556,4.951984757148404,4.579113228905762
OCNT-2534980,XBKQKFVSOVBHAG-UHFFFAOYSA-N,5.212292160201226,4.956686798391402,4.525411705548596,4.3470125284756245
OCNT-2534981,KPIHQYPRJADZIC-UHFFFAOYSA-N,4.896098234548352,5.065300758083686,4.619788737683219,4.467044646526999
OCNT-2534982,QSHIPBRGUIUHSP-UHFFFAOYSA-N,4.5042840123868615,4.786888825214512,4.124594204850296,5.09707662559571
OCNT-2534983,IYUMPCGGZOFGAD-UHFFFAOYSA-N,5.34126246559776,5.127213840090044,4.5368784848335935,5.053037575040863
OCNT-2534984,FKHZWXJUCIODRH-UHFFFAOYSA-N,4.985129499113606,4.641779242095799,4.602466933789271,3.4751044632971397
OCNT-2534985,PTQXNWOOUQRPES-UHFFFAOYSA-N,4.4501148666477075,4.50595344393033,4.8321606005809405,3.527532941194696
OCNT-2534986,FGKVMYYNESCBGL-UHFFFAOYSA-N,4.801197877388524,4.451659593070308,4.255982138585346,4.252319325239157
OCNT-2534987,XKVKAFVJMWVQJE-UHFFFAOYSA-N,5.2475725432745515,4.618381000242962,5.2053765723391106,4.413407133557108
OCNT-2534988,SYZGPVVYFXZESC-UHFFFAOYSA-N,5.379285647825935,4.604964340368477,5.0593142831673115,4.377027364573371
OCNT-2534989,ZSOCAMZZPQUWPD-UHFFFAOYSA-N,4.941321559454963,4.934141537620114,4.5166533861171,4.043021616187433
OCNT-2534991,JUQNLDDJKUGUHV-UHFFFAOYSA-N,4.262586828948226,4.852286011683053,4.445327517063811,4.396501558118174
OCNT-2534992,MQUNWRCDNFUFNA-UHFFFAOYSA-N,4.202136877826866,4.734324728542003,4.126848838087848,4.149160287081653
OCNT-2534993,OJBBKSIPRMVDMI-UHFFFAOYSA-N,4.635968977839558,4.926478964914308,3.8863024428043453,4.372004994548901
OCNT-2534995,AIMMSTIQRDLJKH-UHFFFAOYSA-N,5.0530745981905785,4.649390584274125,4.837736946641655,4.314156408155733
OCNT-2534996,JDPCINSMLVUFPO-UHFFFAOYSA-N,4.327330406019529,4.677910781068322,4.343366269541503,4.014411768483514
OCNT-2534997,ZRQYTHSVXXFAPY-UHFFFAOYSA-N,4.604115859460721,4.14489546183163,4.4290083657093655,3.244223141448548
OCNT-2534998,RXOPBTLTFWZATL-UHFFFAOYSA-N,4.93817271538323,4.698718966194625,4.533158323568951,4.084696069350043
OCNT-2534999,NCKLLRVUAZAPDA-UHFFFAOYSA-N,5.003847393426144,5.0920513874527495,4.643034572461946,4.194359837846
OCNT-2535000,COBKTOCKOIWELQ-UHFFFAOYSA-N,4.1959894700746405,4.410145928219058,4.298125256515217,4.1570155426557065
OCNT-2535002,JUCHYYGJROZRNJ-UHFFFAOYSA-N,4.6650531229976835,4.576841012422084,4.529182781533346,4.210456702379721
OCNT-2535004,GMKRBYYYJIORSC-UHFFFAOYSA-N,4.5803939774402345,5.19663397174512,3.9404294996657687,5.111614921723151
OCNT-2535005,GKTWHVUWJJCKMR-UHFFFAOYSA-N,5.245368123367241,4.276136043104763,4.948767209602028,3.9659792554137847
OCNT-2535006,XKTUHVPDMAHBQL-UHFFFAOYSA-N,4.959981929147544,4.857470072551728,3.9817955763337585,4.378451192700764
OCNT-2535007,DOZQLYDUDFQCPC-UHFFFAOYSA-N,5.865622008039689,4.691440285542914,4.635699528422302,4.561597797911186
OCNT-2535008,LUCAWVSGCYHHGJ-UHFFFAOYSA-N,5.707554044224109,4.566547920112678,4.452304083809437,4.122649400180495
OCNT-2535010,RBQGMKFHVNPIRY-UHFFFAOYSA-N,5.261543849806844,4.631943074944989,3.852604415997841,4.024869192046898
OCNT-2535011,OJIDMJWIQXQZTO-UHFFFAOYSA-N,5.2294360416557675,4.647876545146992,4.5080883253110695,4.221999745038617
OCNT-2535012,PDCJUDSOQPEBFU-UHFFFAOYSA-N,5.926731205451695,4.798256211422724,5.370077098811943,4.058559905325227
OCNT-2535015,SOIQSVFJYMUIGF-UHFFFAOYSA-N,4.720540070273776,4.332832782133656,4.608500648170767,3.5376766743025385
OCNT-2535017,JYFWMKVLBXMHNH-SYGMWZTRSA-N,4.8476887011384955,4.800454673360223,5.206805288275712,4.473705179378009
OCNT-2535018,XUCZPLLMCHWUOL-UHFFFAOYSA-N,4.842724324914184,4.629057384683602,4.966717157438266,3.472055236941671
OCNT-2535020,UMRSUGBDYLGYAF-UHFFFAOYSA-N,5.313837615555139,4.713867896024899,4.098836685252613,4.539246312863147
OCNT-2535021,TYGBTPIUHWDVFQ-UHFFFAOYSA-N,5.427796095252382,4.237774222474668,4.5577949825429585,2.652239096104029
OCNT-2535023,XSMMQPAOHODKDX-UHFFFAOYSA-N,4.212615552004698,4.315815783645248,4.743366740932891,4.261933983827449
OCNT-2535025,NIBUNRRIBLBRAZ-UHFFFAOYSA-N,4.839613276621788,4.703292959644746,4.865713188101196,4.02504791723675
OCNT-2535030,GCSPKOFKTNMIJM-UHFFFAOYSA-N,4.7344056541033765,4.977705729589381,5.090242991836898,3.843358006494396
OCNT-2535033,CIHLZCMPRMSNDX-UHFFFAOYSA-N,4.736142991695882,4.92573524239594,4.764278125142168,4.983329644169882
OCNT-2535034,VBQXROGKZCOCEX-UHFFFAOYSA-N,4.583647618424414,4.853080712238196,4.870685299683912,4.6389518821673486
OCNT-2535035,BHBANQFMZFEGDV-UHFFFAOYSA-N,5.1044544309709865,4.501080954366595,4.629813106109072,4.376236683658621
OCNT-2535036,JVNVATTZPWFATM-UHFFFAOYSA-N,4.2136073730505075,4.4272422475683575,4.634387887579133,3.8302651286372846
OCNT-2535037,XBVGLFBMQTTZIU-UHFFFAOYSA-N,5.105541859016054,4.952726375684361,4.720389951746612,4.8940322409916925
OCNT-2535039,IKNANJFWYCRCKT-UHFFFAOYSA-N,5.357704376401191,3.85651883358725,4.732833040979639,2.7477899438972653
OCNT-2535040,BHNYBTUOTJMQOO-UHFFFAOYSA-N,4.279356521817543,3.940355218107764,5.105926504089163,3.867271973433033
OCNT-2535041,KEBAJQLCWJBELI-UHFFFAOYSA-N,4.470297351454829,4.67363564018794,4.907574597901306,4.18302364537144
OCNT-2535042,ZXKCOIQAOHWTEQ-UHFFFAOYSA-N,5.079682827107337,4.503193729933147,4.78362507753382,4.7472506030844395
OCNT-2535044,GBIOCCDNIFFXFQ-UHFFFAOYSA-N,5.6317904817003095,4.70021128988388,5.0608020372518245,4.387792190329654
OCNT-2535045,ORQVCZZTVCFTRF-UHFFFAOYSA-N,5.448694678684009,4.996464168112343,5.325527916110054,4.338428285304383
OCNT-2535047,CRBSGBDDTDDCHV-UHFFFAOYSA-N,5.533200165893655,5.283910272479663,5.332495070996678,4.465457551224915
OCNT-2535048,NZZRPJKQSXSGSV-UHFFFAOYSA-N,5.791365625115477,4.675246234849936,4.743892610513685,4.176484602646564
OCNT-2535049,RMZQMWLOHMIUCC-UHFFFAOYSA-N,4.35180460242147,4.6389462056990425,4.630745491694268,4.102968867387418
OCNT-2535050,XONRNTKMPVDEFH-UHFFFAOYSA-N,4.0210978658510355,4.498208289103629,4.784341544047612,3.4943182724975284
OCNT-2535051,WEZNBBCXUQWIEA-UHFFFAOYSA-N,4.7581836710808405,4.676345337826894,4.987811432352131,3.588573444224759
OCNT-2535052,ZKZIMMAKAMEPAA-UHFFFAOYSA-N,3.986803574001393,4.424236692392352,4.848581474947021,4.630349817528769
OCNT-2535053,FHAFWNDGOPCJPI-UHFFFAOYSA-N,5.106392652488286,3.848145593660113,4.319955298446816,3.023463713803355
OCNT-2535054,KEOGUGZUSBSVAS-UHFFFAOYSA-N,4.579168391069085,4.523122966950256,4.634419570691592,4.709379652603313
OCNT-2535058,URDOBPIQGUDVII-UHFFFAOYSA-N,4.234037754671211,4.61796303828398,4.707386732616487,4.354291346528355
OCNT-2535059,GFTDVNYGFQVBPY-UHFFFAOYSA-N,4.652543167273412,4.4602337502291265,4.240932123798231,4.261578268676124
OCNT-2535061,TYEYIGPAWHSTRL-UHFFFAOYSA-N,5.479399499902085,4.938556185607384,4.099998882548579,4.1995949552039615
OCNT-2535062,GSSIKZBYBTXWON-UHFFFAOYSA-N,4.842975959725674,4.056343673074899,3.951127567573815,3.48502099299566
OCNT-2535064,AENDCANNOSENAM-UHFFFAOYSA-N,5.583865895483299,5.050061768859749,4.12483194411645,4.9350732903473
OCNT-2535065,GMVLWSSEQDDWKN-UHFFFAOYSA-N,5.224476024655064,4.730145904896009,5.075463671986544,4.224661759834162
OCNT-2535066,CTJNNMNHRJEGHZ-UHFFFAOYSA-N,5.600917877634208,4.4063251658190765,4.691993642040478,3.732666816358251
OCNT-2535067,FBTIHBSKJJQNDA-UHFFFAOYSA-N,5.29585730196122,4.219243954433159,4.632471369981936,3.38034774726403
OCNT-2535069,NERXOVWAJKSMMJ-UHFFFAOYSA-N,5.512208982622591,4.609941238490401,4.622953807830494,3.844007526321605
OCNT-2535070,DYJLEKMLHFUFSZ-UHFFFAOYSA-N,5.693281245690017,4.651278476949951,4.057260215263288,4.300132567628786
OCNT-2535071,JIDFHRQCSHTCAL-UHFFFAOYSA-N,5.188601024345969,4.905564172466709,4.802739264864292,4.291478924764314
OCNT-2535072,WFRKIAUIRPHVLV-UHFFFAOYSA-N,5.2669502545243265,5.026012297820958,4.505362031060854,4.648532041236034
OCNT-2535073,NVEGBIWSSQVYHA-UHFFFAOYSA-N,4.052897163889317,4.3994194337611,4.6020712136309205,4.3831453381178
OCNT-2535076,VFRFKJPAHUFNRX-UHFFFAOYSA-N,4.822039154837227,5.182514654697209,4.855096522357687,4.936208582223798
OCNT-2535077,CWBKDPVPQZBDCL-UHFFFAOYSA-N,4.733324516792674,3.727315968739855,4.827383469852384,3.111431993352791
OCNT-2535079,YWSUJTRIDYTCGE-UHFFFAOYSA-N,5.660017437731532,4.346658938568557,4.9132681124851505,4.169901067069864
OCNT-2535081,PRHJDZAWGNGBDA-UHFFFAOYSA-N,5.2722904468913905,5.111966914174257,4.5493697455999635,4.61523120449138
OCNT-2535082,VPMPORUJVWMXOL-UHFFFAOYSA-N,5.629674704652838,5.057626851910347,5.18476637736212,4.815236495825424
OCNT-2535083,WPNYDMMWIYBSSA-UHFFFAOYSA-N,5.043111794641232,4.532841251262495,5.0702638067660155,4.550800539638557
OCNT-2535084,IBJUTTBLQBHAPS-UHFFFAOYSA-N,5.212545504384537,5.334328057924606,4.336460353273403,5.121493832018211
OCNT-2535086,ZLSHALHADKEATB-UHFFFAOYSA-N,5.145979365920291,4.5787474752013235,4.594948788008959,3.8626018119652157
OCNT-2535087,PSNRPTXLSOKWJG-UHFFFAOYSA-N,5.459263920752922,4.42070090559336,4.755211183607131,4.232660650420301
OCNT-2535088,OJATWDXTEGMIIA-UHFFFAOYSA-N,3.9650060246000436,4.520185419683247,4.573790892245568,3.9826662979098884
OCNT-2535091,UYRHVFGRFAGBOP-UHFFFAOYSA-N,5.203375150240234,4.82998223229066,5.2410194419107,4.891936846127744
OCNT-2535092,XJKWJGLBYVKZMD-UHFFFAOYSA-N,4.461492253068175,4.666233660039945,5.076256411647545,3.557495767041869
OCNT-2535093,RINNPLSMLICCLE-UHFFFAOYSA-N,5.426068453707588,4.610587809038546,4.535645366526325,4.429297025634449
OCNT-2535094,OOSQUUIXYIJTKC-UHFFFAOYSA-N,5.067829763425633,3.962540940923247,4.598787693849512,4.127112108445372
OCNT-2535095,RKNSFTXTHYXSNE-UHFFFAOYSA-N,5.01691582309658,4.75821898003379,5.046218910456091,4.669459493800289
OCNT-2535096,RLRFPLIYHVETRX-UHFFFAOYSA-N,4.8290082272869626,4.347451553299662,4.643361975262899,3.7318710773145662
OCNT-2535097,OJBCCVHFEMTZJR-UHFFFAOYSA-N,4.560055075986159,4.710140467239496,4.337998370475383,4.24080660633827
OCNT-2535098,HHBSCWPVPJQGPS-UHFFFAOYSA-N,4.678678581926506,4.684834336909426,4.602712043838697,4.6506905206936455
OCNT-2535099,YADJBLDPFSOUMQ-UHFFFAOYSA-N,5.763444053357127,5.047539134966454,4.975272596560048,4.32163202649279
OCNT-2535100,MUQLJFDGJGYLDJ-UHFFFAOYSA-N,4.940115932474849,4.580092569081892,4.9906216711644396,4.569413595674064
OCNT-2535101,WBYSHDIVFDTKAS-UHFFFAOYSA-N,6.025808940720011,4.855941148302746,4.992350030774477,3.6724820701954943
OCNT-2535102,ALHOSOXXWOCTMV-UHFFFAOYSA-N,5.543929158474187,4.662112843309734,4.550577900844731,3.884288846074297
OCNT-2535110,BGMKCPPIMKMICY-UHFFFAOYSA-N,4.779944136964492,4.064352131923612,4.544873209932729,3.500049155066692
OCNT-2535111,AGMAYQWAVMKCRK-UHFFFAOYSA-N,4.1118955990066395,4.41212535066085,4.613845724045398,3.799248817591479
OCNT-2535115,ZRTOJCIWPYMPEO-UHFFFAOYSA-N,4.828802818730454,4.4787012178353836,4.6628463844142365,4.043115130567102
OCNT-2535117,ZRLHVMLTXCBVFC-UHFFFAOYSA-N,4.938499739191853,4.841568472208393,4.625638857809167,4.810430374804528
OCNT-2535118,BEONTKCEIYDZAX-UHFFFAOYSA-N,4.947677257583476,5.4517538205636855,4.43954625311182,4.773689473922638
OCNT-2535119,NPNIDWGMSMBLOF-UHFFFAOYSA-N,5.39575098697805,5.145652271821594,4.637516534469703,5.031754754992012
OCNT-2535120,GDXHMLSAPCRRHX-UHFFFAOYSA-N,5.313931519834515,5.149395960930365,4.865477303450128,4.290158168113496
OCNT-2535121,IBDWPVICLPPSDD-UHFFFAOYSA-N,3.963897190550932,3.7826694527617124,4.463774844523706,2.9716343480332483
OCNT-2535122,JVULHJMQBZNNCH-UHFFFAOYSA-N,4.29585791623763,3.9343569001317857,4.57376116603635,4.166425837840919
OCNT-2535123,XXEIULQWWBTDSZ-UHFFFAOYSA-N,5.521925900031325,4.719535310684691,4.703954902896671,5.255603715822643
OCNT-2535124,BRXZFUXNZFSNMB-UHFFFAOYSA-N,4.713260804101163,5.697780289592434,4.042030055227648,5.639396012606456
OCNT-2535126,JGEONMDVMNCXCV-UHFFFAOYSA-N,5.025313976604991,4.135125304571194,5.013879625373046,3.644101951823794
OCNT-2535127,ZSBYGIHSLQRFLQ-UHFFFAOYSA-N,4.825779863767843,4.204708299003056,4.595641368778324,4.1821198179138515
OCNT-2535128,AOZAXMXZZCBWNY-GFCCVEGCSA-N,4.16617903828429,4.744076196227272,4.072266243627068,4.99112104847866
OCNT-2535131,CYTIBPNZDMYFGX-UHFFFAOYSA-N,4.7851894222198315,5.755071797670042,4.362077091501884,5.603097515619913
OCNT-2535133,OFPDZAVRUHSYJU-UHFFFAOYSA-N,5.021492785055202,4.496625055319612,4.420220023627687,3.6207408058070762
OCNT-2535134,VCZZOLGRPRVQPV-UHFFFAOYSA-N,5.123896541966868,4.858719140221582,4.776682955361235,3.454782224388278
OCNT-2535135,FMZPXYDWVKQWFU-UHFFFAOYSA-N,4.642941835410661,3.8639761030808217,4.84842201496842,3.059428587328662
OCNT-2535136,MZLPNRVVVJQURW-UHFFFAOYSA-N,4.5165964938549,4.370199253245654,4.412040088966342,3.1215430527753765
OCNT-2535137,WVXDSVYRPFGGHP-UHFFFAOYSA-N,5.67540962019898,4.497264770118643,5.129870918215813,4.183667727451771
OCNT-2535138,GILKNISNXWEAOI-UHFFFAOYSA-N,4.916939187315134,4.6208803476228955,4.5769005565602425,4.202358722607773
OCNT-2535139,DBYOJYFCONRFOH-UHFFFAOYSA-N,4.602770809675548,4.448075697723412,4.675590140692947,4.482554851526022
OCNT-2535141,TUEWURHBRCOMCJ-UHFFFAOYSA-N,5.11917042579806,4.936606525652863,4.258977020124473,5.034404025238707
OCNT-2535143,ADJRMPTZUXRRGP-UHFFFAOYSA-N,5.486834369920072,4.99592484856837,5.163940267908767,4.92391764250271
OCNT-2535145,MOCCCMVDMPPWLX-UHFFFAOYSA-N,4.5511470822054925,4.513589169238774,4.879443177284705,4.059698505012033
OCNT-2535146,FLHFMWXVFWEJBF-UHFFFAOYSA-N,5.007337853305016,4.424592979879947,5.125509122044875,4.677301893615349
OCNT-2535147,TUTZACUCNHDQQD-UHFFFAOYSA-N,5.604601112170129,5.268959160525811,4.205181449333846,4.815188489160531
OCNT-2535148,NUMLFIHVWGYIIJ-UHFFFAOYSA-N,5.252393875164218,4.924362882346508,5.060122954962572,4.790917208586975
OCNT-2535150,TVEXDIRAHUXKBJ-UHFFFAOYSA-N,4.890070000309634,4.611373463921601,4.381497198417729,3.9590344394282373
OCNT-2535151,PINZGTIVPOLPFK-UHFFFAOYSA-N,4.304978857976715,3.89636231903797,4.745743728441873,3.6290829853105353
OCNT-2535152,RLECTTKOBJGDTM-UHFFFAOYSA-N,4.232262333094539,4.586635882348717,4.734278692722439,4.702084118305794
OCNT-2535153,IDZCWYFILKMFQI-UHFFFAOYSA-N,3.2753173208654998,4.572847547487479,4.400533002677197,4.269310712109162
OCNT-2535154,QALQXPZBDUTASA-UHFFFAOYSA-N,5.247074668719872,5.444184137103859,3.8959328309274803,5.395747228925722
OCNT-2535155,CZXQCTRLJISYDB-UHFFFAOYSA-N,5.264592100354599,5.225865573255326,4.58174985891877,5.17433433618322
OCNT-2535156,PKKCKPGLERGBFZ-UHFFFAOYSA-N,5.319727403732412,5.216351084446702,3.7372324632784113,5.333172574397107
OCNT-2535158,UXJWIOVUANSLSI-UHFFFAOYSA-N,4.61810111503819,5.0443759921231495,4.554474146412848,5.332232025438574
OCNT-2535160,ZQZLZZOSSBIHLG-UHFFFAOYSA-N,5.384933708640624,5.075000461002619,4.180997504684175,5.1427852620116346
OCNT-2535161,WLNUVSLCSPTUDG-UHFFFAOYSA-N,5.136077449108943,5.202114214326796,4.376835910716514,5.1904357880574485
OCNT-2535163,XGSGELMEEUBOFM-UHFFFAOYSA-N,6.062001462320933,4.956186463934453,4.313078296390111,5.048664615950374
OCNT-2535164,WOJSKHYJSLTGQV-UHFFFAOYSA-N,5.300739566981952,5.281414728393366,3.688929323172727,5.122587365515683
OCNT-2535166,OJSIWLBSIFDVDI-UHFFFAOYSA-N,6.148405176912189,5.011364832981373,4.499631261450514,4.528352809241132
OCNT-2535167,RGVQQGGGBIYSSF-UHFFFAOYSA-N,4.7070200961257385,4.085400130060631,4.938125773039668,3.1500125763059605
OCNT-2535168,XZMVFBIZOLEIOM-UHFFFAOYSA-N,5.67640079343408,5.024966655255671,4.588006597508388,4.56382960075687
OCNT-2535170,GPZVVXRWPKBWMQ-UHFFFAOYSA-N,4.847483961929008,5.074891689795026,4.75556229313743,5.104800342734531
OCNT-2535171,SIOOYOMYAOCUHO-UHFFFAOYSA-N,4.12178742407224,4.350147462927761,4.527814961539601,4.273475476861697
OCNT-2535172,ULPROYMOSMAZMQ-GASCZTMLSA-N,4.880140416223622,4.490968932231736,4.86392381022142,4.4958870680126335
OCNT-2535176,AUCDWXNJQLIVFH-UHFFFAOYSA-N,4.006122636281963,4.900632421301428,4.390089871202155,4.323593173940977
OCNT-2535177,LSKUZWWEXJOCSB-UHFFFAOYSA-N,5.455626783711219,4.912993626332731,4.381631809300973,4.5983335638710505
OCNT-2535178,DHILLHKBQUXGCS-UHFFFAOYSA-N,4.1586277501022675,4.656479818068221,4.18480520519147,3.821382108897375
OCNT-2535180,LMHWJSALLYEJCF-UHFFFAOYSA-N,5.089237437965631,4.905123484222154,5.2028632100324534,4.7155685993636896
OCNT-2535182,CSKFNYTUMKSYLX-UHFFFAOYSA-N,5.131744558466988,4.369943220992797,4.6250660380670015,4.982433601485301
OCNT-2535183,WHDAIPZTZHHTKW-UHFFFAOYSA-N,4.984256787264871,4.661912479648145,5.281077259232255,5.1904613416254035
OCNT-2535184,DYJIVBITDVMPFA-UHFFFAOYSA-N,5.291729372716287,4.6429342031842475,4.754570728302321,4.749298918106066
OCNT-2535186,PAZOKZXCAIDNFZ-UHFFFAOYSA-N,5.752202867182921,4.642356323231749,4.768208318409874,5.095235506503934
OCNT-2535190,SCFHLIMJKWHKJL-UHFFFAOYSA-N,4.991237748296765,4.723377621454354,5.3896743783359655,5.088774154549617
OCNT-2535194,HPDZRDVYWBSEBS-UHFFFAOYSA-N,4.834375578779491,4.428369775354288,4.322147976056374,4.258766673870091
OCNT-2535197,PVAMLBAHCBOXIJ-UHFFFAOYSA-N,4.953307421669011,4.372607917402841,4.344146424183091,4.419241532120054
OCNT-2535199,RDEXVBZPMFHERA-UHFFFAOYSA-N,4.533506429489978,5.052306914384179,4.4753891586565695,4.93776822612634
OCNT-2535201,RUYHWEKISJYKQS-UHFFFAOYSA-N,4.8093077805842865,4.244672251370408,4.885272264869389,3.8791658302875516
OCNT-2535202,QUXUYVPKJKLYRC-UHFFFAOYSA-N,4.73909993934348,4.6950780119417,4.538357066332837,4.575474784276126
OCNT-2535203,RETYLQGXVVGHBG-UHFFFAOYSA-N,5.256788006104003,5.201534489961597,4.724308697147231,4.6851472684465545
OCNT-2535204,WGPDWCODYNICIT-UHFFFAOYSA-N,5.301147251616735,4.608816960907209,4.91972403828356,4.4159452370571
OCNT-2535205,VYWJZNGNLUYVPF-UHFFFAOYSA-N,4.392481925738506,4.082820612385813,4.3485600623198515,2.4511578555479203
OCNT-2535207,UTIDESMGGKOHKC-UHFFFAOYSA-N,5.1584528471355195,4.6675436128467105,4.473465445555042,3.836701716972222
OCNT-2535208,ZJHSRQFIPCNLRS-UHFFFAOYSA-N,4.659525065931061,4.866203767247109,4.494875377563963,4.137205592503939
OCNT-2535209,UCTMKONSQVYUEN-UHFFFAOYSA-N,5.831775709141384,5.163396748113099,4.541042990834381,4.726955002716132
OCNT-2535211,FOSVCJNHTIJCFU-UHFFFAOYSA-N,4.7705217867414405,4.073376139416985,5.067955723422003,4.398338713469187
OCNT-2535212,LTSCKLUXDYVJEH-UHFFFAOYSA-N,5.6291342993858136,5.219995249662068,4.366634012787557,4.629730317366181
OCNT-2535213,RBUTUKHYWPLQJW-UHFFFAOYSA-N,4.472390981385957,5.472185181697084,4.892280948713528,5.181957627604291
OCNT-2535214,BEZXRIQDCHPXKO-UHFFFAOYSA-N,5.183488148849346,4.972821844633295,4.719908476308806,4.903563032442135
OCNT-2535215,RIFKAMYNDLEFGK-UHFFFAOYSA-N,4.709580157055449,4.39636575671886,4.798846913754561,3.8572957489333577
OCNT-2535216,FNCANYWIDBSXMR-UHFFFAOYSA-N,5.009021855927371,4.71860920152172,4.301051642449715,3.3745070450723618
OCNT-2535217,AFEXYAZHUWKMSN-UHFFFAOYSA-N,4.8965043813777545,4.522531141816171,4.476287809481979,4.153234789628889
OCNT-2535218,DUFBSKNQQAXWGC-UHFFFAOYSA-N,4.497027060967047,4.166236383291247,4.696205481834405,3.6715949878657352
OCNT-2535219,CKIPJCWNVHDWAG-UHFFFAOYSA-N,4.47903481093584,4.076695441068121,4.704528136140469,4.072488567298801
OCNT-2535220,UZGCONRMDSJZLL-JTQLQIEISA-N,5.287409591834607,4.3575518066922685,4.886547217426498,3.9955336382852913
OCNT-2535221,LAHJAXZGIZETPN-UHFFFAOYSA-N,4.797646242126782,4.726062897993141,4.676449382251249,3.9608828916103977
OCNT-2535224,AZQPWQINILHIDQ-UHFFFAOYSA-N,4.812950944482366,4.148313048939973,4.580271709719628,4.117724205259523
OCNT-2535225,MQKFKNKJNHXMNZ-UHFFFAOYSA-N,4.444342173939219,4.276343458354173,4.484052260746715,4.534476036319679
OCNT-2535226,QADCZLCKBVLVCV-UHFFFAOYSA-N,5.498473844218055,5.027163940151154,4.811854636709129,4.684215376553447
OCNT-2535228,OJCLHERKFHHUTB-UHFFFAOYSA-N,4.488918172506128,3.96108742203559,4.366527970176945,3.228911324205068
OCNT-2535229,ACGPBLZSPDCGCA-UHFFFAOYSA-N,4.863943317430158,4.6535536395816415,4.691317325367454,4.475867742466068
OCNT-2535231,RGMFCAZPSYJLPP-UHFFFAOYSA-N,5.200838636155971,4.158604857579899,5.200526972353336,3.874125633585387
OCNT-2535233,IGZCDJVRJJTBLG-UHFFFAOYSA-N,4.292337423859122,4.802011774671485,4.682760110329324,5.216072401342897
OCNT-2535234,AFXVIHMNMRJRDS-UHFFFAOYSA-N,4.793722282013429,4.564769940156377,4.786636294802195,4.209339809606813
OCNT-2535237,ULRIVKPPJKOYOS-UHFFFAOYSA-N,4.377428109042525,4.45477772356844,4.491694089807689,4.863501411188613
OCNT-2535238,XKVFOSUENYMPEI-UHFFFAOYSA-N,4.258774923636063,4.214225427487773,3.991534520743808,4.573308953321142
OCNT-2535239,ZJQYUZZNVSDYOM-UHFFFAOYSA-N,5.197815594089353,4.887615886906584,4.818128871384013,3.377396627476842
OCNT-2535240,NRIXKOBBEDUYNB-UHFFFAOYSA-N,4.803299979121641,4.434903675493314,4.589537919486172,3.792979995592435
OCNT-2535241,RJVMMJOMRIMUAW-UHFFFAOYSA-N,4.8497800522150385,4.544002287426534,4.6001081939009545,4.479772500478394
OCNT-2535242,YQQRUTNMNAZIAR-UHFFFAOYSA-N,5.051617209380369,4.396019422938453,4.201847658951523,3.90086744955278
OCNT-2535245,WYMAJKNSMXCGIZ-UHFFFAOYSA-N,4.706851990006123,4.725774560878179,4.850818068827437,4.832088076376625
OCNT-2535246,DXSBLFMKEXSCHT-UHFFFAOYSA-N,4.946977146253333,3.9450821322611413,3.8125284017777274,3.7354109851350477
OCNT-2535247,GQEMTFSFTIYYQV-UHFFFAOYSA-N,5.607264525841053,4.702425074051769,4.589766816337696,4.6531382113003055
OCNT-2535251,HCTPQQNFDUUQCP-UHFFFAOYSA-N,4.29409032707282,3.870576380199596,4.266966982727851,3.4588398327358814
OCNT-2535253,MVGCIXCMMDGBJB-UHFFFAOYSA-N,4.147998595052001,5.163226860982506,3.998452642527127,5.46011512231292
OCNT-2535254,KPGSJBXHVSMRQD-UHFFFAOYSA-N,4.406290002135865,4.333096418044074,4.927823739981932,4.055358115730948
OCNT-2535255,KXYNTGNJNDVQPV-UHFFFAOYSA-N,5.152089604730049,3.9155358275528713,4.6214999176796345,3.8671383235830294
OCNT-2535256,JXGQGYDGFKVAGS-UHFFFAOYSA-N,4.698582833650547,4.054857007689245,4.827656163378041,3.108212047652908
OCNT-2535257,GIFMHUOKHSZMOX-UHFFFAOYSA-N,4.737576559478344,4.127695590106623,4.729844996210907,3.914490730234165
OCNT-2535258,ZFLVIIBWHCNOOG-UHFFFAOYSA-N,4.9267492730147175,5.255279519803698,4.92741068421283,4.737664142766237
OCNT-2535259,KQJADINSIVAITE-UHFFFAOYSA-N,4.242446242214231,4.983801816547954,5.136326162162907,4.825612197805684
OCNT-2535260,LILSDJBHHJSHBG-UHFFFAOYSA-N,4.913451660049033,3.8031407092523772,4.537721763921292,2.3747874976909453
OCNT-2535261,JUCBOBOPNBEJRI-UHFFFAOYSA-N,4.355160276806057,4.96404721062544,4.525469018519275,4.629244933551016
OCNT-2535263,NEHJFSRZGHWAPB-UHFFFAOYSA-N,4.703367281859274,4.455987566317084,5.241271263524803,4.457871800488921
OCNT-2535264,VOAAHAILZAVKOW-UHFFFAOYSA-N,4.984454175815658,4.7938361139244385,4.172418529406033,3.861779845894377
OCNT-2535266,RVWYLSURHLCBNJ-UHFFFAOYSA-N,5.087395749159486,4.787715373888956,4.669390720154444,4.800538769968722
OCNT-2535268,ZQAQXWNBLUULQE-UHFFFAOYSA-N,5.290471821653183,3.821615305733182,4.777751914304655,3.818093979392671
OCNT-2535269,HWCQLGJWSXXVAE-UHFFFAOYSA-N,5.01838128715156,4.954828209618073,4.5579933281557485,4.727686392165493
OCNT-2535270,GXCCELUQAGUVAT-UHFFFAOYSA-N,5.014145623744255,5.035186925473523,4.367516853161538,4.264826925038576
OCNT-2535271,FHCGQOSRARVORR-UHFFFAOYSA-N,5.084703308394161,4.842191482694644,4.412878315322336,5.174917737140055
OCNT-2535272,YVWCRSMDWAIDNW-UHFFFAOYSA-N,4.706907699622492,4.571774341290789,4.4199087994942685,4.7503853552302004
OCNT-2535273,NQQMWLIDTXOOPF-UHFFFAOYSA-N,5.0827667667444905,5.311421355057346,3.976036640293179,4.361266004509651
OCNT-2535274,RDGRHSIXXPNABJ-UHFFFAOYSA-N,4.826406101015225,4.798774894897055,4.431533749595318,5.067307856572059
OCNT-2535275,KLUGTQXZEWDNHZ-UHFFFAOYSA-N,4.883301881592144,4.9122877660518975,4.5358507740633245,5.158043089986797
OCNT-2535276,PAIBPRPWPWWPFS-UHFFFAOYSA-N,4.7698112876764025,4.8769518553876905,4.462216815276588,4.865723340145439
OCNT-2535278,HICWUXFYFMDECC-UHFFFAOYSA-N,4.52885737574508,4.476961771192128,5.08474830283071,4.1773180428111525
OCNT-2535279,UYICLSJFOXKRDU-UHFFFAOYSA-N,4.623820534674579,4.7232909130609535,5.04319632882888,5.159192257913551
OCNT-2535280,HXOXNEUCTFEUBE-UHFFFAOYSA-N,4.619389842204327,4.9943250832670865,5.2893698280835135,4.7648556389504355
OCNT-2535281,QOFNSDLTCSJDLA-UHFFFAOYSA-N,4.496300496364479,4.921374585777751,4.779289056755058,5.327584187367079
OCNT-2535283,RTEFRIHQIDLYBP-UYAOXDASSA-N,3.8425184297015567,4.611805226345928,4.5414179188637664,4.667859815464835
OCNT-2535284,CIBADFZITYLDNX-UHFFFAOYSA-N,4.4017276526158975,4.287030931098275,4.7945073210150175,4.25924369431195
OCNT-2535285,VTDPEPIQXIVVFL-UHFFFAOYSA-N,4.823986983190703,4.89103382906856,4.954784612654863,4.907348217290407
OCNT-2535286,KHHXJNRZURBROH-UHFFFAOYSA-N,4.477322222515417,4.506747377309114,5.027785105226835,4.00169271197722
OCNT-2535287,RFYOYBVDIDEKQI-UHFFFAOYSA-N,5.368257102336702,4.663155826971752,5.27180732595483,3.8763746434454416
OCNT-2535289,BZGJANJTFRAFBQ-UHFFFAOYSA-N,5.306630601926049,4.66274312137148,5.004785556102493,4.077317436769868
OCNT-2535290,RGMOYEDXVSBPSL-UHFFFAOYSA-N,5.239375423449391,5.013717375407647,4.464687982482662,4.708976092586743
OCNT-2535291,YSKDICVXILSCRT-UHFFFAOYSA-N,5.0789051389352915,4.377501707307544,4.2833796849995665,2.749289130030489
OCNT-2535292,PKNMTVPPGWNIKB-UHFFFAOYSA-N,4.797063094839526,5.231941694748655,3.8646545092478277,5.044408140464203
OCNT-2535293,NPCMCAXRNNQWJE-UHFFFAOYSA-N,5.333986195608671,4.508541161473895,4.562091466371443,4.01884346907699
OCNT-2535294,YRLRCSRZZHHKRW-UHFFFAOYSA-N,4.679420332488187,4.697550178921287,4.647796239260766,4.457087673063757
OCNT-2535296,GGQNCTRLLKCMLM-NSHDSACASA-N,4.598270595329957,3.6959513649775144,4.280954680005737,2.7384185762141233
OCNT-2535297,PIVAZIMYJGDVBC-UHFFFAOYSA-N,4.4858612411424925,4.273709752267127,4.785852964897682,4.267450046964059
OCNT-2535298,GGZHGKJEPIQYLJ-UHFFFAOYSA-N,4.908457304583265,4.385076606186638,4.577512669543174,3.2409537707239133
OCNT-2535299,CXBGWYKVVMYGQM-UHFFFAOYSA-N,4.084986671473703,4.254513001769002,4.3772342772662975,4.634683123284378
OCNT-2535300,KEXUTSNLWKGHAS-UHFFFAOYSA-N,4.552795248962049,4.5383393500628575,4.910416162330269,4.389910856923267
OCNT-2535303,LQAPARJGASQPRL-UHFFFAOYSA-N,3.911705407852691,4.106770735830048,4.969874138561667,4.325059515529407
OCNT-2535304,LOSYCBROYSQTLJ-UHFFFAOYSA-N,5.465361655420917,4.60885669869,4.843302040523976,4.749912792348565
OCNT-2535306,USRXUCVPWCMYSS-UHFFFAOYSA-N,4.825532945875765,4.079926174231738,4.298481130571029,3.7604239632824674
OCNT-2535309,ZUTQJBNPILUONC-UHFFFAOYSA-N,4.6508607161927005,4.373474684877254,5.0271816609242315,4.026566402769885
OCNT-2535311,VYPVGXHOCDPJFB-UHFFFAOYSA-N,5.742568872512039,5.13064082821453,5.071273307352284,4.768767391537596
OCNT-2535312,RRLBFZAIPSUIOF-UHFFFAOYSA-N,5.399059070008695,5.006178529194713,4.732312657840698,4.525902582096307
OCNT-2535313,XQUKYBOAJQUQOE-UHFFFAOYSA-N,5.281535212844028,5.045316569678575,4.709696438603645,4.808841544594282
OCNT-2535315,OHQVQKICERBNIS-UHFFFAOYSA-N,5.013469828330111,3.7921975702997712,4.52521055013356,3.6826065614272827
OCNT-2535316,LGUCUIDFWMIUJQ-UHFFFAOYSA-N,4.776298068219501,4.871798780711189,5.0326570967539075,4.266180319759997
OCNT-2535317,SWZAJZUMZQOCSN-UHFFFAOYSA-N,5.083226810774946,4.478382636294902,4.320741745504263,3.7915467278084747
OCNT-2535318,YWYFUCDSZYFUDJ-UHFFFAOYSA-N,4.920074128389275,4.476725733292789,4.423821726944397,3.479177435641545
OCNT-2535319,WUECBLFZRORSQU-UHFFFAOYSA-N,4.926163752811201,4.303759303172348,4.4950133995208965,3.612488129863201
OCNT-2535321,CMVNRHQLCUEETQ-UHFFFAOYSA-N,4.770376825437294,3.9687118465858626,4.867084049061454,4.454689104289181
OCNT-2535322,SMHVCHUZLVAZBN-UHFFFAOYSA-N,5.1531362454855705,4.071707770542485,4.698328773050248,3.8279072013029545
OCNT-2535328,IHEQFDNRVDIHJW-UHFFFAOYSA-N,5.563309735537463,4.979536215799952,4.214752120843869,4.3648772361772386
OCNT-2535329,NQBXPLXZRFRUJN-UHFFFAOYSA-N,3.978303888228355,4.225250897414137,4.040984898708177,3.30467685101092
OCNT-2535330,AKXGDNNWELLKMK-UHFFFAOYSA-N,4.9613062119974645,5.075065464347026,4.536913634843539,5.2318066272371215
OCNT-2535331,GEAVQABWXNCJED-UHFFFAOYSA-N,4.728942682505832,4.306241688447999,5.044033765589538,4.275130966532598
OCNT-2535333,ICMMMWUIZMXUGY-UHFFFAOYSA-N,4.200966448235675,5.015401190557486,4.573651706774203,5.2796817880579905
OCNT-2535334,ZCNXIPJDCBLBRL-UHFFFAOYSA-N,5.360661544569979,5.390935190980096,4.908990463710719,4.7854669559379746
OCNT-2535335,TZBJSUXIGJPKMR-UHFFFAOYSA-N,5.2639807551705005,5.101602019393694,5.289243106384181,4.613229760532043
OCNT-2535336,XEKGCYVFUFFQSH-UHFFFAOYSA-N,5.42489616112301,4.870000503071293,4.954310325286824,4.610026480304347
OCNT-2535337,PXAVNFBONRBCOY-UHFFFAOYSA-N,5.6691253728365805,4.833260108908093,5.327176090792972,4.686306519914642
OCNT-2535338,WIWKFYCRXKXNRW-UHFFFAOYSA-N,5.991760824735259,5.213779736926955,5.343276696463731,4.581285272693827
OCNT-2535339,GVHDPEGPHMMDBI-UHFFFAOYSA-N,5.296051269462144,5.003718070342189,4.50980347304305,4.606458062429131
OCNT-2535340,DZBHMPCEIYOINT-UHFFFAOYSA-N,5.475216559017267,4.92584037984908,5.313261829147624,5.0568344980160385
OCNT-2535341,BOGBICBVOWYGPR-UHFFFAOYSA-N,5.4616525294026435,5.025724169242188,5.05537845230704,5.277862169232617
OCNT-2535342,XRKFKALKQHZYQH-UHFFFAOYSA-N,4.403710842553271,4.243199897377199,4.837666010554889,3.737247282450854
OCNT-2535344,LSYLHJZYAKFPPO-UHFFFAOYSA-N,4.841220374824736,4.53801166628294,4.853846020591792,4.611658870433335
OCNT-2535346,LWCQUISMXAPNQX-UHFFFAOYSA-N,4.190516498060015,4.1158812038915675,5.003355067933259,3.7127790819114272
OCNT-2535348,XZUGPFGCZDOSPK-UHFFFAOYSA-N,4.588974861118099,4.374024633825961,4.912802872054753,3.9494615607289556
OCNT-2535351,VBGRXTHNCJGTQN-UHFFFAOYSA-N,4.340719910639501,4.911626329508548,4.231832231317199,4.75391431707217
OCNT-2535352,DGVSRTOBSYVSPD-UHFFFAOYSA-N,4.094841514376565,4.40186123618435,4.685332850894739,3.8310118360586545
OCNT-2535353,IZFCXBYXWOMUMW-UHFFFAOYSA-N,5.0828717539005375,4.189878034926466,4.87605216440286,4.916889457474052
OCNT-2535354,RDUREHFLQGXCTB-UHFFFAOYSA-N,4.0274084505449395,5.242267411285496,4.233681995934084,4.426208021447077
OCNT-2535355,ZMGVXRUDVLUFFM-UHFFFAOYSA-N,4.362035922494524,4.527416914121495,4.1181424545989165,3.414140278214773
OCNT-2535356,QGBWHCLFLKQBOK-UHFFFAOYSA-N,4.372003114729192,3.3666319610998525,4.928852632486159,3.6708372441937502
OCNT-2535357,AAOKSSGRLHMOLS-UHFFFAOYSA-N,4.404190504547401,4.21297454578229,5.005566645105969,3.322748133120325
OCNT-2535358,MUDGODBVZQYSCM-UHFFFAOYSA-N,4.276270640179576,3.7775737496889827,4.478332616752712,3.4123807873637277
OCNT-2535360,KNGAVEYDKBUPDQ-UHFFFAOYSA-N,4.956445569145851,5.027005739634219,4.070437463338914,4.920804009722476
OCNT-2535361,ISNNNHHNZAMUES-UHFFFAOYSA-N,5.1318835174903015,4.93976170914327,4.456220238017853,4.836008528599391
OCNT-2535362,PWYSJWCEHZYKSB-UHFFFAOYSA-N,4.969744444858951,4.906106404753618,4.354168274267301,5.209553628258557
OCNT-2535363,GWAUPHFDPBESNO-UHFFFAOYSA-N,4.282373879660124,4.1472325536235255,4.132408857986573,4.135577003203321
OCNT-2535364,OBDAAIBHXLZKIK-UHFFFAOYSA-N,4.601474693227066,4.923717345151979,4.306400974635119,4.867699577204463
OCNT-2535365,UQHJAGZUFVYRJV-UHFFFAOYSA-N,4.018157281940558,4.2228669257048885,4.2083646616275585,3.998094914171481
OCNT-2535366,FRWCDSBODDPUGW-UHFFFAOYSA-N,4.781248437071066,4.183126001036738,3.8462021842268306,4.079003728609268
OCNT-2535367,ZUVQLYXIDIMUMH-UHFFFAOYSA-N,5.763005354891922,4.969955982053503,3.952975324074805,4.509847892696947
OCNT-2535368,VPIKWUUHGOPUOP-UHFFFAOYSA-N,4.983926635252873,5.4011172618297385,4.340952164927001,4.5780410461986065
OCNT-2535370,BWZOXLFXXDNFKE-UHFFFAOYSA-N,4.465454464128691,3.361390124750719,5.0935090955704805,2.494215877547483
OCNT-2535371,PBXGXPAYWVQDQK-UHFFFAOYSA-N,5.019889095084179,5.021145794629416,4.698706420554537,4.175856206387157
OCNT-2535372,KMTZXKMAAPFECJ-UHFFFAOYSA-N,5.3680138519160305,4.95052358567212,4.851727985241267,4.552783617963924
OCNT-2535373,SWEIXRZLXUCCAB-UHFFFAOYSA-N,5.751656317389569,5.168435208647129,5.274783393498349,4.757388435703957
OCNT-2535374,WGOVVAHNYKAPCJ-UHFFFAOYSA-N,4.710213591853533,4.811069225363095,4.718461122474905,4.024257500447874
OCNT-2535375,SHKLCPADVSLIAN-UHFFFAOYSA-N,5.6197201362510665,5.167312212443456,5.51787736417859,4.887670880322371
OCNT-2535377,MYMOKMLRZRZKMY-UHFFFAOYSA-N,4.611197400291176,5.004483703172695,4.2346390051610445,4.621882715955522
OCNT-2535379,WAQXIKGHBGSXPV-UHFFFAOYSA-N,4.812391174729688,4.453238557787713,4.690731797194789,4.413979102631659
OCNT-2535380,NLTKFZLQCNEBSK-UHFFFAOYSA-N,5.159341202380257,5.004262144213639,4.143460194544601,5.119610729549529
OCNT-2535381,FBPFGWJEVYEFMD-UHFFFAOYSA-N,5.5356518610589465,4.618361103044579,4.544326311545661,4.701026932532308
OCNT-2535382,NHMWJWODFPBDIM-UHFFFAOYSA-N,5.645010493866311,4.663535617187299,4.021995402542792,4.877767787422682
OCNT-2535383,ZNGPOOQENQJNDX-UHFFFAOYSA-N,5.473376469085779,4.070033127629084,4.728392902975148,4.497871738565729
OCNT-2535384,XEPNYYFLRCYLKY-UHFFFAOYSA-N,4.302726030078407,4.532884162433637,4.60851342301279,2.636268135277031
OCNT-2535385,NOASYIXQJJHBQC-UHFFFAOYSA-N,4.682825843194622,4.106748333666466,4.623390566165486,4.16534817852576
OCNT-2535386,DECFOBOPWZEUFC-NFOMZHRRSA-N,4.184037784192318,3.9939374669218024,4.498899965819969,3.6010877068357545
OCNT-2535388,CYDRFRYHBJCEJM-UHFFFAOYSA-N,4.438836494025175,4.515640033150243,4.759853672080166,4.008446242576145
OCNT-2535389,FBUSTSSATAJVDQ-UHFFFAOYSA-N,5.25008823885205,4.938877423723366,4.480742863963881,4.962352022748618
OCNT-2535391,QOTOVYDLUWOYSI-UHFFFAOYSA-N,4.853302384329947,4.536422579909328,5.050608135905597,3.484314090817097
OCNT-2535393,HVYPDDQIDBTPSM-UHFFFAOYSA-N,4.5362469176400015,4.37230241359077,5.099724117543454,4.139522057267794
OCNT-2535394,AZQAKLANCJPMFX-UHFFFAOYSA-N,4.624699110327726,4.187149891411727,5.271517399987629,3.583113322352626
OCNT-2535397,QZZSCPKZZMSRQR-UHFFFAOYSA-N,5.208401035077256,5.262854759808686,4.677542036392674,4.897626611893946
OCNT-2535398,YOEFEAFRFSNRDZ-UHFFFAOYSA-N,4.889112464129911,4.368717209372584,4.498827581119123,4.441922918151751
OCNT-2535399,FPJSXKSTUFDVEQ-UHFFFAOYSA-N,5.1003226725820525,4.338971397035025,5.312302790845361,4.9114708836236876
OCNT-2535400,XTXGLOBWOMUGQB-UHFFFAOYSA-N,4.642533015006998,3.6455178922483156,4.65990523607585,2.4198479442374023
OCNT-2535401,NXFZCMYDZHWBPN-UHFFFAOYSA-N,4.8434461536148365,5.170686651917305,4.4900076973029215,4.96155105494259
OCNT-2535402,FQUFTVCPQSJFIO-UHFFFAOYSA-N,5.024152673344047,5.015658398402826,4.831365562752015,5.185719884666929
OCNT-2535403,QAHCCIYPFFPMQO-UHFFFAOYSA-N,4.88584170029793,4.9915896003652,5.052203780574991,5.280227516813417
OCNT-2535404,MSQXXBBHBNILIU-UHFFFAOYSA-N,4.4650816184238575,4.065645974379997,5.355046085042105,3.7315060746825113
OCNT-2535405,LBTWHFVYVCJPDY-UHFFFAOYSA-N,3.9670548101163856,4.140366464309662,4.356839052669469,3.5340825292574753
OCNT-2535406,RCGSHNCCAXCFBG-UHFFFAOYSA-N,4.033789710168279,4.210535221762431,4.582938108190196,3.667800756981129
OCNT-2535407,JOZNYWDUWPEPOS-UHFFFAOYSA-N,4.358480726816503,4.471229494882554,5.092281856945953,4.388186411863455
OCNT-2535408,GAIJWLNOPUVOQA-UHFFFAOYSA-N,4.172278579486733,4.262732677837318,4.664038260445113,4.714886890379555
OCNT-2535409,GLVYEJAJUNSCSG-ZDUSSCGKSA-N,3.538725100175425,3.8930479718986004,4.520338693227464,4.015009668842558
OCNT-2535410,UDZQACMOTGHBFF-WHUIICBVSA-N,4.093128190489186,4.2526802830944295,4.4818307270191715,4.219441767481832
OCNT-2535411,SBJUDQGWTGRCOS-UHFFFAOYSA-N,3.9637078924883467,3.95686613133171,4.82983108944532,4.48626428931657
OCNT-2535412,BMLYWGFGQHCSOQ-UHFFFAOYSA-N,5.614293521240405,4.7047247156041045,4.3085458798063625,3.815887460325117
OCNT-2535413,MJFUJWPSXJNGFP-UHFFFAOYSA-N,5.092915679736613,4.50731023065307,4.585620056790608,3.8522145638723972
OCNT-2535414,FSNBLUCEASGXEI-UHFFFAOYSA-N,5.386721821879979,4.625643624325637,4.548265422735537,4.3166472129972355
OCNT-2535415,JPXISSCEGJBZHC-UHFFFAOYSA-N,5.506232428720803,5.025802232276833,4.533549050001221,4.7003262130874734
OCNT-2535416,FOCJWONFDVXFHW-UHFFFAOYSA-N,4.545178623065593,4.1486124197513154,4.3458786064117545,3.5764285107585714
OCNT-2535417,HLKIFKKQUOTSJS-UHFFFAOYSA-N,4.173034757753248,4.873165114339003,4.556370741928848,3.299850648942949
OCNT-2535418,OSGOAQVFZXVPBZ-UHFFFAOYSA-N,4.804336212363018,3.800680799407983,4.441301690565291,2.921195425043639
OCNT-2535419,IZQNIAQCABSJTP-UHFFFAOYSA-N,4.5354497483245275,4.693761497497628,4.907043990917092,5.108679113083051
OCNT-2535420,QZRDFJCRLZNCPN-UHFFFAOYSA-N,5.012970073931754,4.3470065856762945,4.525351865592687,3.992173693090949
OCNT-2535421,OJTZNYZIWIHPPC-UHFFFAOYSA-N,4.891388966619318,4.789047880352523,5.180970195739802,4.999036495782042
OCNT-2535422,SQVLKMQEOIPRGY-UHFFFAOYSA-N,5.227217255526007,4.719580442694914,5.194632489364488,4.840819656591464
OCNT-2535423,UXHBXSYNKYONDN-UHFFFAOYSA-N,4.832182733189367,4.894693478831256,5.318383601859462,5.239887960070064
OCNT-2535424,ZQYLZRZOVQVWSK-UHFFFAOYSA-N,4.011431587202168,3.537222088251445,4.3916592231158935,3.317342430010022
OCNT-2535425,VBQOGIMKZOHJPM-UHFFFAOYSA-N,5.111391855768826,4.506403872235473,4.28603583241804,5.1048988053044955
OCNT-2535428,RBETYTIKZNPUDP-UHFFFAOYSA-N,5.044619034750853,4.222633594132094,4.798323114316093,4.890698090480077
OCNT-2535430,BRQBDAGKMWDXBZ-UHFFFAOYSA-N,4.464365777081873,4.95826619228023,4.428155319864249,4.518533906176162
OCNT-2535431,UKUBHSNWKWEGCS-UHFFFAOYSA-N,5.116572266147623,4.748999575273363,4.988759628801862,5.057410672960677
OCNT-2535432,AJUISAAZXAINSV-UHFFFAOYSA-N,5.099330442205217,4.883446648444137,4.8417587306344165,4.453297984042883
OCNT-2535433,RRLQTFFYDYQAEB-UHFFFAOYSA-N,5.030593425004215,5.0311676153192435,4.708949586671303,4.424968453089337
OCNT-2535435,CGBRWURLLFCELN-UHFFFAOYSA-N,4.439295118966472,5.619459430377723,4.16066703579534,5.613239633598267
OCNT-2535436,SIRLKSMSEUTMAK-UHFFFAOYSA-N,5.884857784803832,4.576538717807307,4.80246348699363,5.085435284087074
OCNT-2535438,TTZISFZGDKKLFB-UHFFFAOYSA-N,4.19844560620872,5.047529879401311,4.646052984364372,5.25140122178512
OCNT-2535439,UFRHULSFWAOUGE-UHFFFAOYSA-N,5.0326664609511145,5.156875417431673,4.687310465272586,4.742393470804709
OCNT-2535441,PDHQXDUBQZIXKW-UHFFFAOYSA-N,5.203905824955768,4.251335457677515,4.63354510102875,4.261935603733519
OCNT-2535442,OMXUVUJESQSBFF-UHFFFAOYSA-N,3.976358928223221,4.199238152783871,4.880546106060514,3.7663827504073284
OCNT-2535443,TVLXRHKHOIQLFG-UHFFFAOYSA-N,4.409024042221577,3.9977417457791438,4.659896548736726,4.333416062402176
OCNT-2535444,MXIXREIOWMHIHB-UHFFFAOYSA-N,4.492101658016493,4.969724090542826,5.130832426251744,4.762490314098455
OCNT-2535445,KZGQIBIENJMMJO-UHFFFAOYSA-N,5.295421370154989,4.732088820712498,5.451198119743013,4.980691731027881
OCNT-2535446,QNKZOHALSIKOGG-UHFFFAOYSA-N,4.513219423660688,4.519717218099754,4.492794337993626,4.30465094553695
OCNT-2535447,VKSYTAAUDUIAJS-UHFFFAOYSA-N,4.396015979227661,4.745949000283946,4.870377105285209,4.8245324387377195
OCNT-2535450,IZRLYXSDUURUQV-UHFFFAOYSA-N,4.0594737935503185,4.03828950313083,4.922488027839359,4.329065999267488
OCNT-2535451,PAEOFPRSRSRSST-UHFFFAOYSA-N,4.704834567712836,4.437428553848833,4.236265999001506,4.689959600102089
OCNT-2535452,OILYBUCYORVSNU-UHFFFAOYSA-N,4.40313001036508,4.7173393662755325,5.0446875313747155,5.175012606523151
OCNT-2535454,OGDCZXVSGBQEND-UHFFFAOYSA-N,5.230949889326523,4.474108903141825,4.437118520926359,4.270348952029609
OCNT-2535460,AHGPUGNOBPVLGN-HVFKJYJOSA-N,3.974786320226306,3.680653684724134,4.2419633031079576,5.2621165553328755
OCNT-2535461,QUVJUZYXSQGWFB-WGIUUAEBSA-N,5.40677577384275,4.53666380160858,5.049818788982794,3.804730378765691
OCNT-2535462,XFNRDHKLLKOGLQ-VNXPTHQBSA-N,5.23775010707262,4.567513243150959,5.248272314786143,3.9114409548396747
OCNT-2535463,QKMHAXQDDXGVIL-KZMQIFKDSA-N,5.228033462569493,4.6473943493290575,5.003274434912093,4.4922063173578275
OCNT-2535464,OGVWWRHHLXLTMA-XHAYOOOLSA-N,4.585688286166322,5.381676571243249,4.579955415440787,4.39343472160421
OCNT-2535465,RQPHUVUBLSWRJU-RJPUVWTNSA-N,4.39629094444579,4.368778068859323,4.619887162461517,3.942188001583743
OCNT-2535466,RVDIXDKVKBHDOZ-RIJFORKLSA-N,5.305110278465055,5.233507227134517,4.969174362228471,4.716427287727944
OCNT-2535467,GGYFXVVOEHYTQZ-HIDCPEKUSA-N,4.75982340239121,4.066951260690103,4.7761819183755545,3.7935239478301157
OCNT-2535468,JOBOJJDANUYXJK-GFWLXOEUSA-N,4.898066001454197,5.132817441612061,4.772527003022009,4.623838479608392
OCNT-2535469,LWFCHJCJKHVUIA-VUOSCMKMSA-N,4.5679536022779015,4.848422779996286,4.826779538785372,4.376680036231533
OCNT-2535471,UKCAZHRMWOHLFQ-ZRNAQANOSA-N,5.667459422067292,4.639535292432363,4.53178953827464,4.189942627116883
OCNT-2535473,SPYDUYOFQJNSFT-UHFFFAOYSA-N,4.843772615069873,5.677986996303086,4.108187235167206,4.62767769877792
OCNT-2535474,FSWGWWWYPIFJIM-UHFFFAOYSA-N,5.683532073424003,4.799789471320037,3.9871419809733126,4.615039821587008
OCNT-2535475,PMBKCNGYNQSXRW-UHFFFAOYSA-N,5.837987881722704,4.885546133567797,4.372633573203269,4.893403986677542
OCNT-2535477,SWZPUBDKJLZFAB-UHFFFAOYSA-N,5.3318272117883705,4.882025674284628,3.966104520496062,4.5350709119761135
OCNT-2535479,CETCOIXUUZTGDH-UHFFFAOYSA-N,4.985242083396668,5.101977325382005,4.6404613836053805,4.652158186839733
OCNT-2535482,UUNXUCVNDXSLNL-UHFFFAOYSA-N,4.017651491839056,4.230220392537328,4.351271584833513,4.4908190947179465
OCNT-2535486,VFRVNEHAMSLQNP-UHFFFAOYSA-N,3.711554591102325,4.895693918679952,4.069218372566417,5.7942323663056445
OCNT-2535489,VTLFDKXGCFMBGH-UHFFFAOYSA-N,5.075683305551415,5.131822749596479,4.416384503432513,4.855250718153667
OCNT-2535491,NKNZGJBWIMQANB-UHFFFAOYSA-N,5.133562195125055,4.917448140540318,4.628444213522857,5.01225581095962
OCNT-2535492,CUNJKOVWRYTGIN-UHFFFAOYSA-N,4.7521160636375015,4.548911218614116,4.4475278208908025,4.095611314845562
OCNT-2535493,IRSOKLHQDCQHTL-UHFFFAOYSA-N,5.155984867654051,5.107960905688877,4.811599782638107,4.800403533587244
OCNT-2535494,VOMKYYPGNGBDGC-UHFFFAOYSA-N,5.4798076059842264,5.017520220420763,4.719101684101254,4.912268625402171
OCNT-2535495,WYWVZVAYHAEISY-UHFFFAOYSA-N,5.6586926238355595,4.979746786086631,4.793459815890618,4.798800070412129
OCNT-2535496,WJCCOFSTBUGCPR-UHFFFAOYSA-N,5.408668951304211,5.131959771579515,4.793746654236595,4.027098181755644
OCNT-2535497,MVWWCAXQDZBEKQ-UHFFFAOYSA-N,5.0802846380708,5.3987655931213645,4.993222292990804,5.02921234650766
OCNT-2535498,OONHUIJZWVUGQD-UHFFFAOYSA-N,5.638672999080427,4.704833268531513,4.160388504046288,4.868145185253881
OCNT-2535499,YTCWQXKCZPKNIM-UHFFFAOYSA-N,5.029763388290632,5.049294751750389,4.884199731182889,4.921165858019226
OCNT-2535501,HEAHZRJGYCCVPL-UHFFFAOYSA-N,5.300070719983885,4.6245291603341725,3.9671582867074315,4.783472327246677
OCNT-2535502,VRGQUHMHMWMMIO-UHFFFAOYSA-N,4.917194938787552,4.0849294556839935,4.803246720540996,4.8027901542698155
OCNT-2535505,WXJDGUQDVIHQBV-UHFFFAOYSA-N,5.527909595817646,4.785510111585486,4.0910736349859205,4.55302783847997
OCNT-2535507,ASPOCJXGJJQSQE-LLVKDONJSA-N,4.610487143489186,4.448800419530215,4.716849378381979,3.9157298049307707
OCNT-2535509,CJOSMYTWIBGINT-UHFFFAOYSA-N,4.6794520764765535,4.814581444230986,4.486510998664691,4.437261047944672
OCNT-2535510,GZLYFBQUIOGBDE-UHFFFAOYSA-N,4.63489327692764,4.823590507244268,4.59529250997342,4.407374815961309
OCNT-2535511,NFGGLBRCMMWYJY-UHFFFAOYSA-N,4.5476709279026775,4.423607917749536,4.612528219739342,4.402469148949501
OCNT-2535513,XPKQPEGJZMZRBA-UHFFFAOYSA-N,4.38813703443588,4.358955197556525,4.269000906620389,4.046425028234125
OCNT-2535514,NRSSWXDHHIECHM-UHFFFAOYSA-N,4.6836160108420035,4.665791303691923,4.555221206493851,4.273549239681527
OCNT-2535516,KUDWKUFURSFSJL-UHFFFAOYSA-N,4.688380180972444,4.235334310117957,4.654462390999287,3.87910699610144
OCNT-2535517,OXRVVZFSAUNGDY-UHFFFAOYSA-N,4.3393488557315605,4.81793594852399,4.613458324373709,4.264755574983469
OCNT-2535518,LGAAMUFWYIESPQ-UHFFFAOYSA-N,4.4727587154217225,4.893446644151718,4.7196941495073945,3.9671471449620452
OCNT-2535519,IEQWNXZBGUGNNG-UHFFFAOYSA-N,5.848720803740045,5.259816148112025,4.955078593601042,5.244735477854112
OCNT-2535520,QLDUMQHLVQSFJU-UHFFFAOYSA-N,4.982620554371794,4.655146996536077,3.9287283763264504,3.9448428755113274
OCNT-2535521,DUHXDIDGFSUWJS-UHFFFAOYSA-N,4.685941005933131,3.896746278183828,4.639119146863872,2.5371528229843707
OCNT-2535522,UYYOQMHJNVHBOI-UHFFFAOYSA-N,4.681799078046856,5.19453908034028,3.9650243829299616,4.700389798098217
OCNT-2535523,IBFHENRKLHIACR-UHFFFAOYSA-N,3.941404519249745,4.329945296667271,4.771623047257021,3.1673316758581773
OCNT-2535524,KNZOSALJKRZREA-UHFFFAOYSA-N,5.254545879582594,4.413834242106251,4.733424273019218,3.651552033567512
OCNT-2535529,JKGUWXHDDVUFDQ-UHFFFAOYSA-N,4.994314085755548,4.82434507485465,4.210754915400222,4.838267471962469
OCNT-2535530,OIMYVFKAAORUSX-UHFFFAOYSA-N,5.163324248707824,5.8402552990261185,4.285264847689656,5.301345202872889
OCNT-2535531,PDQJLWJVQZINJW-UHFFFAOYSA-N,3.862202021217848,4.397957604968947,4.790065273296808,4.642783493108243
OCNT-2535533,CGXJQNIBUILKHP-UHFFFAOYSA-N,5.697761379698371,4.566986097789311,4.327328331614916,4.738573262784907
OCNT-2535534,UEJLENUDLJDDCQ-UHFFFAOYSA-N,4.642911735274854,5.471537770367998,4.462671903043036,4.532250584405881
OCNT-2535536,MJULYVWFVHPYOK-UHFFFAOYSA-N,5.753878200920333,4.987528813557817,4.979254213758208,4.899942297109696
OCNT-2535537,CDHXVHJOSNONTE-UHFFFAOYSA-N,5.839808642688033,5.4208975655236715,5.489321282736259,4.984922669160255
OCNT-2535538,AXXBNPYZYMTTDD-UHFFFAOYSA-N,5.211538088466313,4.937539677627757,3.840733002597211,3.613719411972299
OCNT-2535539,WPHUJGOUOZPWGC-UHFFFAOYSA-N,5.12766160098109,4.846016952820321,5.079143064671407,5.378663921092978
OCNT-2535540,PJBBPZUOXMVBGM-UHFFFAOYSA-N,5.034313476514055,4.872127533950411,5.121521130767496,4.741528138072451
OCNT-2535541,NSIHAZMQGXAMJI-UHFFFAOYSA-N,4.622815211277224,4.34362006339628,4.757132616346045,4.182256834813589
OCNT-2535543,KVTMJSLAIYWPFK-UHFFFAOYSA-N,4.180417392496874,4.4910080718212795,4.208431955578218,2.984745402550126
OCNT-2535545,HEQILIHBMVATFY-UHFFFAOYSA-N,5.036794607862596,4.842009362646015,4.197788400714061,4.452145962293345
OCNT-2535547,QAYKGARWIMDBCY-UHFFFAOYSA-N,5.212123672507609,4.363042590405269,4.88041387934153,4.92209365993124
OCNT-2535549,SEIPXTQBZWGTMU-UHFFFAOYSA-N,4.807952665953856,4.468594759019744,4.531189633603157,4.4550655398842505
OCNT-2535550,GGQNCTRLLKCMLM-LLVKDONJSA-N,4.598270595329957,3.6959513649775144,4.280954680005737,2.7384185762141233
OCNT-2535551,ZZCTYRLJKBBNHT-UHFFFAOYSA-N,4.271751737571779,4.784449365709726,4.357762625578685,5.144899199646977
OCNT-2535552,XAPMDMIYUPCJOP-UHFFFAOYSA-N,5.6442143746198425,4.854368228920877,4.904934361953059,5.042324215625341
OCNT-2535554,XTWCXVCCEWOSNH-UHFFFAOYSA-N,5.384342101730194,4.972944030705316,4.578250797131373,4.934906006167625
OCNT-2535555,OGDXWUYRZVGURY-UHFFFAOYSA-N,5.486036660750984,4.5388012550551045,4.873071294533463,4.8443738811094486
OCNT-2535556,UHNOQEIMMMIKDG-KRWDZBQOSA-N,4.500964545707213,3.9014504781563284,4.740262333293983,3.748556431458786
OCNT-2535557,LZZLJQWRSKMQMX-UHFFFAOYSA-N,4.499609714675084,6.041551319250482,4.5785322123432275,5.248273442312294
OCNT-2535559,IKMMRTDWOWYUQN-UHFFFAOYSA-N,5.256059714779758,4.111805105846973,5.256373019303911,3.799392073018392
OCNT-2535560,BMGVQTUPKNPSSW-UHFFFAOYSA-N,4.813624174100067,4.348756645887414,4.5223538450106355,4.250612083889266
OCNT-2535563,BIIDUTRIXMOTDH-UHFFFAOYSA-N,5.508978974469487,4.703514514868896,4.833687996298748,3.6803121691775376
OCNT-2535564,JQGBNTLYTQELFB-UHFFFAOYSA-N,5.057893532585489,4.813681004844554,5.31204846256783,4.983493973349144
OCNT-2535565,VXDCYZBVHBMOOK-IBGZPJMESA-N,5.669256798562722,4.906991655684618,5.4541490173506215,4.7853167483307075
OCNT-2535566,VXDCYZBVHBMOOK-LJQANCHMSA-N,5.669256798562722,4.906991655684618,5.4541490173506215,4.7853167483307075
OCNT-2535567,OEPIHANONNHMIE-UHFFFAOYSA-N,5.410130964159952,4.734975490633721,4.727718698134208,4.679986205284364
OCNT-2535569,TUUPNQAXRIADQY-UHFFFAOYSA-N,5.200207997034441,4.886714534838135,4.519591562378315,3.524010755091914
OCNT-2535572,JKDXJPZIACJBTM-UHFFFAOYSA-N,4.4292485371322625,4.635324750977111,4.620088014197076,5.269700936382911
OCNT-2535573,DHIODPBJMYLUQH-UHFFFAOYSA-N,4.66280224833631,5.220844254851305,3.4721467971515163,4.723931616834774
OCNT-2535574,JQHCHHDQTVUKIS-UHFFFAOYSA-N,4.495920658822974,4.955834216554372,4.323492184736109,4.7193583786097015
OCNT-2535576,UQPFUHRCFWVGOQ-UHFFFAOYSA-N,4.494591179398386,4.725692253507852,4.129598395582437,4.9447251830234045
OCNT-2535577,VKBGDNSTFIYJRU-UHFFFAOYSA-N,4.889032456364375,5.144464631494863,4.09532725912686,4.869686089016062
OCNT-2535578,MYLDNWDULMBTAK-UHFFFAOYSA-N,4.226287197343283,4.237422406810081,4.4428065015984215,4.177914997165539
OCNT-2535579,ZLFAIQGHKPFLLF-UHFFFAOYSA-N,5.306678654878798,4.201592912595222,5.029518224678067,3.460853660473958
OCNT-2535581,BIARALUSFDYYBK-UHFFFAOYSA-N,5.375336002971117,4.6736270271086315,5.102798538353231,4.7791038203668
OCNT-2535582,ZRYRYSZIVIUSQK-UHFFFAOYSA-N,5.014636510205178,5.301612420896932,3.7317727497624715,5.383545421481625
OCNT-2535583,OIXWVLVYLBMTPP-UHFFFAOYSA-N,5.209484940888884,4.323381526990083,4.770866308660465,4.741168167128254
OCNT-2535584,YQVIOHWFDXKKCF-UHFFFAOYSA-N,5.211284810417328,4.673472048171908,4.505942356300729,4.659935673752529
OCNT-2535585,PLWGTEPFFAFSNK-UHFFFAOYSA-N,5.334863654177625,4.882464467173182,5.286740476619918,5.4218786570081825
OCNT-2535586,SUUBBRAIMMIKJS-UHFFFAOYSA-N,4.971236444597236,4.299613264739674,5.143615164456244,5.222242497701915
OCNT-2535587,MQDNXQXDFDMRTR-UHFFFAOYSA-N,5.5083740856021866,4.77738139942097,5.139890836926013,4.895302814034435
OCNT-2535588,LPZGJDHZXHWFKL-UHFFFAOYSA-N,5.772716390297098,4.93942497840499,4.763626129281031,4.633202927130863
OCNT-2535589,DXQZQTGBCDFXJN-UHFFFAOYSA-N,5.627828708710324,4.859011116469841,4.788616954069052,4.8049055953084325
OCNT-2535590,JMEVYSUMMPPCNK-UHFFFAOYSA-N,5.421720838431617,4.582924389624181,5.327242122568853,4.975148966205978
OCNT-2535592,SPMCZRVDSHKPHZ-UHFFFAOYSA-N,5.056454844289982,4.941998573443055,4.504458425183684,4.966596824306293
OCNT-2535593,QORPNJUHQFNFAO-UHFFFAOYSA-N,5.933858452876419,4.486062652262604,4.645546942212988,5.200385168574473
OCNT-2535596,PGZDULVGIFEKJO-UHFFFAOYSA-N,5.286849879333287,4.954191416139455,4.755574681784436,5.006710835462395
OCNT-2535597,CIKYTJVUIFDYBQ-UHFFFAOYSA-N,4.967936574231325,4.614386267367382,4.767604721956944,4.189640288711954
OCNT-2535598,PTRNIWLUYYNJPG-UHFFFAOYSA-N,4.366086676884144,3.78696181265033,3.875116608469217,2.8971169002094563
OCNT-2535599,DBKQNLOMLAQNIS-UHFFFAOYSA-N,5.441579909769472,5.028446454019778,4.8975027837135165,5.188766635085855
OCNT-2535600,JTSBSXZVHCIHLI-CYBMUJFWSA-N,5.38658221088134,5.063477216984489,4.806478757124582,5.249922900312675
OCNT-2535601,GEFUIQKFYGBVRF-UHFFFAOYSA-N,5.97420855799959,4.80831349917162,4.556327618669553,4.868153394606889
OCNT-2535602,PZNNPXHBWSCTTO-UHFFFAOYSA-N,5.54664265231612,5.033619908217073,4.575924150283233,4.615441059538561
OCNT-2535603,CUFPYJFLBNZMOA-UHFFFAOYSA-N,4.771354171887574,4.0302937266386465,4.367544957927109,3.272133492812978
OCNT-2535605,DQHOPQPJUVXCQP-UHFFFAOYSA-N,4.619069082714503,4.8803148529315346,4.589699409823412,3.901714995470298
OCNT-2535606,HACCLFSUZUAKGP-UHFFFAOYSA-N,4.8684784277216,4.33983086639667,4.520890244186138,4.209286775466736
OCNT-2535607,CKXVFIPITDNXJD-UHFFFAOYSA-N,4.442865337995518,4.483370009690344,4.029327462579333,4.1664356670360485
OCNT-2535611,MAPJHDPXQXFZKP-UHFFFAOYSA-N,5.079773013658967,4.743004038160477,4.411683253357856,5.125989438169451
OCNT-2535612,ROSOUTDABWNWNG-UHFFFAOYSA-N,5.522283422393879,4.684608923201194,4.532000493574048,4.793564950983866
OCNT-2535614,BNTNTTDFRWQZSX-UHFFFAOYSA-N,5.4566713025483295,5.039101430357197,4.42511199720783,4.877975904654652
OCNT-2535616,NNSHXSLVAWXCRS-UHFFFAOYSA-N,5.202398826071058,5.130831733460024,4.597452335502403,4.831775801700254
OCNT-2535617,ASONSTZFKYORPI-UHFFFAOYSA-N,5.310866925399724,4.511596624923182,4.103461688284519,4.685939013229954
OCNT-2535618,GMSGUDRQGQFXOP-UHFFFAOYSA-N,5.4047038997246,4.74701318554879,3.818312968400404,4.530978106692869
OCNT-2535619,RNRNGFWNMPQBSY-UHFFFAOYSA-N,5.557625114564709,5.0159392193135535,4.538081956680532,5.191000467886331
OCNT-2535620,AMPWWLIMOOMKAQ-UHFFFAOYSA-N,5.465554995560024,4.564363350085624,4.386290044256742,4.628513768821549
OCNT-2535621,QHEWAGFBUXKCTM-UHFFFAOYSA-N,5.308616346182403,4.710505366891659,4.114420150787774,4.508822758248883
OCNT-2535623,JJYWLFQRQOTSKA-IUCAKERBSA-N,4.854366336927249,3.99165446490204,4.7527160988149495,3.299636713540291
OCNT-2535624,IYCLSQIPWSQNIF-UHFFFAOYSA-N,4.6482682600356595,4.797775377046344,4.846482074665163,4.699506856542276
OCNT-2535625,ODSYZVWQYJLMAW-UHFFFAOYSA-N,4.612348197649042,4.591165894333384,4.583736789744724,4.083486634110345
OCNT-2535626,ZPNQUHVMHVNRCK-UHFFFAOYSA-N,5.172681205050584,4.518167345169673,4.887507946866345,3.8346669171415844
OCNT-2535627,PXARPJQYVTVYOH-UHFFFAOYSA-N,4.667423489466535,4.655505647421382,4.596760986352902,4.808781429465181
OCNT-2535630,KVPAMEMYQLETCL-UHFFFAOYSA-N,3.913329366066569,4.376683228979615,4.3796163301388855,4.534075266639926
OCNT-2535632,DILHJKQJIRRSPN-UHFFFAOYSA-N,5.786273745092099,4.772526005790708,4.406078302588043,5.100270027976076
OCNT-2535634,GNWYBOAPRZJEJI-UHFFFAOYSA-N,5.440719350954614,4.2538973138746705,4.566103330611773,3.634786519742335
OCNT-2535635,RFLYDQLJNTUTAF-UHFFFAOYSA-N,4.374708663261299,4.987997321889486,4.057833199953632,5.419524680457656
OCNT-2535638,JBUMYJJTMDCCOX-UHFFFAOYSA-N,4.211245153637838,4.104710031183537,5.122005202531887,3.1314869535604175
OCNT-2535639,ALWDRGAHNVDCTR-UHFFFAOYSA-N,4.159825247864873,4.52112819856932,4.84381314477786,4.142333542669862
OCNT-2535640,XXGXHKARXLHQMT-UHFFFAOYSA-N,4.318917166524008,4.275925500580168,5.06833463475982,4.400876389086806
OCNT-2535642,DUVCDNFPERLZRI-UHFFFAOYSA-N,3.9361217168788234,4.268112226924271,4.96801017539327,3.8572674874191755
OCNT-2535643,UPPVEVGLQBMBBV-UHFFFAOYSA-N,4.28296430154886,4.534635159718841,4.956050894106692,4.227511556737512
OCNT-2535644,FYBARWQRIIGYFV-UHFFFAOYSA-N,5.18006692165937,4.318978771986181,4.268946003029097,3.898682151318542
OCNT-2535645,PHWVFUZKPXFHHN-UHFFFAOYSA-N,5.063697956184153,4.775672705797569,4.414100472658487,4.100800975952169
OCNT-2535646,MCDMTZKCLHECNU-UHFFFAOYSA-N,5.140372003666787,4.490070954286086,4.691740520407666,4.817993955667919
OCNT-2535648,OMNJUTZGQKOEPZ-UHFFFAOYSA-N,5.693801629569409,4.796848128332863,4.5494373642554935,4.7651692300238935
OCNT-2535649,VQUDCUFYSLKRGD-UHFFFAOYSA-N,4.866191279538863,5.163565108771414,4.410842871353713,5.430925893154174
OCNT-2535650,OQMAXFFQKLMZJI-UHFFFAOYSA-N,5.457355180136861,4.903944322491921,5.263474876136652,4.755833992095611
OCNT-2535651,UWRJXBUQMYHCRA-UHFFFAOYSA-N,5.189596637296854,5.007988569134844,4.347446656657852,5.009133595907817
OCNT-2535652,HTLOUMQRJPHKLH-UHFFFAOYSA-N,5.763415446873204,4.462592144621172,4.923436559571197,2.847514542448327
OCNT-2535653,IIZRSIBPQXZADI-UHFFFAOYSA-N,4.919594772598327,4.704993707434601,5.124701354220471,4.890903177348931
OCNT-2535654,NAPKFRKJFGJAFA-UHFFFAOYSA-N,4.585782407676646,3.856914065811548,4.902238478309731,3.0988831470341145
OCNT-2535655,IXIORTXFXIMRGX-UHFFFAOYSA-N,4.971084453700469,3.7809697613681736,4.946206173641037,4.163463108218151
OCNT-2535657,KECHVMAHQAJKAO-UHFFFAOYSA-N,5.056685425607413,4.609059154502614,4.610695888261759,4.366527261373968
OCNT-2535658,NBVNOCVGFIHQIF-UHFFFAOYSA-N,5.09285295926215,4.967045703968215,4.0719554156411535,4.887865096317437
OCNT-2535659,KNFDVTMLZUPRKU-UHFFFAOYSA-N,5.498196203462765,4.718714164497091,4.376669973494127,4.341229203939135
OCNT-2535660,PVEVZCXYGQHBHJ-UHFFFAOYSA-N,5.07030681148952,4.70601351316207,4.691062558557549,4.35462268815352
OCNT-2535661,HARCRWKYGNXMLV-UHFFFAOYSA-N,5.519180053605988,5.056058593237165,5.140612596243203,4.774760472768754
OCNT-2535662,CJSGMMLTXFAXPB-UHFFFAOYSA-N,5.245744456046092,4.683809610380553,4.775434045816431,3.9914586832465684
OCNT-2535663,OFRPTPAADJOPPM-UHFFFAOYSA-N,4.834991130626062,4.5608507919941434,4.516951847639791,3.395106980679177
OCNT-2535664,VACWFTSNYCGOSP-UHFFFAOYSA-N,5.546832328510156,4.6170925104942535,4.8413121371337295,4.568012846166584
OCNT-2535665,VWWGWOGNHKPWNE-UHFFFAOYSA-N,5.565110180845831,4.53784835519525,4.644268085529253,4.635787500134521
OCNT-2535666,LVFVQOFQOOLRJQ-UHFFFAOYSA-N,5.099656280534466,4.69147487689132,5.350095405785841,4.348097849432936
OCNT-2535667,BLMVIILCDNTTEE-UHFFFAOYSA-N,4.90035925069143,4.446211396180039,4.897270862071335,4.2171316865481305
OCNT-2535668,DACUBDAGRHAABD-UHFFFAOYSA-N,4.571008213690898,4.798136471256583,5.041450967272142,4.034961005071764
OCNT-2535670,UUWMHEHPBUPKAP-UHFFFAOYSA-N,5.163493050278322,5.004331505577962,4.554041999385063,4.851683804267985
OCNT-2535671,JRAMMCXVHLQAHP-UHFFFAOYSA-N,5.229686564384342,4.732505457657135,5.239373492992954,5.404052560521795
OCNT-2535672,XFGAAZPALJLDKG-UHFFFAOYSA-N,5.577446120757722,5.030948715269533,4.492259136467231,4.947744351467731
OCNT-2535673,PVGVRWLPMOYWEH-UHFFFAOYSA-N,4.7498259031090235,5.010080122739936,3.997667609189624,4.9094228791713315
OCNT-2535675,RUOLLNNGVRSGNN-UHFFFAOYSA-N,5.239378014195337,4.439722553034294,4.362807273133551,3.8406279914166825
OCNT-2535677,IVEIBVYQZUNAHX-UHFFFAOYSA-N,4.71040146783462,4.318447050397098,4.356619287162151,4.522573351494404
OCNT-2535679,LRBSZSOVEIBXRY-UHFFFAOYSA-N,5.130448221413795,4.049600155288857,4.975385374738488,3.9861241282314173
OCNT-2535681,DRSRKEFMNUKDTA-UHFFFAOYSA-N,4.908240664621781,4.805186678040521,4.59872214838034,5.102398402028147
OCNT-2535683,CSTRDFXEVCRSAM-UHFFFAOYSA-N,3.9067080660593656,5.036711960488825,4.593352332163342,4.609325953156646
OCNT-2535685,MGRICPSSZFRPCD-UHFFFAOYSA-N,5.017995414740584,4.693154579468975,4.441956495810845,4.505462346345412
OCNT-2535686,WYGJCBYIFAATAO-UHFFFAOYSA-N,4.403592870727373,4.871925633598397,4.745581239279689,4.02964842026378
OCNT-2535687,NZQNBNRENDLDML-UHFFFAOYSA-N,4.568703439689156,4.295094572332256,4.639921333339121,3.411938739817878
OCNT-2535688,UFSYAAOXXINHFF-UHFFFAOYSA-N,5.592569406977358,5.134645930854043,5.335017405874026,4.595687066268022
OCNT-2535689,JBYVSGPXEKBQBZ-UHFFFAOYSA-N,5.522188781489376,4.78651182650252,4.951261640729439,5.400560599027679
OCNT-2535690,HLZIGJDHLUTNLW-UHFFFAOYSA-N,5.814891894375369,4.591025510312641,4.544318349657232,5.20657762792316
OCNT-2535691,CMZPXMYQADBDAY-UHFFFAOYSA-N,5.173260122602792,4.877109001884064,5.276286171020648,4.8792193254604594
OCNT-2535692,ODTKYEDYGZTROD-UHFFFAOYSA-N,5.286605347459603,4.868753051926792,5.319655993694615,4.647978073899812
OCNT-2535693,QBYBLJHTEHMIGP-UHFFFAOYSA-N,5.033961859674859,5.231186809829623,5.7629502870023765,5.6165293189249335
OCNT-2535694,KWJSMLGDFNJFDG-UHFFFAOYSA-N,4.258130338729433,4.249179102972913,5.1249488154733545,2.8425028510426142
OCNT-2535695,OHDKEIMBJAPVQR-UHFFFAOYSA-N,5.36956952383339,5.657456686893134,5.203277239547107,4.817309028736859
OCNT-2535696,USSXXNFTIIOUDG-UHFFFAOYSA-N,4.9275188952977285,4.821711667289892,5.529679966336398,5.408389212672651
OCNT-2535700,DIGRVLNWOITUJN-UHFFFAOYSA-N,4.659258922690764,5.144858843229266,5.117543590067707,4.94668290757918
OCNT-2535701,GEYDCUDSXDUENK-UHFFFAOYSA-N,4.646757839851308,4.557158913588197,4.746289212083648,4.435279083097089
OCNT-2535702,RFADLVBLBNWYRW-UHFFFAOYSA-N,5.596220925706022,5.220011873643042,4.971448233310923,5.0192088738377105
OCNT-2535703,SPSHBGKJKWGKHH-INIZCTEOSA-N,4.080266775821293,4.216467176541727,4.884146745275789,3.1720520373283065
OCNT-2535705,HXVPFDWDSDTTSE-UHFFFAOYSA-N,5.4241739543874115,4.711647164853713,5.153821306507455,4.604375833480591
OCNT-2535706,DZDXENYZKRWWPA-UHFFFAOYSA-N,4.0754071068032545,5.056839514625373,4.411274803539742,4.251055100839496
OCNT-2535708,RWFMTTFMSFTYDP-UHFFFAOYSA-N,4.878116124554254,5.048372430583176,4.8131902664270045,4.206985673684995
OCNT-2535712,ROEIPZQYACJARQ-UHFFFAOYSA-N,4.515559689876752,4.804994429685744,5.041244081783074,4.560827889026181
OCNT-2535713,BCOJQNDYKGDSKW-UHFFFAOYSA-N,5.2849217206730374,4.88312997108529,4.779743865361489,4.0073137183054355
OCNT-2535715,RYXWZOWLCANEOY-UHFFFAOYSA-N,4.770862297962355,4.05151174916273,4.482758422281553,3.489340840874162
OCNT-2535717,HUGNWMRXMYQMAD-UHFFFAOYSA-N,4.864903468083904,4.184107587002992,4.3954445239979965,3.9943521040287484
OCNT-2535720,DOMSXLVTHIWDNG-UHFFFAOYSA-N,4.24948880037868,4.568839518542273,4.973357548821356,4.049554204295393
OCNT-2535724,YMRPNHDRNWAFJV-UHFFFAOYSA-N,4.441333026029407,4.142757508548793,5.318921423042865,3.5245766793602473
OCNT-2535725,HGUJPLVJHNCGPO-UHFFFAOYSA-N,5.513362041339176,5.300179579608341,5.148522778335087,4.190937020299121
OCNT-2535726,DZEYODOFDOXEBZ-UHFFFAOYSA-N,5.527381485269106,4.441480604935499,5.1621560911152855,3.742372433188147
OCNT-2535728,AGKPKQIXODEXMV-UHFFFAOYSA-N,5.287892938950254,4.971321913076527,5.257850482533589,4.680262055171961
OCNT-2535729,DCNQMYDCNBYKNX-UHFFFAOYSA-N,5.558456840991156,5.513842740014322,5.1535236865583185,4.916312699180192
OCNT-2535730,BLUQTPIYVZRMCH-UHFFFAOYSA-N,4.5083901746792705,5.540834824701627,5.2268741205963245,5.393240326007259
OCNT-2535731,SYGNILDAYOGBAE-UHFFFAOYSA-N,4.365379097012843,4.9146389408111615,4.7416134068687406,4.538555705771202
OCNT-2535732,XYNADGGLDALKBZ-UHFFFAOYSA-N,5.271103167266453,5.174329376211507,4.757666222168886,4.550029091623165
OCNT-2535733,JDKQFMVTCMWQJY-UHFFFAOYSA-N,5.6794347143951285,5.122600216118372,5.22226372329762,4.668502901627956
OCNT-2535734,YJEZLCBPSMHHEI-UHFFFAOYSA-N,5.111700385303445,4.408749002930353,4.7618465837674995,3.5352554187829552
OCNT-2535736,NJFMBQGRCMUABM-UHFFFAOYSA-N,5.468931124180944,4.6196974150252545,5.066819225392099,4.518715117276409
OCNT-2535737,KUBKVEWRTKQMEO-UHFFFAOYSA-N,4.862028047221033,4.597810836232992,5.058955127770254,4.9208279648732045
OCNT-2535738,XTMPNZLSNOJPCM-UHFFFAOYSA-N,4.940402746913113,4.364608718856416,4.997015280652423,3.6441459536506904
OCNT-2535739,KIYHLOCUJAIDOX-UHFFFAOYSA-N,5.16071661402619,4.443953886135396,5.247808091534551,5.096210889536235
OCNT-2535740,XOLWPVSAEUFQJI-UHFFFAOYSA-N,5.072305198569445,4.722893290312612,5.148758228905345,4.757304313438451
OCNT-2535741,DTPDRVISUIINAK-UHFFFAOYSA-N,5.130474506906295,4.758997720384255,4.9974237644053385,4.978568307643029
OCNT-2535744,GHKDUBULJOTSMF-UHFFFAOYSA-N,5.367055232900404,4.999233079245964,4.7296047379435775,4.166380930237433
OCNT-2535745,SDXKHDJDJZBWJN-UHFFFAOYSA-N,5.068604552035967,5.4766864425714825,4.510842841013272,5.390858788602569
OCNT-2535746,SCGUSKMJDDLFPT-UHFFFAOYSA-N,5.075701470254232,5.210087377595412,4.814945515994897,4.620548921220095
OCNT-2535747,ZYXJEDLTPGIXRH-UHFFFAOYSA-N,5.496695301361168,5.099197687961707,5.128461831379185,4.651803611815295
OCNT-2535748,ZXXIGCQOYSVQBE-UHFFFAOYSA-N,5.093316056931313,4.526408337026285,4.912533519762652,4.405097946027455
OCNT-2535749,DFKUWBZCRWBFBD-UHFFFAOYSA-N,5.060166371372052,4.329055177854965,4.754962048134817,4.649298463363452
OCNT-2535750,LEBZWCJYLFQIKX-UHFFFAOYSA-N,4.58003376136157,4.9196041614511445,4.4536373903077875,5.3521646377325265
OCNT-2535751,XJBRIKMVJPSFNO-UHFFFAOYSA-N,4.353080156500628,5.123340255178793,4.484710702888421,5.346042688525428
OCNT-2535753,HPHMKNZBEMPYIM-UHFFFAOYSA-N,5.374133929910524,4.393160182688599,3.9705665860606647,4.213229993984537
OCNT-2535754,QDNGMDMPPXVWJW-OAHLLOKOSA-N,4.065935807362332,5.016645368363672,4.647682018071778,4.667956246700093
OCNT-2535755,SYTRDJXUBLVVSS-SFHVURJKSA-N,4.407298640343528,4.388582434390062,4.013867706631686,3.831447680195831
OCNT-2535757,WKYHEHGKKDLBRU-UHFFFAOYSA-N,5.524783363359052,4.794596502976655,4.920319760527389,4.852941181827411
OCNT-2535759,CDQCUPVHZNEFQP-UHFFFAOYSA-N,4.107799904964265,4.536732822017142,4.769440464388208,4.071691315829844
OCNT-2535760,LYOAVHYUUXMMEH-UHFFFAOYSA-N,4.861557921449707,4.750625933777151,4.610583272340967,5.344909606772258
OCNT-2535761,KDDXXHDAXWIDFL-UHFFFAOYSA-N,5.440839356878083,4.537749460650723,5.005453956389122,4.779474809012391
OCNT-2535762,SJOFEAYJCSETSO-UHFFFAOYSA-N,5.703629605031305,4.1505603951859005,4.320054340463611,4.319722556147504
OCNT-2535763,LTUDQJFGRMACGP-UHFFFAOYSA-N,5.2828128504420695,5.320173549876626,4.6156406859151184,4.7287536283245695
OCNT-2535764,GUXDQSOLXUVFEX-UHFFFAOYSA-N,5.323603990419664,5.294224846029934,4.491348975261033,4.838569363315942
OCNT-2535765,DTRMTQCFCBDOGO-UHFFFAOYSA-N,4.742093829512568,5.119028066223517,4.682030899754248,4.643754041298576
OCNT-2535766,JXCHQUUVGOJRKJ-UHFFFAOYSA-N,5.699907885843767,4.6895019138791545,4.40218397892735,4.801931514172506
OCNT-2535767,QTYUBSTUSLGHAD-UHFFFAOYSA-N,5.244815570948318,4.658136006666952,4.9997097913453,5.563370927004853
OCNT-2535768,DZFXOMRXESENLI-UHFFFAOYSA-N,5.146663379474443,4.6278200609660765,4.858216986916023,4.639935348628894
OCNT-2535769,OBDRTDABZZJYNV-UHFFFAOYSA-N,5.786134840331632,5.003161003926762,4.471824729007951,4.967157864247852
OCNT-2535770,RXZOPUPVNNGHNG-UHFFFAOYSA-N,4.859077157371786,4.69879622759615,4.122968597566044,4.490619239001747
OCNT-2535771,GFLBMXPEJCZAIQ-UHFFFAOYSA-N,5.033065807935402,5.069598825524748,5.083218419708262,4.917166016879972
OCNT-2535772,LUELAUJTIDGOGT-UHFFFAOYSA-N,5.123998681562559,4.833660282067014,4.513635047681552,4.4448497826323905
OCNT-2535773,JPSHHOVFBYETDT-UHFFFAOYSA-N,4.660130080669816,5.2153833592883805,4.238699937174373,5.1883888685817094
OCNT-2535774,NBFPPDSKRLSWEK-UHFFFAOYSA-N,4.681956866297001,3.587469508999063,4.720070371263388,3.1052840225660328
OCNT-2535775,PVGFAMHQHVOWIM-UHFFFAOYSA-N,4.397901617777935,4.52320972384504,3.8121293991653826,4.362171076401116
OCNT-2535776,MCTRZKAKODSRLQ-UHFFFAOYSA-N,4.630669177455741,4.241259759204176,4.166325649299076,4.385922300194859
OCNT-2535777,CKXAAXUYRZNYJP-UHFFFAOYSA-N,4.048299282997488,4.2759593348143845,4.379774339692419,4.535398656826261
OCNT-2535778,VFQXEYKTWNRSQE-UHFFFAOYSA-N,4.825142814885255,4.675337393690876,4.034145858838222,3.8760187908097703
OCNT-2535779,JQYVYWKGLKWXMU-UHFFFAOYSA-N,3.935093599858316,4.340271138993805,4.3676818445047925,4.688541212916895
OCNT-2535780,MLOXWFJWKSNEFB-UHFFFAOYSA-N,4.117594191853077,4.764336098111976,3.833272801204337,5.080485024799591
OCNT-2535785,ZVYVOMJOBMQXDF-UHFFFAOYSA-N,4.538464434690575,4.58835595911074,4.430398805774059,4.363328733472653
OCNT-2535786,BIZWRKPRTALEGZ-UHFFFAOYSA-N,5.866444177284218,4.614038898471735,4.331200278288904,4.685448068686218
OCNT-2535787,YLHGXCNUHMCAAZ-UHFFFAOYSA-N,4.3061211466373415,4.554915260571408,4.726540134078551,4.2434933657637535
OCNT-2535788,DLHHFYXNVIMXSY-UHFFFAOYSA-N,4.071911988617985,4.301819282548031,4.473158459300527,3.949517687281207
OCNT-2535793,HFQKXZJLNCTZKT-LDCVWXEPSA-N,4.104543582734658,4.362624276522579,4.9031667604888876,4.5127064748008285
OCNT-2535795,LNATUTXDDFFCAO-UHFFFAOYSA-N,5.287562201597077,5.780250445566601,4.571438300395312,4.958203001194093
OCNT-2535797,SPYQSXKSVXZMGL-UHFFFAOYSA-N,5.419946126189403,5.269737832819857,4.6785024342260595,4.962135136893485
OCNT-2535799,NPYMTVWOEKCYBC-UHFFFAOYSA-N,5.4194778967502675,4.969408991551457,4.260682558422029,4.626992046347008
OCNT-2535801,ONFHJCDDZWRYCM-UHFFFAOYSA-N,4.757947720603237,5.319543040076861,4.1545460400717396,4.5717332424425665
OCNT-2535802,FTBFYEZBFASXNM-UHFFFAOYSA-N,5.448579745476374,5.470591385144052,5.142743769418961,5.34617020106447
OCNT-2535804,LKHMLRTWBDHNIT-UHFFFAOYSA-N,5.34426048082116,4.532994716711223,4.310239980332881,4.787062415133779
OCNT-2535805,RBJSXJXXKINGKA-UHFFFAOYSA-N,5.03452067630304,4.865924529576445,4.442467829998728,5.069523298614549
OCNT-2535808,PGPXIARBWTYIGW-UHFFFAOYSA-N,5.161350108682889,4.8897397879395195,3.9961199167027344,4.793726634814997
OCNT-2535809,FZTBDZWEDOVRFP-UHFFFAOYSA-N,5.665947560755484,5.1726006805752895,4.73306732227255,4.709545652100873
OCNT-2535810,MEQMJZOEHYDCQO-UHFFFAOYSA-N,4.463173042854065,4.485355544753842,4.848337532609297,3.483022219399083
OCNT-2535811,MEPRZRJWPNAIHY-UHFFFAOYSA-N,4.64249141054117,4.971602379174341,5.268153542168535,4.775695701552041
OCNT-2535812,VCFQFPHACUNRAC-UHFFFAOYSA-N,5.210656863087026,4.825585498268663,4.636414287727186,4.531609768237492
OCNT-2535813,HKIGXXRMJFUUKV-UHFFFAOYSA-N,4.969696123837331,3.6131235020024324,4.417895283250767,3.290388506837087
OCNT-2535814,FRFKEOSMRYMHPT-UHFFFAOYSA-N,4.761286914146502,4.653125403627612,4.660679371666252,4.579605451723341
OCNT-2535815,IUUBNJJLZBNSNC-UHFFFAOYSA-N,4.793341181642688,4.187572816109022,4.834515108748424,3.583618961925512
OCNT-2535816,GWWARNAMYLWFAV-UHFFFAOYSA-N,5.27358354059887,5.373210940995623,4.533255322892691,5.410760967722656
OCNT-2535817,OTTWXFWSWWLTQO-UHFFFAOYSA-N,5.881671890494694,5.024881116803366,5.2585448251827875,4.551789546120388
OCNT-2535819,YUECIVDTKKYMID-UHFFFAOYSA-N,4.756911256523508,4.936611366041468,4.0596554457186675,4.424659539551497
OCNT-2535820,PMFHBNLDQVCDDX-UHFFFAOYSA-N,3.941345745146397,4.618170339576553,4.400003871286248,4.138609786221487
OCNT-2535821,IHQFZWWKWCJFSI-UHFFFAOYSA-N,3.6952092543258286,4.873178445846846,4.521346421715946,4.473652207261672
OCNT-2535823,QOXBOCMHNFGBOB-UHFFFAOYSA-N,3.960819419521124,4.478175860532336,4.4034965841156115,4.187744726605422
OCNT-2535824,DWQNAARBDYKTBP-UHFFFAOYSA-N,4.4212264874751925,4.863602017226652,4.253727236188805,4.134421076383478
OCNT-2535825,BOGABBQKWLODMY-UHFFFAOYSA-N,3.970934219271671,4.732729235694234,4.346868228869677,4.349359063527824
