n_components,explained_variance_ratio,cumulative_explained_variance
1,0.1981469870148738,0.1981469870148738
2,0.106221189875719,0.3043681768905928
3,0.06374151188858192,0.3681096887791747
4,0.04324998417981692,0.4113596729589916
5,0.03352080155462469,0.4448804745136163
6,0.025001170003139284,0.46988164451675557
7,0.02442403902732016,0.4943056835440757
8,0.021385602893815064,0.5156912864378908
9,0.01985135237530003,0.5355426388131908
10,0.019549957976607715,0.5550925967897985
11,0.01752971024130302,0.5726223070311015
12,0.01670723630684142,0.589329543337943
13,0.015167200355822273,0.6044967436937653
14,0.014673046266722736,0.619169789960488
15,0.013943856822693565,0.6331136467831816
16,0.012856844371567425,0.645970491154749
17,0.011449166071466118,0.6574196572262151
18,0.01053376743594401,0.6679534246621591
19,0.009663849981810862,0.67761727464397
20,0.009383114739839708,0.6870003893838097
21,0.009193715756714484,0.6961941051405242
22,0.00793783271854837,0.7041319378590726
23,0.007624231374216753,0.7117561692332893
24,0.007383935228245811,0.7191401044615351
25,0.006953862483094514,0.7260939669446296
26,0.0066325552755366985,0.7327265222201663
27,0.0061164107387579325,0.7388429329589242
28,0.005655766240650422,0.7444986991995747
29,0.005556992004572876,0.7500556912041475
30,0.005492715703695301,0.7555484069078428
31,0.00512435300972545,0.7606727599175682
32,0.004884026637742561,0.7655567865553108
33,0.004766739066935313,0.7703235256222462
34,0.004533807575884351,0.7748573331981305
35,0.00443046436692877,0.7792877975650593
36,0.004343322012689377,0.7836311195777487
37,0.0042165782186435324,0.7878476977963922
38,0.004000519439448397,0.7918482172358405
39,0.0037898188083638168,0.7956380360442044
40,0.0036944137844132125,0.7993324498286176
41,0.003565107423057961,0.8028975572516756
42,0.0034839751216360552,0.8063815323733116
43,0.0033693517078253114,0.8097508840811368
44,0.0032610046240743114,0.8130118887052111
45,0.0030892660063983556,0.8161011547116095
46,0.0030473364454703875,0.8191484911570799
47,0.0030352574906664874,0.8221837486477463
48,0.0029567198846510863,0.8251404685323974
49,0.0028885863435382316,0.8280290548759357
50,0.0028197024810983624,0.830848757357034
51,0.002766103004933265,0.8336148603619673
52,0.002703309030373693,0.836318169392341
53,0.0025899094681249095,0.8389080788604659
54,0.0025445672527422882,0.8414526461132082
55,0.002515149796490877,0.8439677959096992
56,0.0024628067598568694,0.846430602669556
57,0.002427674264578494,0.8488582769341345
58,0.0023660983039040344,0.8512243752380385
59,0.002298265617912625,0.8535226408559511
60,0.002278507237352481,0.8558011480933035
61,0.0022322670123942102,0.8580334151056977
62,0.0021072783676866027,0.8601406934733844
63,0.002080987385113414,0.8622216808584978
64,0.0020699616874044315,0.8642916425459023
65,0.002018424806704281,0.8663100673526066
66,0.001997788236446738,0.8683078555890533
67,0.0019372679191818247,0.8702451235082351
68,0.0018916821072053624,0.8721368056154405
69,0.0018835968661366671,0.8740204024815772
70,0.0018429109441545793,0.8758633134257318
71,0.0017940846088372155,0.877657398034569
72,0.0017903004375732984,0.8794476984721423
73,0.0017220765162546568,0.881169774988397
74,0.0017085774063366915,0.8828783523947337
75,0.001679026049277709,0.8845573784440114
76,0.0016496702345910996,0.8862070486786024
77,0.0016248592461147458,0.8878319079247172
78,0.0016189225181157168,0.8894508304428329
79,0.0015974207600560494,0.891048251202889
80,0.0015729912012605177,0.8926212424041495
81,0.0015531897345312947,0.8941744321386809
82,0.0015323801540892443,0.8957068122927702
83,0.0015180707444147664,0.897224883037185
84,0.001510870316030309,0.8987357533532152
85,0.0014947121396972046,0.9002304654929124
86,0.001470584540591111,0.9017010500335035
87,0.001452730593322751,0.9031537806268263
88,0.0014319745784880337,0.9045857552053143
89,0.0014201173044069025,0.9060058725097212
90,0.0014006770076006362,0.9074065495173218
91,0.0013972832487191404,0.9088038327660409
92,0.001354162902937967,0.9101579956689789
93,0.001327065866947122,0.911485061535926
94,0.0013080538565478095,0.9127931153924739
95,0.0012906351928312885,0.9140837505853051
96,0.001283922862229376,0.9153676734475344
97,0.0012679309360360323,0.9166356043835705
98,0.0012532270395524472,0.9178888314231229
99,0.001242602396002841,0.9191314338191258
100,0.0012082299353259284,0.9203396637544516
101,0.0011884792651052092,0.9215281430195569
102,0.0011676187378053646,0.9226957617573622
103,0.001156725031382428,0.9238524867887447
104,0.0011452660096567362,0.9249977527984014
105,0.0011388813980327897,0.9261366341964341
106,0.0011175374228446424,0.9272541716192787
107,0.001106614981695755,0.9283607866009744
108,0.0010852574489015033,0.929446044049876
109,0.0010585181078107864,0.9305045621576867
110,0.0010221896440277929,0.9315267518017145
111,0.0010136419082582887,0.9325403937099728
112,0.0010069818315984668,0.9335473755415712
113,0.0009894986590653673,0.9345368742006366
114,0.0009827736211792748,0.9355196478218158
115,0.0009617666004416158,0.9364814144222574
116,0.000943962437117009,0.9374253768593744
117,0.000921754565615008,0.9383471314249895
118,0.0009127461601990865,0.9392598775851886
119,0.0008945423438069277,0.9401544199289955
120,0.0008694410362658086,0.9410238609652614
121,0.0008613499377265652,0.9418852109029879
122,0.0008449781571904238,0.9427301890601784
123,0.0008348573727714544,0.9435650464329498
124,0.0008182401905073507,0.9443832866234572
125,0.0008067758158713237,0.9451900624393285
126,0.0007983068102233733,0.9459883692495519
127,0.0007749670095955443,0.9467633362591474
128,0.0007696432557139181,0.9475329795148614
129,0.0007419334556775257,0.9482749129705389
130,0.0007264431729840498,0.949001356143523
131,0.00071519046664483,0.9497165466101678
132,0.0007132040895385236,0.9504297506997064
133,0.0007034718788982813,0.9511332225786047
134,0.0006953318924772907,0.951828554471082
135,0.0006887344563258211,0.9525172889274077
136,0.0006622651617908675,0.9531795540891986
137,0.0006547168487965027,0.9538342709379951
138,0.000645127277468991,0.9544793982154641
139,0.0006428653159468165,0.9551222635314109
140,0.0006378302294199999,0.9557600937608309
141,0.0006248849749669257,0.9563849787357979
142,0.000616034824947807,0.9570010135607456
143,0.0006051977410030786,0.9576062113017487
144,0.0005981925327471422,0.9582044038344959
145,0.0005895624780678361,0.9587939663125638
146,0.0005795921777011646,0.959373558490265
147,0.000578627367758745,0.9599521858580237
148,0.0005706580779872952,0.960522843936011
149,0.0005590650422239188,0.9610819089782349
150,0.0005521199649553835,0.9616340289431903
151,0.0005369429995353609,0.9621709719427256
152,0.0005255962082301282,0.9626965681509557
153,0.0005237633427486467,0.9632203314937043
154,0.0005124927542021089,0.9637328242479064
155,0.0005075241275080094,0.9642403483754144
156,0.0005005612978207656,0.9647409096732351
157,0.0004975573131449695,0.96523846698638
158,0.0004888939334614989,0.9657273609198416
159,0.0004785259496091953,0.9662058868694507
160,0.00047620764441071747,0.9666820945138614
161,0.00046938678886523265,0.9671514813027267
162,0.00045996627989145747,0.9676114475826181
163,0.0004589997309469898,0.9680704473135651
164,0.0004511580718323905,0.9685216053853974
165,0.0004431375874672954,0.9689647429728647
166,0.0004361767899140627,0.9694009197627788
167,0.00043065815987783606,0.9698315779226566
168,0.0004196905537716579,0.9702512684764283
169,0.00041123092052990925,0.9706624993969581
170,0.00040264990670534117,0.9710651493036635
171,0.0004007205196320515,0.9714658698232955
172,0.00039648587578441387,0.97186235569908
173,0.00038754903047374294,0.9722499047295537
174,0.0003807459777935721,0.9726306507073473
175,0.0003793057787276697,0.973009956486075
176,0.00036865149674168035,0.9733786079828167
177,0.0003653303194653694,0.9737439383022821
178,0.0003552035296100515,0.9740991418318922
179,0.0003532105628811832,0.9744523523947733
180,0.00034750197070951164,0.9747998543654829
181,0.00034148695890979803,0.9751413413243927
182,0.00033900791933303055,0.9754803492437257
183,0.0003301655522452816,0.975810514795971
184,0.0003260768061047285,0.9761365916020758
185,0.00031719148217236874,0.9764537830842481
186,0.0003164922767775621,0.9767702753610257
187,0.0003097157194560342,0.9770799910804817
188,0.0003071334813406441,0.9773871245618223
189,0.00030217890484411154,0.9776893034666664
190,0.0003005230227178925,0.9779898264893843
191,0.0002911618239583058,0.9782809883133425
192,0.0002886938886181382,0.9785696822019607
193,0.00028751868125197097,0.9788572008832127
194,0.0002821073256613047,0.979139308208874
195,0.0002771187558021642,0.9794164269646761
196,0.00027631353767268327,0.9796927405023488
197,0.00027194263470742313,0.9799646831370562
198,0.0002663027181959865,0.9802309858552521
199,0.0002637381752722175,0.9804947240305244
200,0.0002582410887714606,0.9807529651192959
201,0.00025226209468994144,0.9810052272139859
202,0.00024900753233203125,0.9812542347463179
203,0.0002432348445902581,0.9814974695909081
204,0.0002422148313735106,0.9817396844222817
205,0.00024008956928771248,0.9819797739915693
206,0.00023678394558608097,0.9822165579371555
207,0.00023069358539777626,0.9824472515225532
208,0.00022779294800350238,0.9826750444705566
209,0.0002259505261644752,0.9829009949967211
210,0.00022504956084865878,0.9831260445575698
211,0.00021954956023839735,0.9833455941178082
212,0.00021861718966687782,0.9835642113074751
213,0.00021044617884602345,0.9837746574863211
214,0.00020858637420484457,0.9839832438605259
215,0.00020534157484957105,0.9841885854353755
216,0.0002038477007159896,0.9843924331360915
217,0.00020193032383296073,0.9845943634599245
218,0.00019902461779203775,0.9847933880777165
219,0.0001962219923169862,0.9849896100700335
220,0.00019251196725016787,0.9851821220372836
221,0.00018876237388113052,0.9853708844111647
222,0.00018705310757939815,0.9855579375187441
223,0.0001859668294127228,0.9857439043481568
224,0.00018098913555149467,0.9859248934837084
225,0.0001785069821035705,0.9861034004658119
226,0.00017747181975013763,0.986280872285562
227,0.00017113769192946904,0.9864520099774915
228,0.00017089985009186847,0.9866229098275834
229,0.00017027743545699588,0.9867931872630403
230,0.0001664732196373307,0.9869596604826777
231,0.0001642682569168973,0.9871239287395945
232,0.00016267380357652824,0.987286602543171
233,0.00016145514499785974,0.9874480576881689
234,0.00015845460213193284,0.9876065122903008
235,0.00015468042311053774,0.9877611927134113
236,0.00015459251184519042,0.9879157852252566
237,0.0001516054919185205,0.9880673907171751
238,0.00014924054387743498,0.9882166312610525
239,0.0001476222434325796,0.9883642535044851
240,0.00014556888780945098,0.9885098223922946
241,0.00014089222038747996,0.9886507146126821
242,0.0001384234824701682,0.9887891380951522
243,0.0001358327680106458,0.9889249708631629
244,0.00013326112611453263,0.9890582319892774
245,0.00013196516484798636,0.9891901971541255
246,0.00013113885412946663,0.989321336008255
247,0.00012930987469426358,0.9894506458829493
248,0.0001283000525088432,0.9895789459354581
249,0.0001259885249199252,0.9897049344603781
250,0.00012428980505885297,0.989829224265437
251,0.00012294649528955378,0.9899521707607265
252,0.00012228909218898679,0.9900744598529155
253,0.00012027760119610466,0.9901947374541117
254,0.00011833476541701629,0.9903130722195287
255,0.00011583591810122237,0.99042890813763
256,0.00011569113336320316,0.9905445992709931
257,0.00011319517884656369,0.9906577944498397
258,0.00011077454567950089,0.9907685689955192
259,0.00010972284485144952,0.9908782918403707
260,0.00010887396196916046,0.9909871658023398
261,0.00010541880345482001,0.9910925846057946
262,0.00010420035593893448,0.9911967849617336
263,0.00010343252436659617,0.9913002174861002
264,0.00010271990713012672,0.9914029373932304
265,0.00010074745543205176,0.9915036848486625
266,0.000100005985951311,0.9916036908346137
267,9.898499933747672e-05,0.9917026758339512
268,9.731188817234122e-05,0.9917999877221235
269,9.701125508223074e-05,0.9918969989772057
270,9.42974611502602e-05,0.991991296438356
271,9.342807835287371e-05,0.9920847245167089
272,9.225606854940802e-05,0.9921769805852584
273,9.127795702056962e-05,0.992268258542279
274,8.96888139321078e-05,0.9923579473562111
275,8.907887495622594e-05,0.9924470262311673
276,8.81247843747227e-05,0.992535151015542
277,8.687681756267397e-05,0.9926220278331047
278,8.623734232013222e-05,0.9927082651754249
279,8.437201110700072e-05,0.9927926371865319
280,8.360262175092149e-05,0.9928762398082828
281,8.199316366906372e-05,0.9929582329719518
282,8.180796362941488e-05,0.9930400409355813
283,8.138092262050992e-05,0.9931214218582018
284,7.99717347539363e-05,0.9932013935929558
285,7.908186782050573e-05,0.9932804754607762
286,7.750128643692025e-05,0.9933579767472132
287,7.667541815033254e-05,0.9934346521653635
288,7.621462320250144e-05,0.993510866788566
289,7.537301264580668e-05,0.9935862398012119
290,7.475369226247862e-05,0.9936609934934744
291,7.38984898410162e-05,0.9937348919833153
292,7.253281727411057e-05,0.9938074248005895
293,7.150723745431846e-05,0.9938789320380438
294,7.100722084653151e-05,0.9939499392588903
295,6.975885589472191e-05,0.9940196981147851
296,6.931978258145703e-05,0.9940890178973666
297,6.854433915018213e-05,0.9941575622365167
298,6.805122774218953e-05,0.994225613464259
299,6.67746250608021e-05,0.9942923880893197
300,6.555197346303492e-05,0.9943579400627828
301,6.486038578799434e-05,0.9944228004485708
302,6.473281534953312e-05,0.9944875332639204
303,6.395798941216212e-05,0.9945514912533325
304,6.234077170934369e-05,0.9946138320250418
305,6.189130931643668e-05,0.9946757233343583
306,6.13052532759636e-05,0.9947370285876342
307,6.067674584675193e-05,0.994797705333481
308,5.965096824388365e-05,0.9948573563017249
309,5.9110287589562084e-05,0.9949164665893144
310,5.883323081688101e-05,0.9949752998201313
311,5.8015654967803354e-05,0.9950333154750991
312,5.7343390320934986e-05,0.99509065886542
313,5.6850959265308605e-05,0.9951475098246854
314,5.619813935120699e-05,0.9952037079640366
315,5.5605887271624364e-05,0.9952593138513082
316,5.532410597066799e-05,0.9953146379572788
317,5.4208917856487524e-05,0.9953688468751353
318,5.407424792976308e-05,0.9954229211230651
319,5.30520457267642e-05,0.9954759731687919
320,5.2842239182190465e-05,0.9955288154079741
321,5.198260540083632e-05,0.995580798013375
322,5.11875750895896e-05,0.9956319855884646
323,5.0905650451510045e-05,0.9956828912389161
324,5.062496556367747e-05,0.9957335162044797
325,5.037115904920278e-05,0.9957838873635289
326,4.927683813702484e-05,0.9958331642016659
327,4.8242350802872004e-05,0.9958814065524688
328,4.743522630256309e-05,0.9959288417787714
329,4.720565644502533e-05,0.9959760474352164
330,4.649106293193715e-05,0.9960225384981484
331,4.644799448728572e-05,0.9960689864926356
332,4.5813501784935885e-05,0.9961147999944205
333,4.552450026202082e-05,0.9961603244946826
334,4.5355204231006905e-05,0.9962056796989136
335,4.4766347023995156e-05,0.9962504460459376
336,4.374577677452609e-05,0.9962941918227122
337,4.324444361532544e-05,0.9963374362663275
338,4.2603684321224075e-05,0.9963800399506487
339,4.238445862855892e-05,0.9964224244092773
340,4.199588040951537e-05,0.9964644202896868
341,4.1644518276438825e-05,0.9965060648079633
342,4.090672295876843e-05,0.9965469715309221
343,4.019931412277004e-05,0.9965871708450449
344,3.9648061581951395e-05,0.9966268189066269
345,3.9341210679628137e-05,0.9966661601173065
346,3.925995007726686e-05,0.9967054200673837
347,3.8582013528352054e-05,0.9967440020809121
348,3.852109960613292e-05,0.9967825231805182
349,3.8169791390115244e-05,0.9968206929719083
350,3.799615177680225e-05,0.9968586891236851
351,3.7274940892780926e-05,0.9968959640645779
352,3.7116326857196896e-05,0.9969330803914351
353,3.6553034392155425e-05,0.9969696334258273
354,3.590525661625003e-05,0.9970055386824436
355,3.543331454450942e-05,0.997040971996988
356,3.519674631731828e-05,0.9970761687433054
357,3.465972082200756e-05,0.9971108284641275
358,3.4472769566626513e-05,0.997145301233694
359,3.4253412056836906e-05,0.9971795546457509
360,3.358361500639721e-05,0.9972131382607573
361,3.3214313578220435e-05,0.9972463525743355
362,3.296479263657017e-05,0.9972793173669721
363,3.255112754054583e-05,0.9973118684945126
364,3.249799983472488e-05,0.9973443664943473
365,3.1969325729837707e-05,0.9973763358200771
366,3.1427456003994814e-05,0.9974077632760812
367,3.137446958344397e-05,0.9974391377456646
368,3.087875723698888e-05,0.9974700165029016
369,3.0311686391154196e-05,0.9975003281892927
370,2.9896059261351936e-05,0.9975302242485541
371,2.956707418868513e-05,0.9975597913227428
372,2.942203019225223e-05,0.997589213352935
373,2.9124624833544342e-05,0.9976183379777686
374,2.8678431626951312e-05,0.9976470164093955
375,2.8346626991345954e-05,0.9976753630363868
376,2.808703751626443e-05,0.997703450073903
377,2.77799313541955e-05,0.9977312300052572
378,2.7149007274326246e-05,0.9977583790125315
379,2.689762737862965e-05,0.9977852766399101
380,2.663234089103868e-05,0.9978119089808012
381,2.633058361486862e-05,0.9978382395644161
382,2.6182506786525727e-05,0.9978644220712026
383,2.5707326498262596e-05,0.9978901293977009
384,2.5247451612164322e-05,0.9979153768493131
385,2.5174100453168034e-05,0.9979405509497663
386,2.5040358639380852e-05,0.9979655913084057
387,2.4854958798593403e-05,0.9979904462672042
388,2.4314711634376903e-05,0.9980147609788386
389,2.422267816473693e-05,0.9980389836570033
390,2.3897162850794243e-05,0.9980628808198541
391,2.3584504444171205e-05,0.9980864653242982
392,2.3393406512956304e-05,0.9981098587308112
393,2.314102204762199e-05,0.9981329997528587
394,2.2889463638892382e-05,0.9981558892164977
395,2.2751229494039704e-05,0.9981786404459917
396,2.2631609220623975e-05,0.9982012720552124
397,2.2328284175638615e-05,0.998223600339388
398,2.2005106585020256e-05,0.998245605445973
399,2.1937021308663384e-05,0.9982675424672817
400,2.160180789308458e-05,0.9982891442751748
401,2.121155960148616e-05,0.9983103558347762
402,2.075022432920912e-05,0.9983311060591055
403,2.059856190236308e-05,0.9983517046210079
404,2.048145211263521e-05,0.9983721860731205
405,2.020990899945427e-05,0.9983923959821199
406,1.983185342069563e-05,0.9984122278355406
407,1.962765003878797e-05,0.9984318554855794
408,1.9553237901297292e-05,0.9984514087234807
409,1.935302334171924e-05,0.9984707617468225
410,1.9106862731171265e-05,0.9984898686095537
411,1.892042717387672e-05,0.9985087890367276
412,1.8391274025534198e-05,0.9985271803107532
413,1.8329022091404478e-05,0.9985455093328446
414,1.7983921156800425e-05,0.9985634932540014
415,1.7709822665743026e-05,0.9985812030766671
416,1.7627499857315633e-05,0.9985988305765244
417,1.7494963962838922e-05,0.9986163255404873
418,1.708269156659981e-05,0.9986334082320539
419,1.6897274605522957e-05,0.9986503055066595
420,1.686702241392225e-05,0.9986671725290733
421,1.6610528057893912e-05,0.9986837830571312
422,1.6239367278830736e-05,0.99870002242441
423,1.6175983194377848e-05,0.9987161984076044
424,1.598083597775785e-05,0.9987321792435822
425,1.5807439360679508e-05,0.9987479866829428
426,1.5475220995098062e-05,0.9987634619039379
427,1.5416642295675213e-05,0.9987788785462336
428,1.5157025573261252e-05,0.9987940355718069
429,1.4723149201157645e-05,0.998808758721008
430,1.432520623542155e-05,0.9988230839272435
431,1.4290852951175727e-05,0.9988373747801946
432,1.423254246202446e-05,0.9988516073226567
433,1.415331829706667e-05,0.9988657606409537
434,1.3787213046099587e-05,0.9988795478539998
435,1.3723824129629417e-05,0.9988932716781295
436,1.3553569038479521e-05,0.9989068252471679
437,1.3313825428849294e-05,0.9989201390725967
438,1.3153964682117699e-05,0.9989332930372788
439,1.2905303910042147e-05,0.9989461983411889
440,1.2784313305397591e-05,0.9989589826544943
441,1.2676151723640054e-05,0.998971658806218
442,1.2538665826052317e-05,0.998984197472044
443,1.2450263167431736e-05,0.9989966477352115
444,1.2200147275930123e-05,0.9990088478824873
445,1.2136817733715479e-05,0.999020984700221
446,1.2031738891706067e-05,0.9990330164391128
447,1.1869811076197931e-05,0.999044886250189
448,1.1804668926197417e-05,0.9990566909191152
449,1.1624407780056821e-05,0.9990683153268952
450,1.1334413036744076e-05,0.9990796497399319
451,1.1185251799150133e-05,0.999090834991731
452,1.1028823173363353e-05,0.9991018638149044
453,1.0986965897370246e-05,0.9991128507808018
454,1.0784706118843678e-05,0.9991236354869206
455,1.063857352754804e-05,0.9991342740604482
456,1.0498232868728844e-05,0.9991447722933169
457,1.0396758285567309e-05,0.9991551690516024
458,1.0210004660223183e-05,0.9991653790562626
459,1.0140621992322843e-05,0.9991755196782549
460,1.0015422338408112e-05,0.9991855351005933
461,9.901641707591608e-06,0.9991954367423008
462,9.655015233087632e-06,0.9992050917575339
463,9.548795023126372e-06,0.999214640552557
464,9.433491021133673e-06,0.9992240740435782
465,9.310333735684732e-06,0.9992333843773138
466,9.247194335778025e-06,0.9992426315716496
467,9.134072087883993e-06,0.9992517656437375
468,9.096084976709965e-06,0.9992608617287142
469,9.023659915202168e-06,0.9992698853886294
470,8.839987486980945e-06,0.9992787253761164
471,8.830850007392084e-06,0.9992875562261238
472,8.711152071601136e-06,0.9992962673781953
473,8.578576558167167e-06,0.9993048459547534
474,8.552286907754138e-06,0.9993133982416612
475,8.398501688110258e-06,0.9993217967433493
476,8.243629099215044e-06,0.9993300403724485
477,8.099102171420946e-06,0.9993381394746199
478,8.02894436950941e-06,0.9993461684189894
479,7.92753598414655e-06,0.9993540959549735
480,7.848746200511214e-06,0.999361944701174
481,7.647510130998151e-06,0.9993695922113051
482,7.603804218748855e-06,0.9993771960155238
483,7.52729184144241e-06,0.9993847233073652
484,7.387640853175411e-06,0.9993921109482183
485,7.286962761004635e-06,0.9993993979109793
486,7.170709488590094e-06,0.999406568620468
487,7.089922022798625e-06,0.9994136585424908
488,7.012484169952222e-06,0.9994206710266607
489,6.944255742826043e-06,0.9994276152824035
490,6.864204342129987e-06,0.9994344794867457
491,6.777712493060808e-06,0.9994412571992387
492,6.701963087600093e-06,0.9994479591623263
493,6.6056477451066124e-06,0.9994545648100714
494,6.517075984972519e-06,0.9994610818860564
495,6.394755446974726e-06,0.9994674766415034
496,6.374289206272073e-06,0.9994738509307096
497,6.308347056434381e-06,0.999480159277766
498,6.237132039679233e-06,0.9994863964098057
499,6.148116452764083e-06,0.9994925445262585
500,6.082267807285099e-06,0.9994986267940658
501,6.050798973754695e-06,0.9995046775930395
502,5.96827923666765e-06,0.9995106458722762
503,5.925875680098562e-06,0.9995165717479563
504,5.7963618323345735e-06,0.9995223681097886
505,5.773199381096096e-06,0.9995281413091697
506,5.718147913593513e-06,0.9995338594570833
507,5.651338395490156e-06,0.9995395107954788
508,5.564457171781481e-06,0.9995450752526506
509,5.458965609285799e-06,0.9995505342182599
510,5.449305344310416e-06,0.9995559835236042
511,5.40584622637991e-06,0.9995613893698305
512,5.373876185150643e-06,0.9995667632460157
513,5.219924295203329e-06,0.9995719831703109
514,5.1825236718868316e-06,0.9995771656939828
515,5.142319436759981e-06,0.9995823080134195
516,5.1147965443903745e-06,0.9995874228099639
517,5.080925189860253e-06,0.9995925037351538
518,4.9290244519943875e-06,0.9995974327596059
519,4.841075966953457e-06,0.9996022738355729
520,4.778171163167484e-06,0.999607052006736
521,4.71258443976077e-06,0.9996117645911758
522,4.668732931093292e-06,0.999616433324107
523,4.654921733000634e-06,0.99962108824584
524,4.602019863053135e-06,0.999625690265703
525,4.527213918488738e-06,0.9996302174796216
526,4.4816669930127705e-06,0.9996346991466145
527,4.418306546497284e-06,0.999639117453161
528,4.39168210686031e-06,0.9996435091352679
529,4.364529545525929e-06,0.9996478736648134
530,4.273470714159927e-06,0.9996521471355276
531,4.2334839573104566e-06,0.9996563806194849
532,4.189782574189664e-06,0.9996605704020591
533,4.133327459265898e-06,0.9996647037295184
534,4.1140007676200025e-06,0.999668817730286
535,4.090303772477481e-06,0.9996729080340585
536,4.002113616846928e-06,0.9996769101476753
537,3.9416140534801065e-06,0.9996808517617288
538,3.8531961887387855e-06,0.9996847049579176
539,3.824975882098169e-06,0.9996885299337998
540,3.7907080996906053e-06,0.9996923206418994
541,3.744569567811223e-06,0.9996960652114673
542,3.721172283967103e-06,0.9996997863837512
543,3.690273194908714e-06,0.9997034766569461
544,3.632290609692385e-06,0.9997071089475559
545,3.5766029635820294e-06,0.9997106855505195
546,3.529756478977523e-06,0.9997142153069984
547,3.5024360968356516e-06,0.9997177177430953
548,3.4418407837749746e-06,0.9997211595838791
549,3.4235761582999782e-06,0.9997245831600374
550,3.406787685498464e-06,0.9997279899477229
551,3.3553228084149657e-06,0.9997313452705313
552,3.3309241684315202e-06,0.9997346761946997
553,3.2831749917939657e-06,0.9997379593696915
554,3.2485679676425614e-06,0.9997412079376591
555,3.190349143755135e-06,0.9997443982868028
556,3.1455500411677866e-06,0.999747543836844
557,3.1306910905718167e-06,0.9997506745279346
558,3.098702857062033e-06,0.9997537732307917
559,3.0379075002710944e-06,0.999756811138292
560,3.0326682407743776e-06,0.9997598438065327
561,2.9947249558380822e-06,0.9997628385314885
562,2.929416433949259e-06,0.9997657679479225
563,2.918554084465601e-06,0.999768686502007
564,2.848681589752381e-06,0.9997715351835967
565,2.8062172106155544e-06,0.9997743414008073
566,2.796960166161931e-06,0.9997771383609735
567,2.783782153834012e-06,0.9997799221431273
568,2.7218599441409714e-06,0.9997826440030714
569,2.699147600125678e-06,0.9997853431506715
570,2.6692246954904656e-06,0.999788012375367
571,2.640881213144722e-06,0.9997906532565801
572,2.6051900664035255e-06,0.9997932584466466
573,2.5917281070182964e-06,0.9997958501747536
574,2.55455219359283e-06,0.9997984047269471
575,2.5316509185625598e-06,0.9998009363778657
576,2.498526020910649e-06,0.9998034349038866
577,2.4535675162207186e-06,0.9998058884714028
578,2.435981622601429e-06,0.9998083244530255
579,2.392516224155288e-06,0.9998107169692496
580,2.368386894265852e-06,0.9998130853561439
581,2.3476126489692694e-06,0.9998154329687928
582,2.291621576488081e-06,0.9998177245903693
583,2.260097116916357e-06,0.9998199846874862
584,2.2499496458898634e-06,0.9998222346371322
585,2.2219036064668897e-06,0.9998244565407386
586,2.189046761462702e-06,0.9998266455875
587,2.1751882157059635e-06,0.9998288207757157
588,2.1515214922218194e-06,0.9998309722972079
589,2.1159499408188334e-06,0.9998330882471487
590,2.1045383421379506e-06,0.9998351927854908
591,2.0828446606189465e-06,0.9998372756301515
592,2.0571446344186063e-06,0.9998393327747859
593,2.0357105819544075e-06,0.9998413684853679
594,1.9921638902967748e-06,0.9998433606492582
595,1.9836364303215093e-06,0.9998453442856885
596,1.967866172771727e-06,0.9998473121518613
597,1.9321509273250373e-06,0.9998492443027887
598,1.9033469994433059e-06,0.9998511476497881
599,1.900375757204647e-06,0.9998530480255453
600,1.8701879440719834e-06,0.9998549182134894
601,1.843703177412051e-06,0.9998567619166668
602,1.8109766717708037e-06,0.9998585728933386
603,1.79939641388415e-06,0.9998603722897524
604,1.7704380567307713e-06,0.9998621427278092
605,1.7620725946579118e-06,0.9998639048004038
606,1.7312468022455034e-06,0.999865636047206
607,1.7121576514172676e-06,0.9998673482048575
608,1.7030637663323273e-06,0.9998690512686238
609,1.6661598661019628e-06,0.9998707174284899
610,1.651810204580095e-06,0.9998723692386945
611,1.644384148577124e-06,0.9998740136228431
612,1.6166565009675207e-06,0.9998756302793441
613,1.606496399057221e-06,0.9998772367757431
614,1.5864184837632065e-06,0.9998788231942269
615,1.5564246903132802e-06,0.9998803796189173
616,1.541690243974173e-06,0.9998819213091613
617,1.5099641000338847e-06,0.9998834312732614
618,1.5000370865240458e-06,0.999884931310348
619,1.491761488094598e-06,0.9998864230718361
620,1.4446598745863512e-06,0.9998878677317107
621,1.4373228130882933e-06,0.9998893050545238
622,1.424614590861987e-06,0.9998907296691146
623,1.4078368502901818e-06,0.999892137505965
624,1.39704102961499e-06,0.9998935345469946
625,1.382805570961819e-06,0.9998949173525655
626,1.3521073995320805e-06,0.999896269459965
627,1.3350721207433108e-06,0.9998976045320858
628,1.3264436052020258e-06,0.9998989309756909
629,1.309493239966461e-06,0.9999002404689309
630,1.295131803077387e-06,0.9999015356007339
631,1.2648271458611753e-06,0.9999028004278798
632,1.2518940948879252e-06,0.9999040523219747
633,1.2387803732116256e-06,0.9999052911023478
634,1.2102035088810512e-06,0.9999065013058567
635,1.1934456689764654e-06,0.9999076947515256
636,1.1858834089094945e-06,0.9999088806349345
637,1.183405360515341e-06,0.999910064040295
638,1.1655820429949175e-06,0.999911229622338
639,1.1584960519947345e-06,0.99991238811839
640,1.1435468376840489e-06,0.9999135316652277
641,1.1265160245795838e-06,0.9999146581812522
642,1.1193357442405954e-06,0.9999157775169965
643,1.1047144564845138e-06,0.9999168822314529
644,1.082581304119457e-06,0.9999179648127571
645,1.07732105588869e-06,0.999919042133813
646,1.0664413451950493e-06,0.9999201085751582
647,1.056957510880357e-06,0.9999211655326691
648,1.0347113654651425e-06,0.9999222002440346
649,1.0269265729176565e-06,0.9999232271706074
650,1.011149330471652e-06,0.9999242383199379
651,1.0093530455402853e-06,0.9999252476729835
652,9.923208785542377e-07,0.9999262399938621
653,9.872969613186681e-07,0.9999272272908234
654,9.81355049452223e-07,0.9999282086458728
655,9.497446767586346e-07,0.9999291583905496
656,9.394048984417685e-07,0.9999300977954481
657,9.31543497904182e-07,0.999931029338946
658,9.18744368599138e-07,0.9999319480833145
659,9.049715221712637e-07,0.9999328530548367
660,8.979877944572604e-07,0.9999337510426312
661,8.890408597652293e-07,0.999934640083491
662,8.709684268279751e-07,0.9999355110519178
663,8.596449288104621e-07,0.9999363706968466
664,8.514632168056247e-07,0.9999372221600634
665,8.439897180907016e-07,0.9999380661497815
666,8.318570987215309e-07,0.9999388980068803
667,8.148450717996223e-07,0.999939712851952
668,7.984372082249638e-07,0.9999405112891603
669,7.884655054443065e-07,0.9999412997546657
670,7.820435725664677e-07,0.9999420817982383
671,7.77275661606502e-07,0.9999428590738999
672,7.618928523168969e-07,0.9999436209667523
673,7.565879041540495e-07,0.9999443775546564
674,7.513795226139938e-07,0.999945128934179
675,7.284932941814519e-07,0.9999458574274731
676,7.252479133384426e-07,0.9999465826753865
677,7.169574671396299e-07,0.9999472996328537
678,7.082106012759331e-07,0.999948007843455
679,7.064331865517821e-07,0.9999487142766414
680,6.890482456123331e-07,0.999949403324887
681,6.868949614305736e-07,0.9999500902198485
682,6.810318862636401e-07,0.9999507712517347
683,6.726763892411309e-07,0.999951443928124
684,6.707831183948176e-07,0.9999521147112423
685,6.588079525261874e-07,0.9999527735191949
686,6.501914915940645e-07,0.9999534237106865
687,6.400012695721204e-07,0.999954063711956
688,6.349686146512162e-07,0.9999546986805707
689,6.205869319276389e-07,0.9999553192675027
690,6.163145519642887e-07,0.9999559355820546
691,6.013157219221851e-07,0.9999565368977765
692,5.956253278947579e-07,0.9999571325231045
693,5.90497473746823e-07,0.9999577230205782
694,5.819490901033787e-07,0.9999583049696683
695,5.760078194776636e-07,0.9999588809774878
696,5.702927494338606e-07,0.9999594512702372
697,5.677421841187852e-07,0.9999600190124214
698,5.58636311810232e-07,0.9999605776487331
699,5.507596616890898e-07,0.9999611284083948
700,5.396341274554656e-07,0.9999616680425223
701,5.384446885662255e-07,0.9999622064872109
702,5.291491671835297e-07,0.999962735636378
703,5.213074053825894e-07,0.9999632569437834
704,5.189642434499649e-07,0.9999637759080269
705,5.096630576103102e-07,0.9999642855710845
706,5.010316462712855e-07,0.9999647866027308
707,4.918465641936251e-07,0.999965278449295
708,4.896781412495295e-07,0.9999657681274362
709,4.83984499834192e-07,0.999966252111936
710,4.806570802856467e-07,0.9999667327690163
711,4.776319484986862e-07,0.9999672104009648
712,4.672347182876012e-07,0.9999676776356831
713,4.56511444697421e-07,0.9999681341471277
714,4.4754272523687163e-07,0.9999685816898529
715,4.4337342716529284e-07,0.9999690250632801
716,4.3221014329683324e-07,0.9999694572734235
717,4.28637834719395e-07,0.9999698859112581
718,4.2223859871155617e-07,0.9999703081498569
719,4.195285765007815e-07,0.9999707276784334
720,4.104592612747045e-07,0.9999711381376947
721,4.0506065896742693e-07,0.9999715431983537
722,4.037766524035257e-07,0.9999719469750061
723,3.990249073081145e-07,0.9999723459999135
724,3.951387614339178e-07,0.999972741138675
725,3.845616755883327e-07,0.9999731257003506
726,3.8301729982091897e-07,0.9999735087176503
727,3.7579874847151955e-07,0.9999738845163988
728,3.7043124701341566e-07,0.9999742549476458
729,3.6977544097913276e-07,0.9999746247230867
730,3.6490035887237603e-07,0.9999749896234456
731,3.5790100404690523e-07,0.9999753475244496
732,3.535761211681931e-07,0.9999757011005708
733,3.4987397383513537e-07,0.9999760509745446
734,3.393957318649294e-07,0.9999763903702764
735,3.3564636316637586e-07,0.9999767260166396
736,3.32671011273715e-07,0.9999770586876509
737,3.3105292326734393e-07,0.9999773897405742
738,3.2913276354209987e-07,0.9999777188733376
739,3.20328842098821e-07,0.9999780392021798
740,3.164787928308315e-07,0.9999783556809726
741,3.1383869651990913e-07,0.9999786695196691
742,3.0877967266934695e-07,0.9999789782993418
743,3.0442851130658355e-07,0.9999792827278531
744,2.977828609247097e-07,0.999979580510714
745,2.961569506019175e-07,0.9999798766676646
746,2.948847083554913e-07,0.999980171552373
747,2.8888691924968825e-07,0.9999804604392922
748,2.8658909647991625e-07,0.9999807470283887
749,2.837115643456454e-07,0.999981030739953
750,2.7991349708522237e-07,0.9999813106534501
751,2.747844393832547e-07,0.9999815854378895
752,2.722694788822192e-07,0.9999818577073684
753,2.676908807054827e-07,0.999982125398249
754,2.6524521376986234e-07,0.9999823906434628
755,2.6222989445588353e-07,0.9999826528733573
756,2.61055644457294e-07,0.9999829139290017
757,2.527405439678314e-07,0.9999831666695457
758,2.492068728810998e-07,0.9999834158764186
759,2.4541823590357424e-07,0.9999836612946545
760,2.4387750100495697e-07,0.9999839051721555
761,2.3760679932591896e-07,0.9999841427789549
762,2.3622042165697988e-07,0.9999843789993765
763,2.344125147056324e-07,0.9999846134118913
764,2.3223967976236906e-07,0.999984845651571
765,2.2949808942989004e-07,0.9999850751496604
766,2.2347064440097577e-07,0.9999852986203048
767,2.20388670850347e-07,0.9999855190089757
768,2.172661745010685e-07,0.9999857362751502
769,2.133755488137923e-07,0.999985949650699
770,2.1234778177954334e-07,0.9999861619984808
771,2.0976218195080133e-07,0.9999863717606627
772,2.0759710900375612e-07,0.9999865793577718
773,2.039362715161873e-07,0.9999867832940433
774,2.010944739752374e-07,0.9999869843885173
775,1.9826418083603774e-07,0.9999871826526981
776,1.9387814228764683e-07,0.9999873765308405
777,1.923572877354653e-07,0.9999875688881282
778,1.9106674186891862e-07,0.9999877599548701
779,1.867169228556823e-07,0.9999879466717929
780,1.8555579092285717e-07,0.9999881322275839
781,1.8235149014554897e-07,0.999988314579074
782,1.814035714682687e-07,0.9999884959826455
783,1.7924650173452657e-07,0.9999886752291473
784,1.7707602466261407e-07,0.9999888523051719
785,1.73409467086193e-07,0.999989025714639
786,1.6935001985144107e-07,0.9999891950646589
787,1.6593890324586807e-07,0.9999893610035622
788,1.6468338486112036e-07,0.999989525686947
789,1.6350687906750225e-07,0.999989689193826
790,1.6168271764288968e-07,0.9999898508765437
791,1.5913631613681632e-07,0.9999900100128598
792,1.561264212145233e-07,0.999990166139281
793,1.5364625010694218e-07,0.9999903197855311
794,1.5257973534121592e-07,0.9999904723652664
795,1.5020805177051918e-07,0.9999906225733182
796,1.4708339752099692e-07,0.9999907696567157
797,1.4554877031254964e-07,0.999990915205486
798,1.4422884590403922e-07,0.9999910594343319
799,1.4089419169940031e-07,0.9999912003285235
800,1.387783822578757e-07,0.9999913391069057
801,1.368362440025649e-07,0.9999914759431497
802,1.361643098528122e-07,0.9999916121074596
803,1.35114109891035e-07,0.9999917472215695
804,1.3333331610831982e-07,0.9999918805548855
805,1.288401162358556e-07,0.9999920093950018
806,1.278474162569486e-07,0.999992137242418
807,1.2739365191754647e-07,0.9999922646360699
808,1.258977360971959e-07,0.9999923905338061
809,1.225406969413204e-07,0.999992513074503
810,1.2187220726263893e-07,0.9999926349467102
811,1.1955085678024378e-07,0.999992754497567
812,1.1870413390969502e-07,0.9999928732017008
813,1.1502062301743415e-07,0.9999929882223239
814,1.1482691492907267e-07,0.9999931030492388
815,1.126357956676836e-07,0.9999932156850345
816,1.1022305060427303e-07,0.9999933259080851
817,1.099914365446525e-07,0.9999934358995216
818,1.0828384918831788e-07,0.9999935441833708
819,1.0676534709342338e-07,0.999993650948718
820,1.0604783744502283e-07,0.9999937569965553
821,1.0548138284791345e-07,0.9999938624779382
822,1.0244645007162162e-07,0.9999939649243883
823,1.0042617946660897e-07,0.9999940653505678
824,9.891124676575602e-08,0.9999941642618145
825,9.71091569219666e-08,0.9999942613709715
826,9.562977791288218e-08,0.9999943570007493
827,9.487302938711959e-08,0.9999944518737788
828,9.24643969899116e-08,0.9999945443381758
829,9.167026745378831e-08,0.9999946360084433
830,8.898143451913696e-08,0.9999947249898778
831,8.83462089357842e-08,0.9999948133360868
832,8.767808612442537e-08,0.9999949010141729
833,8.668958965195601e-08,0.9999949877037625
834,8.625933874055991e-08,0.9999950739631013
835,8.473584272154312e-08,0.999995158698944
836,8.330105795533123e-08,0.9999952420000019
837,8.234940449366976e-08,0.9999953243494064
838,8.095307700863899e-08,0.9999954053024834
839,7.902748085322266e-08,0.9999954843299643
840,7.841961834022255e-08,0.9999955627495827
841,7.69026401213362e-08,0.9999956396522228
842,7.663637798651125e-08,0.9999957162886008
843,7.544002808528653e-08,0.999995791728629
844,7.310641810322191e-08,0.9999958648350471
845,7.254954979704714e-08,0.9999959373845969
846,7.209269614983571e-08,0.9999960094772931
847,7.087540674351137e-08,0.9999960803526998
848,6.862374777953305e-08,0.9999961489764476
849,6.821012108551135e-08,0.9999962171865687
850,6.709337513742615e-08,0.9999962842799439
851,6.640633451201698e-08,0.9999963506862785
852,6.63076405933017e-08,0.9999964169939191
853,6.481280701023365e-08,0.9999964818067261
854,6.397122058641305e-08,0.9999965457779466
855,6.271958129763283e-08,0.9999966084975279
856,6.197067931245486e-08,0.9999966704682073
857,6.128090105479242e-08,0.9999967317491083
858,6.081792016391282e-08,0.9999967925670284
859,5.931151453056745e-08,0.9999968518785429
860,5.9031220584840726e-08,0.9999969109097635
861,5.853646064847974e-08,0.9999969694462242
862,5.6870049537153135e-08,0.9999970263162737
863,5.534365678297906e-08,0.9999970816599305
864,5.47541845801901e-08,0.9999971364141151
865,5.326639009023283e-08,0.9999971896805052
866,5.2573896053554695e-08,0.9999972422544012
867,5.152626091406713e-08,0.9999972937806622
868,5.078427954576367e-08,0.9999973445649417
869,4.9755109378960035e-08,0.9999973943200511
870,4.9352838251582576e-08,0.9999974436728893
871,4.882168802569409e-08,0.9999974924945774
872,4.847486704575376e-08,0.9999975409694444
873,4.770575838930194e-08,0.9999975886752027
874,4.695065109054767e-08,0.9999976356258539
875,4.609921627250172e-08,0.9999976817250701
876,4.510678065476151e-08,0.9999977268318507
877,4.369881190752673e-08,0.9999977705306626
878,4.3484916498279395e-08,0.9999978140155791
879,4.308220695056749e-08,0.999997857097786
880,4.2434745541227104e-08,0.9999978995325315
881,4.186778221282204e-08,0.9999979414003137
882,4.0523381804831665e-08,0.9999979819236955
883,3.8937009675232285e-08,0.9999980208607052
884,3.8574994015623104e-08,0.9999980594356992
885,3.83595626294967e-08,0.9999980977952618
886,3.757015785569947e-08,0.9999981353654197
887,3.686166519836828e-08,0.9999981722270849
888,3.6496490851125124e-08,0.9999982087235757
889,3.599903467751776e-08,0.9999982447226103
890,3.518813907283139e-08,0.9999982799107494
891,3.458852321102483e-08,0.9999983144992726
892,3.354408402758936e-08,0.9999983480433566
893,3.320094741726428e-08,0.9999983812443041
894,3.278045320909678e-08,0.9999984140247573
895,3.230961640966268e-08,0.9999984463343737
896,3.1859636288038866e-08,0.99999847819401
897,3.1234433415624895e-08,0.9999985094284434
898,3.085354998314985e-08,0.9999985402819933
899,3.0185352505695936e-08,0.9999985704673459
900,2.9656465927593593e-08,0.9999986001238118
901,2.860970773768697e-08,0.9999986287335195
902,2.8411635907938718e-08,0.9999986571451555
903,2.7367033952897636e-08,0.9999986845121894
904,2.708354670043797e-08,0.9999987115957362
905,2.6575542711195334e-08,0.9999987381712789
906,2.618503885901475e-08,0.9999987643563177
907,2.4806102126405516e-08,0.9999987891624199
908,2.44341608946903e-08,0.9999988135965808
909,2.423154945078343e-08,0.9999988378281303
910,2.4149961214128465e-08,0.9999988619780915
911,2.3505022948520615e-08,0.9999988854831144
912,2.2881361958974652e-08,0.9999989083644764
913,2.272076315599179e-08,0.9999989310852395
914,2.2449867247735756e-08,0.9999989535351068
915,2.182239763886391e-08,0.9999989753575045
916,2.1433849095918183e-08,0.9999989967913536
917,2.1253188147302205e-08,0.9999990180445417
918,2.0423314630195343e-08,0.9999990384678563
919,2.0351974291908456e-08,0.9999990588198306
920,1.9969528824525857e-08,0.9999990787893595
921,1.957097841646637e-08,0.9999990983603378
922,1.934059036033948e-08,0.9999991177009282
923,1.8967014940984996e-08,0.9999991366679432
924,1.8739039107642e-08,0.9999991554069823
925,1.8121063298759887e-08,0.9999991735280456
926,1.807508639513336e-08,0.999999191603132
927,1.7419388029494316e-08,0.99999920902252
928,1.7278918456182927e-08,0.9999992263014384
929,1.708783900426104e-08,0.9999992433892775
930,1.6978861158075464e-08,0.9999992603681387
931,1.650018385778408e-08,0.9999992768683226
932,1.6202820538147284e-08,0.9999992930711431
933,1.5895420411410542e-08,0.9999993089665635
934,1.5362297280100952e-08,0.9999993243288609
935,1.4907218544918234e-08,0.9999993392360794
936,1.4795797487941871e-08,0.9999993540318769
937,1.453195913651467e-08,0.9999993685638361
938,1.426135248754083e-08,0.9999993828251885
939,1.3939999975655341e-08,0.9999993967651885
940,1.364161081494523e-08,0.9999994104067993
941,1.3433328754260468e-08,0.9999994238401281
942,1.2936518250223651e-08,0.9999994367766464
943,1.2814095337607633e-08,0.9999994495907417
944,1.2402660614838597e-08,0.9999994619934023
945,1.217028344497577e-08,0.9999994741636857
946,1.2086830407311054e-08,0.9999994862505162
947,1.1962510465845136e-08,0.9999994982130266
948,1.1730908380379648e-08,0.9999995099439349
949,1.1369789682162536e-08,0.9999995213137246
950,1.1054202419693864e-08,0.999999532367927
951,1.0887990494560698e-08,0.9999995432559176
952,1.0619604030577125e-08,0.9999995538755216
953,1.0270294350629627e-08,0.999999564145816
954,1.0083042474442412e-08,0.9999995742288585
955,9.947836278463784e-09,0.9999995841766949
956,9.811340249077223e-09,0.9999995939880352
957,9.580544841619113e-09,0.99999960356858
958,9.414702682531062e-09,0.9999996129832827
959,9.17231240817768e-09,0.999999622155595
960,8.931188445228105e-09,0.9999996310867835
961,8.718806846232176e-09,0.9999996398055904
962,8.703696271692323e-09,0.9999996485092867
963,8.5021168780121e-09,0.9999996570114036
964,8.234943669076244e-09,0.9999996652463472
965,8.183400256854373e-09,0.9999996734297475
966,8.01052166517908e-09,0.9999996814402692
967,7.859824538549881e-09,0.9999996893000938
968,7.596784080340833e-09,0.9999996968968778
969,7.3774703748051695e-09,0.9999997042743483
970,7.293056291582454e-09,0.9999997115674045
971,7.279711303535646e-09,0.9999997188471158
972,6.9967319497415204e-09,0.9999997258438478
973,6.873463384795271e-09,0.9999997327173111
974,6.735034305898631e-09,0.9999997394523454
975,6.681802566518077e-09,0.999999746134148
976,6.633247753486369e-09,0.9999997527673957
977,6.412429231496273e-09,0.999999759179825
978,6.141961832443679e-09,0.9999997653217868
979,6.030870035740304e-09,0.9999997713526568
980,5.953570370446554e-09,0.9999997773062272
981,5.745001287597762e-09,0.9999997830512285
982,5.627980812684329e-09,0.9999997886792094
983,5.576513576910395e-09,0.9999997942557229
984,5.493044180872785e-09,0.9999997997487671
985,5.412154469501635e-09,0.9999998051609216
986,5.347725386966842e-09,0.999999810508647
987,5.188050206856167e-09,0.9999998156966972
988,5.1093716626239e-09,0.9999998208060689
989,5.073836978266554e-09,0.9999998258799059
990,4.8357230831130545e-09,0.9999998307156289
991,4.714074828055373e-09,0.9999998354297037
992,4.650192262897628e-09,0.999999840079896
993,4.4732809182111645e-09,0.9999998445531769
994,4.4010682280694644e-09,0.9999998489542451
995,4.312476125793967e-09,0.9999998532667213
996,4.260749783178327e-09,0.999999857527471
997,4.207939564249286e-09,0.9999998617354106
998,4.114939796739936e-09,0.9999998658503504
999,3.928212963612332e-09,0.9999998697785634
1000,3.807799469388115e-09,0.9999998735863629
1001,3.739645538114652e-09,0.9999998773260085
1002,3.709282020261942e-09,0.9999998810352905
1003,3.595704894177297e-09,0.9999998846309953
1004,3.5208527322271295e-09,0.999999888151848
1005,3.435479149161644e-09,0.9999998915873272
1006,3.3008486342040116e-09,0.9999998948881758
1007,3.1872069039125366e-09,0.9999998980753827
1008,3.159512680785692e-09,0.9999999012348953
1009,3.0528393153278927e-09,0.9999999042877347
1010,3.024131349745655e-09,0.999999907311866
1011,2.8949467066914974e-09,0.9999999102068128
1012,2.762179031675097e-09,0.9999999129689918
1013,2.7015366158559653e-09,0.9999999156705285
1014,2.641805803215422e-09,0.9999999183123343
1015,2.6078273374525135e-09,0.9999999209201615
1016,2.490189651918747e-09,0.9999999234103512
1017,2.453833427455239e-09,0.9999999258641846
1018,2.31798850518834e-09,0.9999999281821731
1019,2.3016036445229476e-09,0.9999999304837768
1020,2.2526492098428403e-09,0.999999932736426
1021,2.2012776963103776e-09,0.9999999349377037
1022,2.0820303101774787e-09,0.999999937019734
1023,2.034257317371871e-09,0.9999999390539913
1024,1.997046525743274e-09,0.9999999410510378
1025,1.924185991216512e-09,0.9999999429752239
1026,1.8728495798018323e-09,0.9999999448480734
1027,1.8097022472195947e-09,0.9999999466577757
1028,1.742141737512864e-09,0.9999999483999175
1029,1.7157321351907962e-09,0.9999999501156496
1030,1.6737001653657895e-09,0.9999999517893498
1031,1.618769541462714e-09,0.9999999534081193
1032,1.5762463758686456e-09,0.9999999549843657
1033,1.525000317857728e-09,0.999999956509366
1034,1.5141298503190965e-09,0.9999999580234958
1035,1.4259016127561742e-09,0.9999999594493975
1036,1.3744813202295677e-09,0.9999999608238788
1037,1.3535135374780676e-09,0.9999999621773923
1038,1.3386868845339056e-09,0.9999999635160792
1039,1.3103669705221131e-09,0.9999999648264462
1040,1.295498982290716e-09,0.9999999661219451
1041,1.2067862378452401e-09,0.9999999673287313
1042,1.1866185672880299e-09,0.9999999685153499
1043,1.1428155126154713e-09,0.9999999696581654
1044,1.1200159998722591e-09,0.9999999707781814
1045,1.0881659362929327e-09,0.9999999718663473
1046,1.0205748584344528e-09,0.9999999728869221
1047,9.991625398074293e-10,0.9999999738860846
1048,9.78845925997092e-10,0.9999999748649305
1049,9.319462293660046e-10,0.9999999757968767
1050,9.046959371575703e-10,0.9999999767015727
1051,8.654415393990064e-10,0.9999999775670142
1052,8.47787532223506e-10,0.9999999784148017
1053,8.152800892891335e-10,0.9999999792300818
1054,7.720782974113551e-10,0.9999999800021601
1055,7.448230794418195e-10,0.9999999807469832
1056,7.137280835868645e-10,0.9999999814607112
1057,7.053195007648558e-10,0.9999999821660307
1058,6.849756384171004e-10,0.9999999828510063
1059,6.795012853861796e-10,0.9999999835305076
1060,6.597536717394531e-10,0.9999999841902613
1061,6.279394465228384e-10,0.9999999848182007
1062,5.978045240611459e-10,0.9999999854160052
1063,5.846848761609218e-10,0.9999999860006901
1064,5.607011141678086e-10,0.9999999865613912
1065,5.373966256515771e-10,0.9999999870987878
1066,5.003349044462342e-10,0.9999999875991227
1067,4.808063398265502e-10,0.9999999880799291
1068,4.727981325160874e-10,0.9999999885527272
1069,4.438103255699493e-10,0.9999999889965375
1070,4.3880485368411223e-10,0.9999999894353424
1071,4.1914685482668575e-10,0.9999999898544892
1072,4.0937022847615944e-10,0.9999999902638594
1073,3.7173498144821585e-10,0.9999999906355944
1074,3.696071403159445e-10,0.9999999910052015
1075,3.64595835423673e-10,0.9999999913697973
1076,3.605060405531055e-10,0.9999999917303034
1077,3.421630981092699e-10,0.9999999920724665
1078,3.3251951519521723e-10,0.999999992404986
1079,3.1904589065192766e-10,0.999999992724032
1080,3.136451874368924e-10,0.9999999930376772
1081,3.0333152796555737e-10,0.9999999933410088
1082,2.9683157823785415e-10,0.9999999936378403
1083,2.8605807049987034e-10,0.9999999939238984
1084,2.691643300962857e-10,0.9999999941930627
1085,2.64657019866874e-10,0.9999999944577198
1086,2.442532343380955e-10,0.9999999947019731
1087,2.4076459627323626e-10,0.9999999949427377
1088,2.3835481524466023e-10,0.9999999951810925
1089,2.1639866853491e-10,0.9999999953974912
1090,2.101682066156724e-10,0.9999999956076594
1091,2.0655569862017028e-10,0.9999999958142151
1092,1.9878199704000726e-10,0.999999996012997
1093,1.9124865244677672e-10,0.9999999962042457
1094,1.8409677235484827e-10,0.9999999963883425
1095,1.7624458294949633e-10,0.999999996564587
1096,1.7260920458061598e-10,0.9999999967371962
1097,1.6493603135585826e-10,0.9999999969021323
1098,1.5722516840040552e-10,0.9999999970593574
1099,1.527349791693116e-10,0.9999999972120923
1100,1.4238220029056209e-10,0.9999999973544745
1101,1.3356222001630876e-10,0.9999999974880368
1102,1.2952961126074396e-10,0.9999999976175664
1103,1.2608299870507077e-10,0.9999999977436494
1104,1.1397409440016168e-10,0.9999999978576235
1105,1.1321992606430375e-10,0.9999999979708434
1106,1.0858812653110023e-10,0.9999999980794315
1107,1.076854525216742e-10,0.9999999981871169
1108,1.0253383823822992e-10,0.9999999982896508
1109,9.773177687524862e-11,0.9999999983873826
1110,9.578983641075212e-11,0.9999999984831724
1111,9.103385898589026e-11,0.9999999985742063
1112,8.070291867228355e-11,0.9999999986549092
1113,7.635948994122454e-11,0.9999999987312687
1114,7.352204581262649e-11,0.9999999988047907
1115,6.960136941160247e-11,0.9999999988743921
1116,6.713809619901821e-11,0.9999999989415301
1117,6.326095747041396e-11,0.9999999990047911
1118,5.901696346772579e-11,0.9999999990638081
1119,5.59843774028582e-11,0.9999999991197924
1120,5.310807580238741e-11,0.9999999991729005
1121,4.837921736365956e-11,0.9999999992212797
1122,4.805554119786051e-11,0.9999999992693352
1123,4.344813438074971e-11,0.9999999993127834
1124,4.107988649688858e-11,0.9999999993538633
1125,4.0357938685892906e-11,0.9999999993942212
1126,4.021396046241256e-11,0.9999999994344352
1127,3.770859311068821e-11,0.9999999994721438
1128,3.6278274932320175e-11,0.9999999995084221
1129,3.461389589503664e-11,0.999999999543036
1130,3.275559449579263e-11,0.9999999995757916
1131,3.198257285902147e-11,0.9999999996077741
1132,2.929359020057424e-11,0.9999999996370676
1133,2.898570255305783e-11,0.9999999996660534
1134,2.711839466042541e-11,0.9999999996931718
1135,2.60848986977442e-11,0.9999999997192567
1136,2.571093794337022e-11,0.9999999997449677
1137,2.297998770006258e-11,0.9999999997679476
1138,2.206372877777922e-11,0.9999999997900113
1139,2.000769078485508e-11,0.999999999810019
1140,1.580474923242948e-11,0.9999999998258238
1141,1.348150665385783e-11,0.9999999998393053
1142,1.2854591344364456e-11,0.9999999998521599
1143,1.1739489998699715e-11,0.9999999998638994
1144,1.0771405452466009e-11,0.9999999998746708
1145,1.0534935514250941e-11,0.9999999998852057
1146,1.0056501505201738e-11,0.9999999998952622
1147,9.684583428298169e-12,0.9999999999049468
1148,8.79379724300869e-12,0.9999999999137406
1149,8.290251238866605e-12,0.9999999999220308
1150,7.48784675357093e-12,0.9999999999295187
1151,6.927934704422303e-12,0.9999999999364466
1152,5.7530256568760185e-12,0.9999999999421997
1153,5.3370007956679235e-12,0.9999999999475366
1154,5.144548070968699e-12,0.9999999999526812
1155,4.559077370433233e-12,0.9999999999572403
1156,4.411765687900033e-12,0.9999999999616521
1157,4.275681811911027e-12,0.9999999999659278
1158,3.969147019251084e-12,0.999999999969897
1159,3.657594456462261e-12,0.9999999999735546
1160,3.440109207050416e-12,0.9999999999769947
1161,3.2906250775501385e-12,0.9999999999802853
1162,2.2700564279867065e-12,0.9999999999825554
1163,2.086710853898532e-12,0.9999999999846421
1164,2.051441026972337e-12,0.9999999999866935
1165,1.8993735422173442e-12,0.9999999999885929
1166,1.4085739345633983e-12,0.9999999999900014
1167,1.1673573625068748e-12,0.9999999999911688
1168,1.1040071366316597e-12,0.9999999999922728
1169,1.0273033206562827e-12,0.9999999999933001
1170,7.797933716323274e-13,0.99999999999408
1171,7.21259663228983e-13,0.9999999999948013
1172,6.872267780803492e-13,0.9999999999954885
1173,6.420495694149896e-13,0.9999999999961305
1174,6.107696069956253e-13,0.9999999999967413
1175,5.645070718029685e-13,0.9999999999973058
1176,4.794276514184464e-13,0.9999999999977852
1177,3.822378489020381e-13,0.9999999999981675
1178,2.6850186248065504e-13,0.9999999999984359
1179,2.375505852775502e-13,0.9999999999986735
1180,2.1228351811399054e-13,0.9999999999988858
1181,2.0791917972191356e-13,0.9999999999990937
1182,1.7569041666187289e-13,0.9999999999992694
1183,1.6945766399704154e-13,0.9999999999994388
1184,1.4160436513834983e-13,0.9999999999995803
1185,8.087489178764753e-14,0.9999999999996612
1186,7.475630913292332e-14,0.9999999999997359
1187,7.093388276326164e-14,0.9999999999998068
1188,6.236001822415256e-14,0.9999999999998692
1189,3.714222868648267e-14,0.9999999999999064
1190,3.2708551435050626e-14,0.9999999999999392
1191,1.491703064334499e-14,0.999999999999954
1192,1.3000977663161564e-14,0.999999999999967
1193,8.266447267784574e-15,0.9999999999999752
1194,6.540608502047308e-15,0.9999999999999818
1195,6.156799741455069e-15,0.9999999999999879
1196,5.698986574469159e-15,0.9999999999999936
1197,2.5091864254549072e-15,0.9999999999999961
1198,2.0098402878150216e-15,0.9999999999999981
1199,1.3091272459137101e-15,0.9999999999999994
1200,6.952843359997393e-16,1.0000000000000002
1201,1.8136209526417097e-16,1.0000000000000004
1202,1.564759257577464e-16,1.0000000000000007
1203,2.32646048892713e-17,1.0000000000000007
1204,6.367769496595652e-18,1.0000000000000007
1205,3.9126384370497924e-19,1.0000000000000007
1206,1.4646600448905587e-19,1.0000000000000007
1207,1.2620414969268603e-20,1.0000000000000007
1208,2.454747985864775e-22,1.0000000000000007
1209,2.657164362881457e-24,1.0000000000000007
1210,6.539619519005419e-25,1.0000000000000007
1211,9.750670548463903e-26,1.0000000000000007
1212,3.2049932081256707e-26,1.0000000000000007
1213,3.5632859668015677e-31,1.0000000000000007
1214,1.5133532350238127e-31,1.0000000000000007
1215,1.6709270080168917e-32,1.0000000000000007
1216,1.3306463092376689e-32,1.0000000000000007
1217,9.154976538912136e-33,1.0000000000000007
1218,6.89523079289351e-33,1.0000000000000007
1219,5.554969137299302e-33,1.0000000000000007
1220,5.5080965902661796e-33,1.0000000000000007
1221,5.262109907857182e-33,1.0000000000000007
1222,3.202026117913381e-33,1.0000000000000007
1223,2.0344488212460825e-33,1.0000000000000007
1224,1.924739881194762e-33,1.0000000000000007
1225,1.924739881194762e-33,1.0000000000000007
1226,1.924739881194762e-33,1.0000000000000007
1227,1.924739881194762e-33,1.0000000000000007
1228,1.924739881194762e-33,1.0000000000000007
1229,1.924739881194762e-33,1.0000000000000007
1230,1.924739881194762e-33,1.0000000000000007
1231,1.924739881194762e-33,1.0000000000000007
1232,1.924739881194762e-33,1.0000000000000007
1233,1.924739881194762e-33,1.0000000000000007
1234,1.924739881194762e-33,1.0000000000000007
1235,1.924739881194762e-33,1.0000000000000007
1236,1.924739881194762e-33,1.0000000000000007
1237,1.924739881194762e-33,1.0000000000000007
1238,1.924739881194762e-33,1.0000000000000007
1239,1.924739881194762e-33,1.0000000000000007
1240,1.924739881194762e-33,1.0000000000000007
1241,1.924739881194762e-33,1.0000000000000007
1242,1.924739881194762e-33,1.0000000000000007
1243,1.924739881194762e-33,1.0000000000000007
1244,1.924739881194762e-33,1.0000000000000007
1245,1.924739881194762e-33,1.0000000000000007
1246,1.924739881194762e-33,1.0000000000000007
1247,1.924739881194762e-33,1.0000000000000007
1248,1.924739881194762e-33,1.0000000000000007
1249,1.924739881194762e-33,1.0000000000000007
1250,1.924739881194762e-33,1.0000000000000007
1251,1.924739881194762e-33,1.0000000000000007
1252,1.924739881194762e-33,1.0000000000000007
1253,1.924739881194762e-33,1.0000000000000007
1254,1.924739881194762e-33,1.0000000000000007
1255,1.924739881194762e-33,1.0000000000000007
1256,1.924739881194762e-33,1.0000000000000007
1257,1.924739881194762e-33,1.0000000000000007
1258,1.924739881194762e-33,1.0000000000000007
1259,1.924739881194762e-33,1.0000000000000007
1260,1.924739881194762e-33,1.0000000000000007
1261,1.924739881194762e-33,1.0000000000000007
1262,1.924739881194762e-33,1.0000000000000007
1263,1.924739881194762e-33,1.0000000000000007
1264,1.924739881194762e-33,1.0000000000000007
1265,1.924739881194762e-33,1.0000000000000007
1266,1.924739881194762e-33,1.0000000000000007
1267,1.924739881194762e-33,1.0000000000000007
1268,1.924739881194762e-33,1.0000000000000007
1269,1.924739881194762e-33,1.0000000000000007
1270,1.924739881194762e-33,1.0000000000000007
1271,1.924739881194762e-33,1.0000000000000007
1272,1.924739881194762e-33,1.0000000000000007
1273,1.924739881194762e-33,1.0000000000000007
1274,1.924739881194762e-33,1.0000000000000007
1275,1.924739881194762e-33,1.0000000000000007
1276,1.924739881194762e-33,1.0000000000000007
1277,1.924739881194762e-33,1.0000000000000007
1278,1.924739881194762e-33,1.0000000000000007
1279,1.924739881194762e-33,1.0000000000000007
1280,1.924739881194762e-33,1.0000000000000007
1281,1.924739881194762e-33,1.0000000000000007
1282,1.924739881194762e-33,1.0000000000000007
1283,1.924739881194762e-33,1.0000000000000007
1284,1.924739881194762e-33,1.0000000000000007
1285,1.924739881194762e-33,1.0000000000000007
1286,1.924739881194762e-33,1.0000000000000007
1287,1.924739881194762e-33,1.0000000000000007
1288,1.924739881194762e-33,1.0000000000000007
1289,1.924739881194762e-33,1.0000000000000007
1290,1.924739881194762e-33,1.0000000000000007
1291,1.924739881194762e-33,1.0000000000000007
1292,1.924739881194762e-33,1.0000000000000007
1293,1.924739881194762e-33,1.0000000000000007
1294,1.924739881194762e-33,1.0000000000000007
1295,1.924739881194762e-33,1.0000000000000007
1296,1.924739881194762e-33,1.0000000000000007
1297,1.924739881194762e-33,1.0000000000000007
1298,1.924739881194762e-33,1.0000000000000007
1299,1.924739881194762e-33,1.0000000000000007
1300,1.924739881194762e-33,1.0000000000000007
1301,1.924739881194762e-33,1.0000000000000007
1302,1.924739881194762e-33,1.0000000000000007
1303,1.924739881194762e-33,1.0000000000000007
1304,1.924739881194762e-33,1.0000000000000007
1305,1.924739881194762e-33,1.0000000000000007
1306,1.924739881194762e-33,1.0000000000000007
1307,1.924739881194762e-33,1.0000000000000007
1308,1.924739881194762e-33,1.0000000000000007
1309,1.924739881194762e-33,1.0000000000000007
1310,1.924739881194762e-33,1.0000000000000007
1311,1.924739881194762e-33,1.0000000000000007
1312,1.924739881194762e-33,1.0000000000000007
1313,1.924739881194762e-33,1.0000000000000007
1314,1.924739881194762e-33,1.0000000000000007
1315,1.924739881194762e-33,1.0000000000000007
1316,1.924739881194762e-33,1.0000000000000007
1317,1.924739881194762e-33,1.0000000000000007
1318,1.924739881194762e-33,1.0000000000000007
1319,1.924739881194762e-33,1.0000000000000007
1320,1.924739881194762e-33,1.0000000000000007
1321,1.924739881194762e-33,1.0000000000000007
1322,1.924739881194762e-33,1.0000000000000007
1323,1.924739881194762e-33,1.0000000000000007
1324,1.924739881194762e-33,1.0000000000000007
1325,1.924739881194762e-33,1.0000000000000007
1326,1.924739881194762e-33,1.0000000000000007
1327,1.924739881194762e-33,1.0000000000000007
1328,1.924739881194762e-33,1.0000000000000007
1329,1.924739881194762e-33,1.0000000000000007
1330,1.924739881194762e-33,1.0000000000000007
1331,1.924739881194762e-33,1.0000000000000007
1332,1.924739881194762e-33,1.0000000000000007
1333,1.924739881194762e-33,1.0000000000000007
1334,1.924739881194762e-33,1.0000000000000007
1335,1.924739881194762e-33,1.0000000000000007
1336,1.924739881194762e-33,1.0000000000000007
1337,1.924739881194762e-33,1.0000000000000007
1338,1.924739881194762e-33,1.0000000000000007
1339,1.924739881194762e-33,1.0000000000000007
1340,1.924739881194762e-33,1.0000000000000007
1341,1.924739881194762e-33,1.0000000000000007
1342,1.924739881194762e-33,1.0000000000000007
1343,1.924739881194762e-33,1.0000000000000007
1344,1.924739881194762e-33,1.0000000000000007
1345,1.924739881194762e-33,1.0000000000000007
1346,1.924739881194762e-33,1.0000000000000007
1347,1.924739881194762e-33,1.0000000000000007
1348,1.924739881194762e-33,1.0000000000000007
1349,1.924739881194762e-33,1.0000000000000007
1350,1.924739881194762e-33,1.0000000000000007
1351,1.924739881194762e-33,1.0000000000000007
1352,1.924739881194762e-33,1.0000000000000007
1353,1.924739881194762e-33,1.0000000000000007
1354,1.924739881194762e-33,1.0000000000000007
1355,1.924739881194762e-33,1.0000000000000007
1356,1.924739881194762e-33,1.0000000000000007
1357,1.924739881194762e-33,1.0000000000000007
1358,1.924739881194762e-33,1.0000000000000007
1359,1.924739881194762e-33,1.0000000000000007
1360,1.924739881194762e-33,1.0000000000000007
1361,1.924739881194762e-33,1.0000000000000007
1362,1.924739881194762e-33,1.0000000000000007
1363,1.924739881194762e-33,1.0000000000000007
1364,1.924739881194762e-33,1.0000000000000007
1365,1.924739881194762e-33,1.0000000000000007
1366,1.924739881194762e-33,1.0000000000000007
1367,1.924739881194762e-33,1.0000000000000007
1368,1.924739881194762e-33,1.0000000000000007
1369,1.924739881194762e-33,1.0000000000000007
1370,1.924739881194762e-33,1.0000000000000007
1371,1.924739881194762e-33,1.0000000000000007
1372,1.924739881194762e-33,1.0000000000000007
1373,1.924739881194762e-33,1.0000000000000007
1374,1.924739881194762e-33,1.0000000000000007
1375,1.924739881194762e-33,1.0000000000000007
1376,1.924739881194762e-33,1.0000000000000007
1377,1.924739881194762e-33,1.0000000000000007
1378,1.924739881194762e-33,1.0000000000000007
1379,1.924739881194762e-33,1.0000000000000007
1380,1.924739881194762e-33,1.0000000000000007
1381,1.924739881194762e-33,1.0000000000000007
1382,1.924739881194762e-33,1.0000000000000007
1383,1.924739881194762e-33,1.0000000000000007
1384,1.924739881194762e-33,1.0000000000000007
1385,1.924739881194762e-33,1.0000000000000007
1386,1.924739881194762e-33,1.0000000000000007
1387,1.924739881194762e-33,1.0000000000000007
1388,1.924739881194762e-33,1.0000000000000007
1389,1.924739881194762e-33,1.0000000000000007
1390,1.924739881194762e-33,1.0000000000000007
1391,1.924739881194762e-33,1.0000000000000007
1392,1.924739881194762e-33,1.0000000000000007
1393,1.924739881194762e-33,1.0000000000000007
1394,1.924739881194762e-33,1.0000000000000007
1395,1.924739881194762e-33,1.0000000000000007
1396,1.924739881194762e-33,1.0000000000000007
1397,1.924739881194762e-33,1.0000000000000007
1398,1.924739881194762e-33,1.0000000000000007
1399,1.924739881194762e-33,1.0000000000000007
1400,1.924739881194762e-33,1.0000000000000007
1401,1.924739881194762e-33,1.0000000000000007
1402,1.924739881194762e-33,1.0000000000000007
1403,1.924739881194762e-33,1.0000000000000007
1404,1.924739881194762e-33,1.0000000000000007
1405,1.924739881194762e-33,1.0000000000000007
1406,1.924739881194762e-33,1.0000000000000007
1407,1.924739881194762e-33,1.0000000000000007
1408,1.924739881194762e-33,1.0000000000000007
1409,1.924739881194762e-33,1.0000000000000007
1410,1.924739881194762e-33,1.0000000000000007
1411,1.924739881194762e-33,1.0000000000000007
1412,1.924739881194762e-33,1.0000000000000007
1413,1.924739881194762e-33,1.0000000000000007
1414,1.924739881194762e-33,1.0000000000000007
1415,1.924739881194762e-33,1.0000000000000007
1416,1.924739881194762e-33,1.0000000000000007
1417,1.924739881194762e-33,1.0000000000000007
1418,1.924739881194762e-33,1.0000000000000007
1419,1.924739881194762e-33,1.0000000000000007
1420,1.924739881194762e-33,1.0000000000000007
1421,1.924739881194762e-33,1.0000000000000007
1422,1.924739881194762e-33,1.0000000000000007
1423,1.924739881194762e-33,1.0000000000000007
1424,1.924739881194762e-33,1.0000000000000007
1425,1.924739881194762e-33,1.0000000000000007
1426,1.924739881194762e-33,1.0000000000000007
1427,1.924739881194762e-33,1.0000000000000007
1428,1.924739881194762e-33,1.0000000000000007
1429,1.924739881194762e-33,1.0000000000000007
1430,1.924739881194762e-33,1.0000000000000007
1431,1.924739881194762e-33,1.0000000000000007
1432,1.924739881194762e-33,1.0000000000000007
1433,1.924739881194762e-33,1.0000000000000007
1434,1.924739881194762e-33,1.0000000000000007
1435,1.924739881194762e-33,1.0000000000000007
1436,1.924739881194762e-33,1.0000000000000007
1437,1.924739881194762e-33,1.0000000000000007
1438,1.924739881194762e-33,1.0000000000000007
1439,1.924739881194762e-33,1.0000000000000007
1440,1.924739881194762e-33,1.0000000000000007
1441,1.924739881194762e-33,1.0000000000000007
1442,1.924739881194762e-33,1.0000000000000007
1443,1.924739881194762e-33,1.0000000000000007
1444,1.924739881194762e-33,1.0000000000000007
1445,1.924739881194762e-33,1.0000000000000007
1446,1.924739881194762e-33,1.0000000000000007
1447,1.924739881194762e-33,1.0000000000000007
1448,1.924739881194762e-33,1.0000000000000007
1449,1.924739881194762e-33,1.0000000000000007
1450,1.924739881194762e-33,1.0000000000000007
1451,1.924739881194762e-33,1.0000000000000007
1452,1.924739881194762e-33,1.0000000000000007
1453,1.924739881194762e-33,1.0000000000000007
1454,1.924739881194762e-33,1.0000000000000007
1455,1.924739881194762e-33,1.0000000000000007
1456,1.924739881194762e-33,1.0000000000000007
1457,1.924739881194762e-33,1.0000000000000007
1458,1.924739881194762e-33,1.0000000000000007
1459,1.924739881194762e-33,1.0000000000000007
1460,1.924739881194762e-33,1.0000000000000007
1461,1.924739881194762e-33,1.0000000000000007
1462,1.924739881194762e-33,1.0000000000000007
1463,1.924739881194762e-33,1.0000000000000007
1464,1.924739881194762e-33,1.0000000000000007
1465,1.924739881194762e-33,1.0000000000000007
1466,1.924739881194762e-33,1.0000000000000007
1467,1.924739881194762e-33,1.0000000000000007
1468,1.924739881194762e-33,1.0000000000000007
1469,1.924739881194762e-33,1.0000000000000007
1470,1.924739881194762e-33,1.0000000000000007
1471,1.924739881194762e-33,1.0000000000000007
1472,1.924739881194762e-33,1.0000000000000007
1473,1.924739881194762e-33,1.0000000000000007
1474,1.924739881194762e-33,1.0000000000000007
1475,1.924739881194762e-33,1.0000000000000007
1476,1.924739881194762e-33,1.0000000000000007
1477,1.924739881194762e-33,1.0000000000000007
1478,1.924739881194762e-33,1.0000000000000007
1479,1.924739881194762e-33,1.0000000000000007
1480,1.924739881194762e-33,1.0000000000000007
1481,1.924739881194762e-33,1.0000000000000007
1482,1.924739881194762e-33,1.0000000000000007
1483,1.924739881194762e-33,1.0000000000000007
1484,1.924739881194762e-33,1.0000000000000007
1485,1.924739881194762e-33,1.0000000000000007
1486,1.924739881194762e-33,1.0000000000000007
1487,1.924739881194762e-33,1.0000000000000007
1488,1.924739881194762e-33,1.0000000000000007
1489,1.924739881194762e-33,1.0000000000000007
1490,1.924739881194762e-33,1.0000000000000007
1491,1.924739881194762e-33,1.0000000000000007
1492,1.924739881194762e-33,1.0000000000000007
1493,1.924739881194762e-33,1.0000000000000007
1494,1.924739881194762e-33,1.0000000000000007
1495,1.924739881194762e-33,1.0000000000000007
1496,1.924739881194762e-33,1.0000000000000007
1497,1.924739881194762e-33,1.0000000000000007
1498,1.924739881194762e-33,1.0000000000000007
1499,1.924739881194762e-33,1.0000000000000007
1500,1.924739881194762e-33,1.0000000000000007
1501,1.924739881194762e-33,1.0000000000000007
1502,1.924739881194762e-33,1.0000000000000007
1503,1.924739881194762e-33,1.0000000000000007
1504,1.924739881194762e-33,1.0000000000000007
1505,1.924739881194762e-33,1.0000000000000007
1506,1.924739881194762e-33,1.0000000000000007
1507,1.924739881194762e-33,1.0000000000000007
1508,1.924739881194762e-33,1.0000000000000007
1509,1.924739881194762e-33,1.0000000000000007
1510,1.924739881194762e-33,1.0000000000000007
1511,1.924739881194762e-33,1.0000000000000007
1512,1.924739881194762e-33,1.0000000000000007
1513,1.924739881194762e-33,1.0000000000000007
1514,1.924739881194762e-33,1.0000000000000007
1515,1.924739881194762e-33,1.0000000000000007
1516,1.924739881194762e-33,1.0000000000000007
1517,1.924739881194762e-33,1.0000000000000007
1518,1.924739881194762e-33,1.0000000000000007
1519,1.924739881194762e-33,1.0000000000000007
1520,1.924739881194762e-33,1.0000000000000007
1521,1.924739881194762e-33,1.0000000000000007
1522,1.924739881194762e-33,1.0000000000000007
1523,1.924739881194762e-33,1.0000000000000007
1524,1.924739881194762e-33,1.0000000000000007
1525,1.924739881194762e-33,1.0000000000000007
1526,1.924739881194762e-33,1.0000000000000007
1527,1.924739881194762e-33,1.0000000000000007
1528,7.640276961144853e-34,1.0000000000000007
1529,7.040186683919361e-34,1.0000000000000007
1530,3.325301049760498e-34,1.0000000000000007
1531,2.0895282071982454e-34,1.0000000000000007
