isoform,combo_member_label,blind_pred_file,pred_column
CYP1A2,chemprop_chemeleoninit,chemprop_chemeleoninit__unexcluded.csv,CYP1A2_pIC50_direct_inhibition
CYP1A2,ecfp4_narrow__rf,ecfp4_narrow__rf__unexcluded.csv,CYP1A2_pIC50_direct_inhibition
CYP1A2,chemeleon__rf,chemeleon__rf__unexcluded.csv,CYP1A2_pIC50_direct_inhibition
CYP1A2,ecfp4_narrow__lightgbm,ecfp4_narrow__lightgbm__unexcluded.csv,CYP1A2_pIC50_direct_inhibition
CYP2C9,chemprop_chemeleoninit,chemprop_chemeleoninit__unexcluded.csv,CYP2C9_pIC50_direct_inhibition
CYP2D6,chemeleon__rf (07 tuned),chemeleon__rf__cyp2d6_residual_excluded_tuned.csv,CYP2D6_pIC50_direct_inhibition
CYP2D6,chemprop_chemeleoninit,chemprop_chemeleoninit__cyp2d6_residual_excluded.csv,CYP2D6_pIC50_direct_inhibition
CYP3A4,chemprop_chemeleoninit,chemprop_chemeleoninit__unexcluded.csv,CYP3A4_pIC50_direct_inhibition
CYP3A4,ecfp4_narrow__lightgbm,ecfp4_narrow__lightgbm__unexcluded.csv,CYP3A4_pIC50_direct_inhibition
