Molecule_Name,inchikey,CYP2D6_pIC50_direct_inhibition
OCNT-0010024,IGQPNWMJMSQCKW-UHFFFAOYSA-N,5.640931219151984
OCNT-0491471,BVDAFZWKMQCHRT-GASCZTMLSA-N,4.62633760557918
OCNT-0493952,ZCTSQCRTBXPIIU-UHFFFAOYSA-N,4.634084764464913
OCNT-0495173,VSDUZFOSJDMAFZ-UHFFFAOYSA-N,5.006362405637695
OCNT-0495806,VBZCKONYGSQXHT-UHFFFAOYSA-N,4.7166038045371685
OCNT-0496981,RWZAIHHFBKOVIK-UHFFFAOYSA-N,4.615574782509651
OCNT-0497785,AZVFIZVKGSPGPK-UHFFFAOYSA-N,3.864857754441649
OCNT-1498525,UAODYKLBUMXKDC-UHFFFAOYSA-N,5.129621074867531
OCNT-2148029,PFDUUKDQEHURQC-UHFFFAOYSA-N,4.9213031393607425
OCNT-2308485,QKKYGDCZJOIAFV-UHFFFAOYSA-N,4.807387093921878
OCNT-2311186,SUWHYBSBFPCCEY-UHFFFAOYSA-N,4.641456855348215
OCNT-2312792,HTRUARZJVGTQQJ-UHFFFAOYSA-N,5.461219231067172
OCNT-2314689,POYOHGUZGSPOTJ-UHFFFAOYSA-N,4.661087873711379
OCNT-2461740,JROSDBYIFZWPBP-UHFFFAOYSA-N,4.962635717963536
OCNT-2469049,KFDFCBXHWBWRNM-UHFFFAOYSA-N,4.323478210477385
OCNT-2534775,UNEGPCMGWWRHKL-UHFFFAOYSA-N,5.4507549438720595
OCNT-2534776,DTROWYMYRYMVJD-UHFFFAOYSA-N,4.726894378661334
OCNT-2534778,RTTAKMJWURYDOX-UHFFFAOYSA-N,5.490907715367688
OCNT-2534781,OAHSXVGSCRPCIB-UHFFFAOYSA-N,4.627967882949505
OCNT-2534782,JQUYLQUXHQTSLJ-UHFFFAOYSA-N,4.52078111254033
OCNT-2534783,ZNNCRYGBHWLYAV-UHFFFAOYSA-N,4.606726148024657
OCNT-2534784,FPQZQXQHMQNGET-UHFFFAOYSA-N,4.631116022658379
OCNT-2534785,JOWAYMDGQTWWHN-UHFFFAOYSA-N,4.6418201460133455
OCNT-2534787,XZFFLONOQSCQJY-UHFFFAOYSA-N,4.583800558099757
OCNT-2534798,IAZVKDJIAPRDEN-UHFFFAOYSA-N,4.635969086162656
OCNT-2534799,MBJGHBFUQMRCCD-UHFFFAOYSA-N,4.618727339682092
OCNT-2534800,ZTMKRDWIDMDAMP-UHFFFAOYSA-N,4.632262441161881
OCNT-2534803,LZSBQYVBPJVTDR-UHFFFAOYSA-N,4.707110464016214
OCNT-2534805,FCDPQNPPXSHIHC-UHFFFAOYSA-N,4.660394795346791
OCNT-2534806,IJJJSXKYIBNCKO-UHFFFAOYSA-N,4.593314262114562
OCNT-2534808,DEQIHGMZJVGRHC-UHFFFAOYSA-N,4.57466069361249
OCNT-2534809,PRSDKLCCMIAKDL-UHFFFAOYSA-N,4.489023873138653
OCNT-2534810,VXSHODCKRGPEBG-UHFFFAOYSA-N,4.448824182090092
OCNT-2534811,CGKIUZNBBOMYDJ-UHFFFAOYSA-N,4.686233499663446
OCNT-2534813,XMROZLFGOWMJCM-UHFFFAOYSA-N,4.589440688264197
OCNT-2534822,RIXSOVONJREYAF-UHFFFAOYSA-N,4.3609222779023735
OCNT-2534823,ZNTPEPKSNUYNNJ-UHFFFAOYSA-N,5.581836180297534
OCNT-2534824,RWBHGILWKADMCW-UHFFFAOYSA-N,4.651491808476348
OCNT-2534827,TYHYAYIZVRSKSV-UHFFFAOYSA-N,4.658244016472098
OCNT-2534828,WWHJMKBJCUIJPI-UHFFFAOYSA-N,4.903838285967161
OCNT-2534829,WMDAVRBLCPLCCG-UHFFFAOYSA-N,4.580107543288606
OCNT-2534831,CIIDVXHWUXRQNL-UHFFFAOYSA-N,4.646055666387706
OCNT-2534832,OBPBFJWWESYCFK-UHFFFAOYSA-N,5.385911161291007
OCNT-2534833,SSETYIYNGPJINE-UHFFFAOYSA-N,4.835832266221311
OCNT-2534834,HLDATVJVNDAGEQ-UHFFFAOYSA-N,4.93920338975906
OCNT-2534835,HGLWNLJIXWELDY-UHFFFAOYSA-N,4.834569901993582
OCNT-2534836,OZOCKPMOXMRTQS-UHFFFAOYSA-N,4.574256305314906
OCNT-2534837,TXOIOLMCDDZPAY-UHFFFAOYSA-N,4.6411088047236335
OCNT-2534838,ZEOORVXZMSOMIO-UHFFFAOYSA-N,4.605943757144806
OCNT-2534839,XWQPJLDOLIAXHP-UHFFFAOYSA-N,4.604624651557765
OCNT-2534840,CUZZVFPEHLVHLZ-UHFFFAOYSA-N,4.55222404699608
OCNT-2534843,MPZHTOYCIOMTIL-UHFFFAOYSA-N,4.885331254752735
OCNT-2534844,MAHOIISEFZBESO-UHFFFAOYSA-N,4.579774655270072
OCNT-2534845,GNVHWMXNNLBJMM-UHFFFAOYSA-N,5.2069670931866625
OCNT-2534847,IGGYFCLLKDVTBR-UHFFFAOYSA-N,5.61531565672235
OCNT-2534850,GAHPJTQJDZYREJ-UHFFFAOYSA-N,5.255201690265394
OCNT-2534851,LXKNSOVTYMIYCD-UHFFFAOYSA-N,4.895968625542997
OCNT-2534852,BEMSBFGZUAAOAU-UHFFFAOYSA-N,4.638108561833561
OCNT-2534853,STZBYSMAMRGCEZ-UHFFFAOYSA-N,4.9272222654455256
OCNT-2534855,LCLIPNKNAXUCSW-UHFFFAOYSA-N,4.511390207671751
OCNT-2534856,MIMIYUBTBVFAPU-UHFFFAOYSA-N,4.643933502970351
OCNT-2534857,OGHXXVWTXSKXMQ-UHFFFAOYSA-N,4.60385234430711
OCNT-2534858,QIGKJXRNVAQVQK-UHFFFAOYSA-N,4.5500112671160124
OCNT-2534860,LIQMVPBHWGTWHP-UHFFFAOYSA-N,4.900667848407207
OCNT-2534861,RPMVROJFYWMLMX-UHFFFAOYSA-N,5.00956657871047
OCNT-2534862,VAIAQMGURVNNNV-UHFFFAOYSA-N,4.99457497964215
OCNT-2534863,WNUYUWCIZOJUKT-UHFFFAOYSA-N,4.943774700028706
OCNT-2534864,AYSKARSLJDDKEB-UHFFFAOYSA-N,4.862536785553943
OCNT-2534866,JVIGPSPMXDSCKO-UHFFFAOYSA-N,4.578877996706762
OCNT-2534867,BSZBIIDNFWSNFB-UHFFFAOYSA-N,4.713185586854812
OCNT-2534868,MZDHROKIJGVAAE-UHFFFAOYSA-N,4.59273338519925
OCNT-2534869,UWFBZHRKEFYFGA-UHFFFAOYSA-N,5.36538041672545
OCNT-2534870,QVLIHCKXHKNMKT-UHFFFAOYSA-N,4.501669200546611
OCNT-2534871,LJIQDDOLGHWUHV-UHFFFAOYSA-N,4.65561908146823
OCNT-2534872,WGELAGOQQCXWEI-UHFFFAOYSA-N,4.8927270679919905
OCNT-2534873,ZIHODWCMPYGUQS-UHFFFAOYSA-N,5.015487070786734
OCNT-2534874,GURARNLILHYZHV-UHFFFAOYSA-N,5.039495350455337
OCNT-2534875,OOZUSHYHZBZTJU-UHFFFAOYSA-N,4.930036451964867
OCNT-2534877,XXCRZZKYNGSUNJ-UHFFFAOYSA-N,4.426000419798402
OCNT-2534878,BJEFUMBSVAPULZ-UHFFFAOYSA-N,5.099030278735119
OCNT-2534879,VCEMDYRCMKMZRO-UHFFFAOYSA-N,4.8559767088556045
OCNT-2534881,FBDSZUWAAXYTPA-UHFFFAOYSA-N,4.562516503088354
OCNT-2534882,VISWIPSJSGOGBK-UHFFFAOYSA-N,4.849145645186272
OCNT-2534883,UTJJZKBWXLYEJU-UHFFFAOYSA-N,4.619157780124389
OCNT-2534884,AYSQNMFURHMHBB-UHFFFAOYSA-N,4.6622198030771305
OCNT-2534888,IIZBUHJUXGMBKV-UHFFFAOYSA-N,4.960186470983201
OCNT-2534890,BTJTYYCNWKCYRL-UHFFFAOYSA-N,4.6542749560715055
OCNT-2534891,BWCWXWNUSKHQPP-UHFFFAOYSA-N,4.629952514641608
OCNT-2534892,LYZZVXQURXMDLT-UHFFFAOYSA-N,4.7749361991796775
OCNT-2534895,LQSVFAVNYYMYFV-UHFFFAOYSA-N,4.582052306304809
OCNT-2534896,YSAHYXDWNHXYFO-UHFFFAOYSA-N,4.94830764072332
OCNT-2534899,UGTKWOXHHSBNNQ-UHFFFAOYSA-N,4.298541890609553
OCNT-2534900,QEAFBOBEDNHPOQ-UHFFFAOYSA-N,4.516957380644687
OCNT-2534905,OPGLWCBXMKVYNP-UHFFFAOYSA-N,5.480363579846636
OCNT-2534908,GFEFYPIXEGEYFW-UHFFFAOYSA-N,4.687198813853357
OCNT-2534910,ZWUWQQOBGUBFRY-UHFFFAOYSA-N,4.630857096853779
OCNT-2534912,KGHVXBQQNNTFQD-UHFFFAOYSA-N,4.657093334105968
OCNT-2534913,WGRHNYMEVAMGGU-UHFFFAOYSA-N,4.3027173722737615
OCNT-2534915,RKZDKVQYBMGUPX-UHFFFAOYSA-N,4.2971857281444645
OCNT-2534916,MHTNPZUPKMIADR-UHFFFAOYSA-N,4.116689483714331
OCNT-2534919,KUYLBYOZSRYMDE-UHFFFAOYSA-N,4.3056790631638595
OCNT-2534921,CHXPEHVXNPCPPL-UHFFFAOYSA-N,4.104751742487692
OCNT-2534922,LGVPXABYCVNIGO-UHFFFAOYSA-N,4.086968504578805
OCNT-2534924,SDILIUAHINFFTQ-UHFFFAOYSA-N,4.626495417451926
OCNT-2534925,MMBXAUHNKONKHN-UHFFFAOYSA-N,4.619393398916612
OCNT-2534927,ZOYAFJLWDPRSNH-UHFFFAOYSA-N,4.395495145159938
OCNT-2534928,LHABHVGSUWIBEN-UHFFFAOYSA-N,4.9017429324102775
OCNT-2534930,OYMCMPVXWOJFKA-UHFFFAOYSA-N,4.66764478462812
OCNT-2534933,GCVDBUCMAZYPHN-UHFFFAOYSA-N,4.703645636690513
OCNT-2534934,XNWKPSWPZRZZEG-UHFFFAOYSA-N,4.5962135941302495
OCNT-2534935,GYXPIFORKYOIRC-UHFFFAOYSA-N,4.711511165844863
OCNT-2534937,RDUFLNBPDOYUBX-UHFFFAOYSA-N,5.442268240653647
OCNT-2534938,UWJUOLHIVJHENY-UHFFFAOYSA-N,4.125897643137146
OCNT-2534939,SREQUWGGTBLVPD-UHFFFAOYSA-N,4.112794911201147
OCNT-2534942,OPZJNMIUJYEZEY-UHFFFAOYSA-N,4.085669662097787
OCNT-2534943,VMYAXVMJYUZFSU-UHFFFAOYSA-N,4.093192531908699
OCNT-2534947,XCDMBBULNJFIGX-UHFFFAOYSA-N,4.687362847167889
OCNT-2534948,VWPFAROGGPSGFE-UHFFFAOYSA-N,4.665683039959095
OCNT-2534949,DIWSNIDUDLATBC-UHFFFAOYSA-N,4.684375655352846
OCNT-2534950,BUTCFXVBIDYMNN-UHFFFAOYSA-N,4.712475057750328
OCNT-2534951,XOECFOCWUYHDRE-UHFFFAOYSA-N,5.2027290207103345
OCNT-2534952,RYRMMJFZGTYOFO-UHFFFAOYSA-N,4.694501363255698
OCNT-2534953,XTFGDCIGBUPFJP-UHFFFAOYSA-N,4.409970161315437
OCNT-2534954,WIKNYIQVSATYBE-UHFFFAOYSA-N,5.036423520557673
OCNT-2534955,WEXFQWFZXGNBNH-UHFFFAOYSA-N,4.644595330807082
OCNT-2534956,HHYHPUZSEDXWSP-UHFFFAOYSA-N,4.61600085901251
OCNT-2534958,FAMFOOKIXZRSML-UHFFFAOYSA-N,4.837731319737847
OCNT-2534959,KJMGBBLWPJNINA-UHFFFAOYSA-N,4.676141308492331
OCNT-2534960,WIEOTBLDNNKERH-UHFFFAOYSA-N,4.586754244702061
OCNT-2534962,BGKXIERSYNZZSL-UHFFFAOYSA-N,4.632935054380939
OCNT-2534963,IVXXUQFKTNGTAE-UHFFFAOYSA-N,4.601388759165026
OCNT-2534964,DLTPUYDVRZRAIQ-UHFFFAOYSA-N,4.601435633269389
OCNT-2534965,UFYWUAWJTBJSCP-UHFFFAOYSA-N,4.634154035420108
OCNT-2534966,RNQLRSCPVMYOAQ-UHFFFAOYSA-N,4.466847597457059
OCNT-2534967,SDCOXSDXNHAZIK-UHFFFAOYSA-N,4.500519612171962
OCNT-2534968,ZQGXEEQNCMRNSH-UHFFFAOYSA-N,4.6035345765070215
OCNT-2534969,UTDWDLUZCAEWPY-UHFFFAOYSA-N,4.632431398468624
OCNT-2534972,KSHSYDWVNPCRKV-UHFFFAOYSA-N,4.63308548806427
OCNT-2534974,RXGMQGHDTAIXIW-UHFFFAOYSA-N,4.636113205124604
OCNT-2534975,BGTNQNZJIDNRHL-UHFFFAOYSA-N,4.63556097374218
OCNT-2534976,HABNUFGQZGZHKX-SNVBAGLBSA-N,4.795352194050079
OCNT-2534977,MOBBVWNAJFWTCA-UHFFFAOYSA-N,4.502096771723545
OCNT-2534978,FADNYNMDTALVPK-UHFFFAOYSA-N,4.689940991591369
OCNT-2534979,LKIMECLKXUAUEP-UHFFFAOYSA-N,4.72283244796876
OCNT-2534980,XBKQKFVSOVBHAG-UHFFFAOYSA-N,4.533105248268146
OCNT-2534981,KPIHQYPRJADZIC-UHFFFAOYSA-N,5.163103978549875
OCNT-2534982,QSHIPBRGUIUHSP-UHFFFAOYSA-N,4.461157189748312
OCNT-2534983,IYUMPCGGZOFGAD-UHFFFAOYSA-N,4.689592780152828
OCNT-2534984,FKHZWXJUCIODRH-UHFFFAOYSA-N,4.58340303072509
OCNT-2534985,PTQXNWOOUQRPES-UHFFFAOYSA-N,4.568931191370497
OCNT-2534986,FGKVMYYNESCBGL-UHFFFAOYSA-N,4.5830536391950645
OCNT-2534987,XKVKAFVJMWVQJE-UHFFFAOYSA-N,4.599593495159547
OCNT-2534988,SYZGPVVYFXZESC-UHFFFAOYSA-N,4.354389819402552
OCNT-2534989,ZSOCAMZZPQUWPD-UHFFFAOYSA-N,4.685723498797676
OCNT-2534991,JUQNLDDJKUGUHV-UHFFFAOYSA-N,4.531119061179259
OCNT-2534992,MQUNWRCDNFUFNA-UHFFFAOYSA-N,4.379169553031337
OCNT-2534993,OJBBKSIPRMVDMI-UHFFFAOYSA-N,4.367960533203054
OCNT-2534995,AIMMSTIQRDLJKH-UHFFFAOYSA-N,4.587259004804319
OCNT-2534996,JDPCINSMLVUFPO-UHFFFAOYSA-N,4.471492681627958
OCNT-2534997,ZRQYTHSVXXFAPY-UHFFFAOYSA-N,4.654135737675599
OCNT-2534998,RXOPBTLTFWZATL-UHFFFAOYSA-N,4.636598262151761
OCNT-2534999,NCKLLRVUAZAPDA-UHFFFAOYSA-N,4.6260372257015945
OCNT-2535000,COBKTOCKOIWELQ-UHFFFAOYSA-N,4.6290562600183645
OCNT-2535002,JUCHYYGJROZRNJ-UHFFFAOYSA-N,4.46539819770231
OCNT-2535004,GMKRBYYYJIORSC-UHFFFAOYSA-N,4.340358101325511
OCNT-2535005,GKTWHVUWJJCKMR-UHFFFAOYSA-N,4.596234637007269
OCNT-2535006,XKTUHVPDMAHBQL-UHFFFAOYSA-N,4.515885301228226
OCNT-2535007,DOZQLYDUDFQCPC-UHFFFAOYSA-N,4.821152325695533
OCNT-2535008,LUCAWVSGCYHHGJ-UHFFFAOYSA-N,4.619311189586069
OCNT-2535010,RBQGMKFHVNPIRY-UHFFFAOYSA-N,4.583248319477106
OCNT-2535011,OJIDMJWIQXQZTO-UHFFFAOYSA-N,4.531786602491621
OCNT-2535012,PDCJUDSOQPEBFU-UHFFFAOYSA-N,4.799828468084971
OCNT-2535015,SOIQSVFJYMUIGF-UHFFFAOYSA-N,4.762274961087188
OCNT-2535017,JYFWMKVLBXMHNH-SYGMWZTRSA-N,4.655803554702434
OCNT-2535018,XUCZPLLMCHWUOL-UHFFFAOYSA-N,4.648170131770319
OCNT-2535020,UMRSUGBDYLGYAF-UHFFFAOYSA-N,4.629209111551152
OCNT-2535021,TYGBTPIUHWDVFQ-UHFFFAOYSA-N,4.648806167212657
OCNT-2535023,XSMMQPAOHODKDX-UHFFFAOYSA-N,4.892625749566477
OCNT-2535025,NIBUNRRIBLBRAZ-UHFFFAOYSA-N,4.663551678560635
OCNT-2535030,GCSPKOFKTNMIJM-UHFFFAOYSA-N,4.6816716866965224
OCNT-2535033,CIHLZCMPRMSNDX-UHFFFAOYSA-N,4.698276670902684
OCNT-2535034,VBQXROGKZCOCEX-UHFFFAOYSA-N,4.668192404882889
OCNT-2535035,BHBANQFMZFEGDV-UHFFFAOYSA-N,4.7512133168616435
OCNT-2535036,JVNVATTZPWFATM-UHFFFAOYSA-N,4.730682013229699
OCNT-2535037,XBVGLFBMQTTZIU-UHFFFAOYSA-N,4.65095881448495
OCNT-2535039,IKNANJFWYCRCKT-UHFFFAOYSA-N,4.548602276681159
OCNT-2535040,BHNYBTUOTJMQOO-UHFFFAOYSA-N,4.977134531131999
OCNT-2535041,KEBAJQLCWJBELI-UHFFFAOYSA-N,4.66016454834541
OCNT-2535042,ZXKCOIQAOHWTEQ-UHFFFAOYSA-N,4.7197623873709
OCNT-2535044,GBIOCCDNIFFXFQ-UHFFFAOYSA-N,4.733960142359433
OCNT-2535045,ORQVCZZTVCFTRF-UHFFFAOYSA-N,5.436615563778713
OCNT-2535047,CRBSGBDDTDDCHV-UHFFFAOYSA-N,5.109301703671089
OCNT-2535048,NZZRPJKQSXSGSV-UHFFFAOYSA-N,4.549301083901965
OCNT-2535049,RMZQMWLOHMIUCC-UHFFFAOYSA-N,4.5057197265405255
OCNT-2535050,XONRNTKMPVDEFH-UHFFFAOYSA-N,4.5661627848488315
OCNT-2535051,WEZNBBCXUQWIEA-UHFFFAOYSA-N,5.146167410174236
OCNT-2535052,ZKZIMMAKAMEPAA-UHFFFAOYSA-N,4.595807709350169
OCNT-2535053,FHAFWNDGOPCJPI-UHFFFAOYSA-N,4.432527990855363
OCNT-2535054,KEOGUGZUSBSVAS-UHFFFAOYSA-N,4.386304874204317
OCNT-2535058,URDOBPIQGUDVII-UHFFFAOYSA-N,4.401736467652154
OCNT-2535059,GFTDVNYGFQVBPY-UHFFFAOYSA-N,4.433916690795615
OCNT-2535061,TYEYIGPAWHSTRL-UHFFFAOYSA-N,4.540839114640137
OCNT-2535062,GSSIKZBYBTXWON-UHFFFAOYSA-N,4.353368686596571
OCNT-2535064,AENDCANNOSENAM-UHFFFAOYSA-N,4.558547458252736
OCNT-2535065,GMVLWSSEQDDWKN-UHFFFAOYSA-N,4.644439535556241
OCNT-2535066,CTJNNMNHRJEGHZ-UHFFFAOYSA-N,4.833233956748075
OCNT-2535067,FBTIHBSKJJQNDA-UHFFFAOYSA-N,4.872182270823629
OCNT-2535069,NERXOVWAJKSMMJ-UHFFFAOYSA-N,4.794207458949051
OCNT-2535070,DYJLEKMLHFUFSZ-UHFFFAOYSA-N,4.509393439069458
OCNT-2535071,JIDFHRQCSHTCAL-UHFFFAOYSA-N,4.629799597567682
OCNT-2535072,WFRKIAUIRPHVLV-UHFFFAOYSA-N,4.619473147173913
OCNT-2535073,NVEGBIWSSQVYHA-UHFFFAOYSA-N,4.538544079119842
OCNT-2535076,VFRFKJPAHUFNRX-UHFFFAOYSA-N,4.79754487706112
OCNT-2535077,CWBKDPVPQZBDCL-UHFFFAOYSA-N,4.790296028396138
OCNT-2535079,YWSUJTRIDYTCGE-UHFFFAOYSA-N,4.956152248235563
OCNT-2535081,PRHJDZAWGNGBDA-UHFFFAOYSA-N,4.591583510124804
OCNT-2535082,VPMPORUJVWMXOL-UHFFFAOYSA-N,5.516298649873643
OCNT-2535083,WPNYDMMWIYBSSA-UHFFFAOYSA-N,4.925191449178564
OCNT-2535084,IBJUTTBLQBHAPS-UHFFFAOYSA-N,4.585145008216652
OCNT-2535086,ZLSHALHADKEATB-UHFFFAOYSA-N,4.620840907931292
OCNT-2535087,PSNRPTXLSOKWJG-UHFFFAOYSA-N,4.845326891671888
OCNT-2535088,OJATWDXTEGMIIA-UHFFFAOYSA-N,5.017402006886345
OCNT-2535091,UYRHVFGRFAGBOP-UHFFFAOYSA-N,5.385419066784292
OCNT-2535092,XJKWJGLBYVKZMD-UHFFFAOYSA-N,4.549902732254887
OCNT-2535093,RINNPLSMLICCLE-UHFFFAOYSA-N,4.697181706726219
OCNT-2535094,OOSQUUIXYIJTKC-UHFFFAOYSA-N,4.682143262120779
OCNT-2535095,RKNSFTXTHYXSNE-UHFFFAOYSA-N,4.701304351032867
OCNT-2535096,RLRFPLIYHVETRX-UHFFFAOYSA-N,4.575740531440034
OCNT-2535097,OJBCCVHFEMTZJR-UHFFFAOYSA-N,4.559966362325586
OCNT-2535098,HHBSCWPVPJQGPS-UHFFFAOYSA-N,4.930987469109736
OCNT-2535099,YADJBLDPFSOUMQ-UHFFFAOYSA-N,4.630341893639587
OCNT-2535100,MUQLJFDGJGYLDJ-UHFFFAOYSA-N,4.729794146725948
OCNT-2535101,WBYSHDIVFDTKAS-UHFFFAOYSA-N,5.5129121870679185
OCNT-2535102,ALHOSOXXWOCTMV-UHFFFAOYSA-N,4.877816863080299
OCNT-2535110,BGMKCPPIMKMICY-UHFFFAOYSA-N,4.3960312366847845
OCNT-2535111,AGMAYQWAVMKCRK-UHFFFAOYSA-N,4.329120998789875
OCNT-2535115,ZRTOJCIWPYMPEO-UHFFFAOYSA-N,5.022006349920179
OCNT-2535117,ZRLHVMLTXCBVFC-UHFFFAOYSA-N,4.71394142917412
OCNT-2535118,BEONTKCEIYDZAX-UHFFFAOYSA-N,4.518430307895272
OCNT-2535119,NPNIDWGMSMBLOF-UHFFFAOYSA-N,4.524279964524184
OCNT-2535120,GDXHMLSAPCRRHX-UHFFFAOYSA-N,4.94114843629094
OCNT-2535121,IBDWPVICLPPSDD-UHFFFAOYSA-N,4.572227328425143
OCNT-2535122,JVULHJMQBZNNCH-UHFFFAOYSA-N,4.813608602947782
OCNT-2535123,XXEIULQWWBTDSZ-UHFFFAOYSA-N,4.639566122175664
OCNT-2535124,BRXZFUXNZFSNMB-UHFFFAOYSA-N,4.654194598066522
OCNT-2535126,JGEONMDVMNCXCV-UHFFFAOYSA-N,4.6617811514285155
OCNT-2535127,ZSBYGIHSLQRFLQ-UHFFFAOYSA-N,4.604297546777095
OCNT-2535128,AOZAXMXZZCBWNY-GFCCVEGCSA-N,4.544767585403791
OCNT-2535131,CYTIBPNZDMYFGX-UHFFFAOYSA-N,4.898249959113817
OCNT-2535133,OFPDZAVRUHSYJU-UHFFFAOYSA-N,4.7113268787261315
OCNT-2535134,VCZZOLGRPRVQPV-UHFFFAOYSA-N,4.6465932703644235
OCNT-2535135,FMZPXYDWVKQWFU-UHFFFAOYSA-N,4.653118698831935
OCNT-2535136,MZLPNRVVVJQURW-UHFFFAOYSA-N,4.580009732275637
OCNT-2535137,WVXDSVYRPFGGHP-UHFFFAOYSA-N,4.692750951944554
OCNT-2535138,GILKNISNXWEAOI-UHFFFAOYSA-N,4.621692077570283
OCNT-2535139,DBYOJYFCONRFOH-UHFFFAOYSA-N,4.823833078189871
OCNT-2535141,TUEWURHBRCOMCJ-UHFFFAOYSA-N,5.054221388581719
OCNT-2535143,ADJRMPTZUXRRGP-UHFFFAOYSA-N,4.736320455078457
OCNT-2535145,MOCCCMVDMPPWLX-UHFFFAOYSA-N,4.60762406726826
OCNT-2535146,FLHFMWXVFWEJBF-UHFFFAOYSA-N,4.614446433565812
OCNT-2535147,TUTZACUCNHDQQD-UHFFFAOYSA-N,4.6053454077569125
OCNT-2535148,NUMLFIHVWGYIIJ-UHFFFAOYSA-N,4.704901282188595
OCNT-2535150,TVEXDIRAHUXKBJ-UHFFFAOYSA-N,4.327164129872097
OCNT-2535151,PINZGTIVPOLPFK-UHFFFAOYSA-N,4.663683553453786
OCNT-2535152,RLECTTKOBJGDTM-UHFFFAOYSA-N,4.598505263713389
OCNT-2535153,IDZCWYFILKMFQI-UHFFFAOYSA-N,4.580897160548178
OCNT-2535154,QALQXPZBDUTASA-UHFFFAOYSA-N,4.408724327480442
OCNT-2535155,CZXQCTRLJISYDB-UHFFFAOYSA-N,4.530498974618474
OCNT-2535156,PKKCKPGLERGBFZ-UHFFFAOYSA-N,4.456403173127672
OCNT-2535158,UXJWIOVUANSLSI-UHFFFAOYSA-N,4.496866408504077
OCNT-2535160,ZQZLZZOSSBIHLG-UHFFFAOYSA-N,4.446349619605629
OCNT-2535161,WLNUVSLCSPTUDG-UHFFFAOYSA-N,4.450656521575141
OCNT-2535163,XGSGELMEEUBOFM-UHFFFAOYSA-N,4.702319271538499
OCNT-2535164,WOJSKHYJSLTGQV-UHFFFAOYSA-N,4.674091604901855
OCNT-2535166,OJSIWLBSIFDVDI-UHFFFAOYSA-N,4.537006071084464
OCNT-2535167,RGVQQGGGBIYSSF-UHFFFAOYSA-N,4.941140442665194
OCNT-2535168,XZMVFBIZOLEIOM-UHFFFAOYSA-N,4.520789050328262
OCNT-2535170,GPZVVXRWPKBWMQ-UHFFFAOYSA-N,4.715000258879543
OCNT-2535171,SIOOYOMYAOCUHO-UHFFFAOYSA-N,4.794991572556566
OCNT-2535172,ULPROYMOSMAZMQ-GASCZTMLSA-N,5.28627512561317
OCNT-2535176,AUCDWXNJQLIVFH-UHFFFAOYSA-N,4.35472083325644
OCNT-2535177,LSKUZWWEXJOCSB-UHFFFAOYSA-N,4.614183131263351
OCNT-2535178,DHILLHKBQUXGCS-UHFFFAOYSA-N,4.57436537278299
OCNT-2535180,LMHWJSALLYEJCF-UHFFFAOYSA-N,4.733407817342223
OCNT-2535182,CSKFNYTUMKSYLX-UHFFFAOYSA-N,4.756518475661583
OCNT-2535183,WHDAIPZTZHHTKW-UHFFFAOYSA-N,4.752927067946638
OCNT-2535184,DYJIVBITDVMPFA-UHFFFAOYSA-N,4.638550306475275
OCNT-2535186,PAZOKZXCAIDNFZ-UHFFFAOYSA-N,4.706371986245066
OCNT-2535190,SCFHLIMJKWHKJL-UHFFFAOYSA-N,5.3993198410319305
OCNT-2535194,HPDZRDVYWBSEBS-UHFFFAOYSA-N,4.630086023235463
OCNT-2535197,PVAMLBAHCBOXIJ-UHFFFAOYSA-N,4.366236122050543
OCNT-2535199,RDEXVBZPMFHERA-UHFFFAOYSA-N,4.911847212761762
OCNT-2535201,RUYHWEKISJYKQS-UHFFFAOYSA-N,4.555348909963022
OCNT-2535202,QUXUYVPKJKLYRC-UHFFFAOYSA-N,4.579045870149451
OCNT-2535203,RETYLQGXVVGHBG-UHFFFAOYSA-N,4.663887542716943
OCNT-2535204,WGPDWCODYNICIT-UHFFFAOYSA-N,4.700632175323933
OCNT-2535205,VYWJZNGNLUYVPF-UHFFFAOYSA-N,4.473970807597639
OCNT-2535207,UTIDESMGGKOHKC-UHFFFAOYSA-N,4.675618920349893
OCNT-2535208,ZJHSRQFIPCNLRS-UHFFFAOYSA-N,4.618692941476126
OCNT-2535209,UCTMKONSQVYUEN-UHFFFAOYSA-N,4.526340750175726
OCNT-2535211,FOSVCJNHTIJCFU-UHFFFAOYSA-N,4.761525712783736
OCNT-2535212,LTSCKLUXDYVJEH-UHFFFAOYSA-N,4.561700375830213
OCNT-2535213,RBUTUKHYWPLQJW-UHFFFAOYSA-N,4.689411867246366
OCNT-2535214,BEZXRIQDCHPXKO-UHFFFAOYSA-N,4.657619230725523
OCNT-2535215,RIFKAMYNDLEFGK-UHFFFAOYSA-N,4.689527663219756
OCNT-2535216,FNCANYWIDBSXMR-UHFFFAOYSA-N,4.6504989089910005
OCNT-2535217,AFEXYAZHUWKMSN-UHFFFAOYSA-N,4.788356603492536
OCNT-2535218,DUFBSKNQQAXWGC-UHFFFAOYSA-N,4.592030901870609
OCNT-2535219,CKIPJCWNVHDWAG-UHFFFAOYSA-N,4.922824210888735
OCNT-2535220,UZGCONRMDSJZLL-JTQLQIEISA-N,4.922137156392753
OCNT-2535221,LAHJAXZGIZETPN-UHFFFAOYSA-N,4.4102785966567275
OCNT-2535224,AZQPWQINILHIDQ-UHFFFAOYSA-N,4.7502030812231
OCNT-2535225,MQKFKNKJNHXMNZ-UHFFFAOYSA-N,4.564904407568503
OCNT-2535226,QADCZLCKBVLVCV-UHFFFAOYSA-N,4.889434616860795
OCNT-2535228,OJCLHERKFHHUTB-UHFFFAOYSA-N,4.430618490865096
OCNT-2535229,ACGPBLZSPDCGCA-UHFFFAOYSA-N,4.686808396874154
OCNT-2535231,RGMFCAZPSYJLPP-UHFFFAOYSA-N,4.773408550001148
OCNT-2535233,IGZCDJVRJJTBLG-UHFFFAOYSA-N,4.665521005208276
OCNT-2535234,AFXVIHMNMRJRDS-UHFFFAOYSA-N,4.679470930261278
OCNT-2535237,ULRIVKPPJKOYOS-UHFFFAOYSA-N,4.407165625066181
OCNT-2535238,XKVFOSUENYMPEI-UHFFFAOYSA-N,4.42638957394348
OCNT-2535239,ZJQYUZZNVSDYOM-UHFFFAOYSA-N,4.69530855987554
OCNT-2535240,NRIXKOBBEDUYNB-UHFFFAOYSA-N,4.603282978524405
OCNT-2535241,RJVMMJOMRIMUAW-UHFFFAOYSA-N,4.587254550185707
OCNT-2535242,YQQRUTNMNAZIAR-UHFFFAOYSA-N,4.695495465460309
OCNT-2535245,WYMAJKNSMXCGIZ-UHFFFAOYSA-N,4.698646754844618
OCNT-2535246,DXSBLFMKEXSCHT-UHFFFAOYSA-N,4.5662372162931595
OCNT-2535247,GQEMTFSFTIYYQV-UHFFFAOYSA-N,4.610925350614804
OCNT-2535251,HCTPQQNFDUUQCP-UHFFFAOYSA-N,4.593005066670605
OCNT-2535253,MVGCIXCMMDGBJB-UHFFFAOYSA-N,4.422172817850321
OCNT-2535254,KPGSJBXHVSMRQD-UHFFFAOYSA-N,4.881150036405238
OCNT-2535255,KXYNTGNJNDVQPV-UHFFFAOYSA-N,5.015583211263274
OCNT-2535256,JXGQGYDGFKVAGS-UHFFFAOYSA-N,5.003790595689948
OCNT-2535257,GIFMHUOKHSZMOX-UHFFFAOYSA-N,4.899166615298956
OCNT-2535258,ZFLVIIBWHCNOOG-UHFFFAOYSA-N,5.5316972038777354
OCNT-2535259,KQJADINSIVAITE-UHFFFAOYSA-N,5.19502654994104
OCNT-2535260,LILSDJBHHJSHBG-UHFFFAOYSA-N,4.555169228813537
OCNT-2535261,JUCBOBOPNBEJRI-UHFFFAOYSA-N,4.803720679239943
OCNT-2535263,NEHJFSRZGHWAPB-UHFFFAOYSA-N,5.137071297864459
OCNT-2535264,VOAAHAILZAVKOW-UHFFFAOYSA-N,4.52019727882239
OCNT-2535266,RVWYLSURHLCBNJ-UHFFFAOYSA-N,4.724554589634935
OCNT-2535268,ZQAQXWNBLUULQE-UHFFFAOYSA-N,4.658016483390295
OCNT-2535269,HWCQLGJWSXXVAE-UHFFFAOYSA-N,4.700130554338421
OCNT-2535270,GXCCELUQAGUVAT-UHFFFAOYSA-N,4.629496942570914
OCNT-2535271,FHCGQOSRARVORR-UHFFFAOYSA-N,4.690899187373885
OCNT-2535272,YVWCRSMDWAIDNW-UHFFFAOYSA-N,4.68317174622322
OCNT-2535273,NQQMWLIDTXOOPF-UHFFFAOYSA-N,4.697456672911377
OCNT-2535274,RDGRHSIXXPNABJ-UHFFFAOYSA-N,4.720774457445918
OCNT-2535275,KLUGTQXZEWDNHZ-UHFFFAOYSA-N,4.6612875495448645
OCNT-2535276,PAIBPRPWPWWPFS-UHFFFAOYSA-N,4.6319906114692255
OCNT-2535278,HICWUXFYFMDECC-UHFFFAOYSA-N,5.035871385492272
OCNT-2535279,UYICLSJFOXKRDU-UHFFFAOYSA-N,5.018102551767671
OCNT-2535280,HXOXNEUCTFEUBE-UHFFFAOYSA-N,4.81861094312951
OCNT-2535281,QOFNSDLTCSJDLA-UHFFFAOYSA-N,4.650407499267916
OCNT-2535283,RTEFRIHQIDLYBP-UYAOXDASSA-N,4.717659039979986
OCNT-2535284,CIBADFZITYLDNX-UHFFFAOYSA-N,4.7330470366465365
OCNT-2535285,VTDPEPIQXIVVFL-UHFFFAOYSA-N,5.007042523065168
OCNT-2535286,KHHXJNRZURBROH-UHFFFAOYSA-N,4.880561833911758
OCNT-2535287,RFYOYBVDIDEKQI-UHFFFAOYSA-N,4.694298831276175
OCNT-2535289,BZGJANJTFRAFBQ-UHFFFAOYSA-N,4.729366038071317
OCNT-2535290,RGMOYEDXVSBPSL-UHFFFAOYSA-N,4.8289295439755655
OCNT-2535291,YSKDICVXILSCRT-UHFFFAOYSA-N,4.564127257118505
OCNT-2535292,PKNMTVPPGWNIKB-UHFFFAOYSA-N,4.663406385387492
OCNT-2535293,NPCMCAXRNNQWJE-UHFFFAOYSA-N,4.632350168226314
OCNT-2535294,YRLRCSRZZHHKRW-UHFFFAOYSA-N,4.636257596844557
OCNT-2535296,GGQNCTRLLKCMLM-NSHDSACASA-N,4.580817468997163
OCNT-2535297,PIVAZIMYJGDVBC-UHFFFAOYSA-N,4.4537530957877784
OCNT-2535298,GGZHGKJEPIQYLJ-UHFFFAOYSA-N,4.5284240137452185
OCNT-2535299,CXBGWYKVVMYGQM-UHFFFAOYSA-N,4.603195397161442
OCNT-2535300,KEXUTSNLWKGHAS-UHFFFAOYSA-N,4.612202762453663
OCNT-2535303,LQAPARJGASQPRL-UHFFFAOYSA-N,4.426132752272564
OCNT-2535304,LOSYCBROYSQTLJ-UHFFFAOYSA-N,4.636433457488806
OCNT-2535306,USRXUCVPWCMYSS-UHFFFAOYSA-N,5.050955761483199
OCNT-2535309,ZUTQJBNPILUONC-UHFFFAOYSA-N,4.946714098779939
OCNT-2535311,VYPVGXHOCDPJFB-UHFFFAOYSA-N,5.856965799146685
OCNT-2535312,RRLBFZAIPSUIOF-UHFFFAOYSA-N,5.5891361959051284
OCNT-2535313,XQUKYBOAJQUQOE-UHFFFAOYSA-N,5.81126076978289
OCNT-2535315,OHQVQKICERBNIS-UHFFFAOYSA-N,4.625886856256079
OCNT-2535316,LGUCUIDFWMIUJQ-UHFFFAOYSA-N,4.914197415795257
OCNT-2535317,SWZAJZUMZQOCSN-UHFFFAOYSA-N,4.578137753672833
OCNT-2535318,YWYFUCDSZYFUDJ-UHFFFAOYSA-N,4.7379988845149175
OCNT-2535319,WUECBLFZRORSQU-UHFFFAOYSA-N,4.792576094405688
OCNT-2535321,CMVNRHQLCUEETQ-UHFFFAOYSA-N,4.94510970816121
OCNT-2535322,SMHVCHUZLVAZBN-UHFFFAOYSA-N,4.695238527344718
OCNT-2535328,IHEQFDNRVDIHJW-UHFFFAOYSA-N,4.62537622037943
OCNT-2535329,NQBXPLXZRFRUJN-UHFFFAOYSA-N,5.398415379603842
OCNT-2535330,AKXGDNNWELLKMK-UHFFFAOYSA-N,5.453931676455075
OCNT-2535331,GEAVQABWXNCJED-UHFFFAOYSA-N,5.586497094323134
OCNT-2535333,ICMMMWUIZMXUGY-UHFFFAOYSA-N,4.524214121433404
OCNT-2535334,ZCNXIPJDCBLBRL-UHFFFAOYSA-N,5.799868895960671
OCNT-2535335,TZBJSUXIGJPKMR-UHFFFAOYSA-N,5.88161969555148
OCNT-2535336,XEKGCYVFUFFQSH-UHFFFAOYSA-N,5.713324031019102
OCNT-2535337,PXAVNFBONRBCOY-UHFFFAOYSA-N,5.761943984361968
OCNT-2535338,WIWKFYCRXKXNRW-UHFFFAOYSA-N,5.687847439140231
OCNT-2535339,GVHDPEGPHMMDBI-UHFFFAOYSA-N,5.796831899917118
OCNT-2535340,DZBHMPCEIYOINT-UHFFFAOYSA-N,5.700265599198771
OCNT-2535341,BOGBICBVOWYGPR-UHFFFAOYSA-N,5.583446940294186
OCNT-2535342,XRKFKALKQHZYQH-UHFFFAOYSA-N,4.807450993236242
OCNT-2535344,LSYLHJZYAKFPPO-UHFFFAOYSA-N,4.914482052848582
OCNT-2535346,LWCQUISMXAPNQX-UHFFFAOYSA-N,5.009832500501049
OCNT-2535348,XZUGPFGCZDOSPK-UHFFFAOYSA-N,4.966156664168981
OCNT-2535351,VBGRXTHNCJGTQN-UHFFFAOYSA-N,4.650254001676582
OCNT-2535352,DGVSRTOBSYVSPD-UHFFFAOYSA-N,4.711390528650475
OCNT-2535353,IZFCXBYXWOMUMW-UHFFFAOYSA-N,4.653387331541459
OCNT-2535354,RDUREHFLQGXCTB-UHFFFAOYSA-N,4.505773833068955
OCNT-2535355,ZMGVXRUDVLUFFM-UHFFFAOYSA-N,4.853170300559902
OCNT-2535356,QGBWHCLFLKQBOK-UHFFFAOYSA-N,4.802263203618603
OCNT-2535357,AAOKSSGRLHMOLS-UHFFFAOYSA-N,4.820400780587968
OCNT-2535358,MUDGODBVZQYSCM-UHFFFAOYSA-N,4.726298790816294
OCNT-2535360,KNGAVEYDKBUPDQ-UHFFFAOYSA-N,4.5900032110191455
OCNT-2535361,ISNNNHHNZAMUES-UHFFFAOYSA-N,4.568128145173162
OCNT-2535362,PWYSJWCEHZYKSB-UHFFFAOYSA-N,4.559232131904375
OCNT-2535363,GWAUPHFDPBESNO-UHFFFAOYSA-N,4.596573514747669
OCNT-2535364,OBDAAIBHXLZKIK-UHFFFAOYSA-N,4.641764348710018
OCNT-2535365,UQHJAGZUFVYRJV-UHFFFAOYSA-N,4.687436840871203
OCNT-2535366,FRWCDSBODDPUGW-UHFFFAOYSA-N,4.657544980265564
OCNT-2535367,ZUVQLYXIDIMUMH-UHFFFAOYSA-N,4.637233821601125
OCNT-2535368,VPIKWUUHGOPUOP-UHFFFAOYSA-N,4.630392757164425
OCNT-2535370,BWZOXLFXXDNFKE-UHFFFAOYSA-N,4.696287633774151
OCNT-2535371,PBXGXPAYWVQDQK-UHFFFAOYSA-N,5.559866740966474
OCNT-2535372,KMTZXKMAAPFECJ-UHFFFAOYSA-N,5.704524190216403
OCNT-2535373,SWEIXRZLXUCCAB-UHFFFAOYSA-N,5.716791031712294
OCNT-2535374,WGOVVAHNYKAPCJ-UHFFFAOYSA-N,5.464376511524757
OCNT-2535375,SHKLCPADVSLIAN-UHFFFAOYSA-N,5.639315658471117
OCNT-2535377,MYMOKMLRZRZKMY-UHFFFAOYSA-N,4.367510800923228
OCNT-2535379,WAQXIKGHBGSXPV-UHFFFAOYSA-N,5.043666040602434
OCNT-2535380,NLTKFZLQCNEBSK-UHFFFAOYSA-N,4.676431832557257
OCNT-2535381,FBPFGWJEVYEFMD-UHFFFAOYSA-N,4.6407214941279635
OCNT-2535382,NHMWJWODFPBDIM-UHFFFAOYSA-N,4.647637181626442
OCNT-2535383,ZNGPOOQENQJNDX-UHFFFAOYSA-N,4.636043569372212
OCNT-2535384,XEPNYYFLRCYLKY-UHFFFAOYSA-N,4.629038479010158
OCNT-2535385,NOASYIXQJJHBQC-UHFFFAOYSA-N,4.962304941625401
OCNT-2535386,DECFOBOPWZEUFC-NFOMZHRRSA-N,4.94778460695449
OCNT-2535388,CYDRFRYHBJCEJM-UHFFFAOYSA-N,4.69320651815985
OCNT-2535389,FBUSTSSATAJVDQ-UHFFFAOYSA-N,4.677113181507691
OCNT-2535391,QOTOVYDLUWOYSI-UHFFFAOYSA-N,5.115911843884866
OCNT-2535393,HVYPDDQIDBTPSM-UHFFFAOYSA-N,4.990310911739061
OCNT-2535394,AZQAKLANCJPMFX-UHFFFAOYSA-N,4.842537746250383
OCNT-2535397,QZZSCPKZZMSRQR-UHFFFAOYSA-N,4.6336321810158125
OCNT-2535398,YOEFEAFRFSNRDZ-UHFFFAOYSA-N,5.094404114186033
OCNT-2535399,FPJSXKSTUFDVEQ-UHFFFAOYSA-N,5.169676107625575
OCNT-2535400,XTXGLOBWOMUGQB-UHFFFAOYSA-N,4.983430046723733
OCNT-2535401,NXFZCMYDZHWBPN-UHFFFAOYSA-N,4.821258615523804
OCNT-2535402,FQUFTVCPQSJFIO-UHFFFAOYSA-N,4.876033620144352
OCNT-2535403,QAHCCIYPFFPMQO-UHFFFAOYSA-N,4.887331857276042
OCNT-2535404,MSQXXBBHBNILIU-UHFFFAOYSA-N,5.240383004270723
OCNT-2535405,LBTWHFVYVCJPDY-UHFFFAOYSA-N,4.425587486429462
OCNT-2535406,RCGSHNCCAXCFBG-UHFFFAOYSA-N,4.357980256473166
OCNT-2535407,JOZNYWDUWPEPOS-UHFFFAOYSA-N,4.925912039485061
OCNT-2535408,GAIJWLNOPUVOQA-UHFFFAOYSA-N,4.463744756806762
OCNT-2535409,GLVYEJAJUNSCSG-ZDUSSCGKSA-N,4.145510581803036
OCNT-2535410,UDZQACMOTGHBFF-WHUIICBVSA-N,4.275876305935588
OCNT-2535411,SBJUDQGWTGRCOS-UHFFFAOYSA-N,4.195962907260702
OCNT-2535412,BMLYWGFGQHCSOQ-UHFFFAOYSA-N,4.580196093560197
OCNT-2535413,MJFUJWPSXJNGFP-UHFFFAOYSA-N,4.6397189425248895
OCNT-2535414,FSNBLUCEASGXEI-UHFFFAOYSA-N,4.6065949458323345
OCNT-2535415,JPXISSCEGJBZHC-UHFFFAOYSA-N,4.605435943816493
OCNT-2535416,FOCJWONFDVXFHW-UHFFFAOYSA-N,4.601283931880624
OCNT-2535417,HLKIFKKQUOTSJS-UHFFFAOYSA-N,4.58601238237047
OCNT-2535418,OSGOAQVFZXVPBZ-UHFFFAOYSA-N,4.923903676807292
OCNT-2535419,IZQNIAQCABSJTP-UHFFFAOYSA-N,4.68676279110445
OCNT-2535420,QZRDFJCRLZNCPN-UHFFFAOYSA-N,4.816401269146254
OCNT-2535421,OJTZNYZIWIHPPC-UHFFFAOYSA-N,5.487418292981081
OCNT-2535422,SQVLKMQEOIPRGY-UHFFFAOYSA-N,4.5596020438749205
OCNT-2535423,UXHBXSYNKYONDN-UHFFFAOYSA-N,5.4984014684981
OCNT-2535424,ZQYLZRZOVQVWSK-UHFFFAOYSA-N,5.049261103627825
OCNT-2535425,VBQOGIMKZOHJPM-UHFFFAOYSA-N,4.170560811582716
OCNT-2535428,RBETYTIKZNPUDP-UHFFFAOYSA-N,4.573765744158368
OCNT-2535430,BRQBDAGKMWDXBZ-UHFFFAOYSA-N,4.225046308444983
OCNT-2535431,UKUBHSNWKWEGCS-UHFFFAOYSA-N,4.608074388741918
OCNT-2535432,AJUISAAZXAINSV-UHFFFAOYSA-N,5.172810049412025
OCNT-2535433,RRLQTFFYDYQAEB-UHFFFAOYSA-N,4.6868913310359614
OCNT-2535435,CGBRWURLLFCELN-UHFFFAOYSA-N,4.658389515191236
OCNT-2535436,SIRLKSMSEUTMAK-UHFFFAOYSA-N,5.220402095954026
OCNT-2535438,TTZISFZGDKKLFB-UHFFFAOYSA-N,4.757426399760482
OCNT-2535439,UFRHULSFWAOUGE-UHFFFAOYSA-N,4.689726356334564
OCNT-2535441,PDHQXDUBQZIXKW-UHFFFAOYSA-N,4.653162786525024
OCNT-2535442,OMXUVUJESQSBFF-UHFFFAOYSA-N,4.3757820733711545
OCNT-2535443,TVLXRHKHOIQLFG-UHFFFAOYSA-N,4.2926508621910475
OCNT-2535444,MXIXREIOWMHIHB-UHFFFAOYSA-N,5.402225580804749
OCNT-2535445,KZGQIBIENJMMJO-UHFFFAOYSA-N,5.629033116404083
OCNT-2535446,QNKZOHALSIKOGG-UHFFFAOYSA-N,4.688494912147094
OCNT-2535447,VKSYTAAUDUIAJS-UHFFFAOYSA-N,5.265493070251132
OCNT-2535450,IZRLYXSDUURUQV-UHFFFAOYSA-N,4.345862630835722
OCNT-2535451,PAEOFPRSRSRSST-UHFFFAOYSA-N,4.413044852225966
OCNT-2535452,OILYBUCYORVSNU-UHFFFAOYSA-N,5.399805898220449
OCNT-2535454,OGDCZXVSGBQEND-UHFFFAOYSA-N,4.6482044716740285
OCNT-2535460,AHGPUGNOBPVLGN-HVFKJYJOSA-N,4.48856472878052
OCNT-2535461,QUVJUZYXSQGWFB-WGIUUAEBSA-N,4.89635125333418
OCNT-2535462,XFNRDHKLLKOGLQ-VNXPTHQBSA-N,5.033074784949393
OCNT-2535463,QKMHAXQDDXGVIL-KZMQIFKDSA-N,5.026955537758209
OCNT-2535464,OGVWWRHHLXLTMA-XHAYOOOLSA-N,4.857230117000826
OCNT-2535465,RQPHUVUBLSWRJU-RJPUVWTNSA-N,4.910811580046639
OCNT-2535466,RVDIXDKVKBHDOZ-RIJFORKLSA-N,4.990680132816837
OCNT-2535467,GGYFXVVOEHYTQZ-HIDCPEKUSA-N,4.903354305496212
OCNT-2535468,JOBOJJDANUYXJK-GFWLXOEUSA-N,4.964872787886879
OCNT-2535469,LWFCHJCJKHVUIA-VUOSCMKMSA-N,4.90013013104547
OCNT-2535471,UKCAZHRMWOHLFQ-ZRNAQANOSA-N,4.903513052321669
OCNT-2535473,SPYDUYOFQJNSFT-UHFFFAOYSA-N,4.555985119474584
OCNT-2535474,FSWGWWWYPIFJIM-UHFFFAOYSA-N,4.64506547771247
OCNT-2535475,PMBKCNGYNQSXRW-UHFFFAOYSA-N,4.583722116157315
OCNT-2535477,SWZPUBDKJLZFAB-UHFFFAOYSA-N,4.588780388242909
OCNT-2535479,CETCOIXUUZTGDH-UHFFFAOYSA-N,5.576803180234791
OCNT-2535482,UUNXUCVNDXSLNL-UHFFFAOYSA-N,4.328564462799503
OCNT-2535486,VFRVNEHAMSLQNP-UHFFFAOYSA-N,4.72550772940254
OCNT-2535489,VTLFDKXGCFMBGH-UHFFFAOYSA-N,4.674017181840038
OCNT-2535491,NKNZGJBWIMQANB-UHFFFAOYSA-N,4.661624604018806
OCNT-2535492,CUNJKOVWRYTGIN-UHFFFAOYSA-N,4.894839074392363
OCNT-2535493,IRSOKLHQDCQHTL-UHFFFAOYSA-N,4.596849624404524
OCNT-2535494,VOMKYYPGNGBDGC-UHFFFAOYSA-N,4.667314314503561
OCNT-2535495,WYWVZVAYHAEISY-UHFFFAOYSA-N,4.660750533031459
OCNT-2535496,WJCCOFSTBUGCPR-UHFFFAOYSA-N,4.537794472645672
OCNT-2535497,MVWWCAXQDZBEKQ-UHFFFAOYSA-N,4.597298501453342
OCNT-2535498,OONHUIJZWVUGQD-UHFFFAOYSA-N,4.6080072169735775
OCNT-2535499,YTCWQXKCZPKNIM-UHFFFAOYSA-N,4.675807321900295
OCNT-2535501,HEAHZRJGYCCVPL-UHFFFAOYSA-N,4.599954098445185
OCNT-2535502,VRGQUHMHMWMMIO-UHFFFAOYSA-N,5.470081045830707
OCNT-2535505,WXJDGUQDVIHQBV-UHFFFAOYSA-N,4.3839757782698205
OCNT-2535507,ASPOCJXGJJQSQE-LLVKDONJSA-N,4.332464395795604
OCNT-2535509,CJOSMYTWIBGINT-UHFFFAOYSA-N,4.4662525292927695
OCNT-2535510,GZLYFBQUIOGBDE-UHFFFAOYSA-N,4.43967451724089
OCNT-2535511,NFGGLBRCMMWYJY-UHFFFAOYSA-N,4.492724913665991
OCNT-2535513,XPKQPEGJZMZRBA-UHFFFAOYSA-N,4.440625283583312
OCNT-2535514,NRSSWXDHHIECHM-UHFFFAOYSA-N,4.481955815818006
OCNT-2535516,KUDWKUFURSFSJL-UHFFFAOYSA-N,4.503164879695629
OCNT-2535517,OXRVVZFSAUNGDY-UHFFFAOYSA-N,4.424212522852328
OCNT-2535518,LGAAMUFWYIESPQ-UHFFFAOYSA-N,4.499580651007354
OCNT-2535519,IEQWNXZBGUGNNG-UHFFFAOYSA-N,5.180695788639267
OCNT-2535520,QLDUMQHLVQSFJU-UHFFFAOYSA-N,4.694900028657349
OCNT-2535521,DUHXDIDGFSUWJS-UHFFFAOYSA-N,4.922707463073382
OCNT-2535522,UYYOQMHJNVHBOI-UHFFFAOYSA-N,4.645343498132211
OCNT-2535523,IBFHENRKLHIACR-UHFFFAOYSA-N,4.539915561749397
OCNT-2535524,KNZOSALJKRZREA-UHFFFAOYSA-N,4.671108219931297
OCNT-2535529,JKGUWXHDDVUFDQ-UHFFFAOYSA-N,4.5465934879836984
OCNT-2535530,OIMYVFKAAORUSX-UHFFFAOYSA-N,4.608324475618575
OCNT-2535531,PDQJLWJVQZINJW-UHFFFAOYSA-N,4.233089776559361
OCNT-2535533,CGXJQNIBUILKHP-UHFFFAOYSA-N,4.657376368741287
OCNT-2535534,UEJLENUDLJDDCQ-UHFFFAOYSA-N,4.579475715854458
OCNT-2535536,MJULYVWFVHPYOK-UHFFFAOYSA-N,4.515073461163933
OCNT-2535537,CDHXVHJOSNONTE-UHFFFAOYSA-N,4.750174638602693
OCNT-2535538,AXXBNPYZYMTTDD-UHFFFAOYSA-N,4.50778221902974
OCNT-2535539,WPHUJGOUOZPWGC-UHFFFAOYSA-N,4.766850810222325
OCNT-2535540,PJBBPZUOXMVBGM-UHFFFAOYSA-N,5.413367973863295
OCNT-2535541,NSIHAZMQGXAMJI-UHFFFAOYSA-N,4.6744002406459915
OCNT-2535543,KVTMJSLAIYWPFK-UHFFFAOYSA-N,4.599236248190229
OCNT-2535545,HEQILIHBMVATFY-UHFFFAOYSA-N,4.661440640389291
OCNT-2535547,QAYKGARWIMDBCY-UHFFFAOYSA-N,5.43952393645608
OCNT-2535549,SEIPXTQBZWGTMU-UHFFFAOYSA-N,4.751724504070838
OCNT-2535550,GGQNCTRLLKCMLM-LLVKDONJSA-N,4.575622651718736
OCNT-2535551,ZZCTYRLJKBBNHT-UHFFFAOYSA-N,4.454917479021281
OCNT-2535552,XAPMDMIYUPCJOP-UHFFFAOYSA-N,4.841954630592494
OCNT-2535554,XTWCXVCCEWOSNH-UHFFFAOYSA-N,4.707808752908029
OCNT-2535555,OGDXWUYRZVGURY-UHFFFAOYSA-N,4.849423232302274
OCNT-2535556,UHNOQEIMMMIKDG-KRWDZBQOSA-N,4.5507345334313785
OCNT-2535557,LZZLJQWRSKMQMX-UHFFFAOYSA-N,4.766968823926702
OCNT-2535559,IKMMRTDWOWYUQN-UHFFFAOYSA-N,4.805272818973469
OCNT-2535560,BMGVQTUPKNPSSW-UHFFFAOYSA-N,4.473594005521595
OCNT-2535563,BIIDUTRIXMOTDH-UHFFFAOYSA-N,4.560491848105611
OCNT-2535564,JQGBNTLYTQELFB-UHFFFAOYSA-N,4.95826068735337
OCNT-2535565,VXDCYZBVHBMOOK-IBGZPJMESA-N,4.84607281180733
OCNT-2535566,VXDCYZBVHBMOOK-LJQANCHMSA-N,4.84729685101103
OCNT-2535567,OEPIHANONNHMIE-UHFFFAOYSA-N,4.595214743645484
OCNT-2535569,TUUPNQAXRIADQY-UHFFFAOYSA-N,4.7018173638423235
OCNT-2535572,JKDXJPZIACJBTM-UHFFFAOYSA-N,4.295287340883094
OCNT-2535573,DHIODPBJMYLUQH-UHFFFAOYSA-N,4.269649890284671
OCNT-2535574,JQHCHHDQTVUKIS-UHFFFAOYSA-N,4.837161396925373
OCNT-2535576,UQPFUHRCFWVGOQ-UHFFFAOYSA-N,4.368539458460017
OCNT-2535577,VKBGDNSTFIYJRU-UHFFFAOYSA-N,4.651988062091198
OCNT-2535578,MYLDNWDULMBTAK-UHFFFAOYSA-N,4.134708157683725
OCNT-2535579,ZLFAIQGHKPFLLF-UHFFFAOYSA-N,4.860642867352464
OCNT-2535581,BIARALUSFDYYBK-UHFFFAOYSA-N,4.587255691298063
OCNT-2535582,ZRYRYSZIVIUSQK-UHFFFAOYSA-N,4.393011777689119
OCNT-2535583,OIXWVLVYLBMTPP-UHFFFAOYSA-N,4.619782219579915
OCNT-2535584,YQVIOHWFDXKKCF-UHFFFAOYSA-N,4.5170298389680275
OCNT-2535585,PLWGTEPFFAFSNK-UHFFFAOYSA-N,4.61655796093147
OCNT-2535586,SUUBBRAIMMIKJS-UHFFFAOYSA-N,4.597883397105799
OCNT-2535587,MQDNXQXDFDMRTR-UHFFFAOYSA-N,4.605618493670887
OCNT-2535588,LPZGJDHZXHWFKL-UHFFFAOYSA-N,4.545902344497039
OCNT-2535589,DXQZQTGBCDFXJN-UHFFFAOYSA-N,4.579200683153865
OCNT-2535590,JMEVYSUMMPPCNK-UHFFFAOYSA-N,4.63054725931896
OCNT-2535592,SPMCZRVDSHKPHZ-UHFFFAOYSA-N,4.565881810764247
OCNT-2535593,QORPNJUHQFNFAO-UHFFFAOYSA-N,4.555436821482756
OCNT-2535596,PGZDULVGIFEKJO-UHFFFAOYSA-N,4.718499637489788
OCNT-2535597,CIKYTJVUIFDYBQ-UHFFFAOYSA-N,4.854177542063854
OCNT-2535598,PTRNIWLUYYNJPG-UHFFFAOYSA-N,4.443468545458753
OCNT-2535599,DBKQNLOMLAQNIS-UHFFFAOYSA-N,4.767616708006455
OCNT-2535600,JTSBSXZVHCIHLI-CYBMUJFWSA-N,4.692007273508615
OCNT-2535601,GEFUIQKFYGBVRF-UHFFFAOYSA-N,4.6863802172255
OCNT-2535602,PZNNPXHBWSCTTO-UHFFFAOYSA-N,4.6267975575273335
OCNT-2535603,CUFPYJFLBNZMOA-UHFFFAOYSA-N,4.505938599032778
OCNT-2535605,DQHOPQPJUVXCQP-UHFFFAOYSA-N,4.781808010538918
OCNT-2535606,HACCLFSUZUAKGP-UHFFFAOYSA-N,3.9040007104631775
OCNT-2535607,CKXVFIPITDNXJD-UHFFFAOYSA-N,3.8147740367661345
OCNT-2535611,MAPJHDPXQXFZKP-UHFFFAOYSA-N,4.619600481498957
OCNT-2535612,ROSOUTDABWNWNG-UHFFFAOYSA-N,4.951910398479835
OCNT-2535614,BNTNTTDFRWQZSX-UHFFFAOYSA-N,4.674997970556498
OCNT-2535616,NNSHXSLVAWXCRS-UHFFFAOYSA-N,4.6441210952344605
OCNT-2535617,ASONSTZFKYORPI-UHFFFAOYSA-N,4.628348365370192
OCNT-2535618,GMSGUDRQGQFXOP-UHFFFAOYSA-N,4.660400789787593
OCNT-2535619,RNRNGFWNMPQBSY-UHFFFAOYSA-N,4.662268286118004
OCNT-2535620,AMPWWLIMOOMKAQ-UHFFFAOYSA-N,4.668969323387242
OCNT-2535621,QHEWAGFBUXKCTM-UHFFFAOYSA-N,4.659664960240884
OCNT-2535623,JJYWLFQRQOTSKA-IUCAKERBSA-N,4.837669731006705
OCNT-2535624,IYCLSQIPWSQNIF-UHFFFAOYSA-N,4.688173662149718
OCNT-2535625,ODSYZVWQYJLMAW-UHFFFAOYSA-N,4.674870772083059
OCNT-2535626,ZPNQUHVMHVNRCK-UHFFFAOYSA-N,4.79662153384
OCNT-2535627,PXARPJQYVTVYOH-UHFFFAOYSA-N,4.6109268992548715
OCNT-2535630,KVPAMEMYQLETCL-UHFFFAOYSA-N,4.2667198388755825
OCNT-2535632,DILHJKQJIRRSPN-UHFFFAOYSA-N,4.655112625578012
OCNT-2535634,GNWYBOAPRZJEJI-UHFFFAOYSA-N,4.5483287765205676
OCNT-2535635,RFLYDQLJNTUTAF-UHFFFAOYSA-N,4.422683128553455
OCNT-2535638,JBUMYJJTMDCCOX-UHFFFAOYSA-N,4.860271023265337
OCNT-2535639,ALWDRGAHNVDCTR-UHFFFAOYSA-N,4.606729683536535
OCNT-2535640,XXGXHKARXLHQMT-UHFFFAOYSA-N,4.832802477730353
OCNT-2535642,DUVCDNFPERLZRI-UHFFFAOYSA-N,4.844104115063599
OCNT-2535643,UPPVEVGLQBMBBV-UHFFFAOYSA-N,4.815320878303503
OCNT-2535644,FYBARWQRIIGYFV-UHFFFAOYSA-N,5.2359759001669985
OCNT-2535645,PHWVFUZKPXFHHN-UHFFFAOYSA-N,4.592096007003642
OCNT-2535646,MCDMTZKCLHECNU-UHFFFAOYSA-N,5.0229260122126
OCNT-2535648,OMNJUTZGQKOEPZ-UHFFFAOYSA-N,5.15992865501625
OCNT-2535649,VQUDCUFYSLKRGD-UHFFFAOYSA-N,4.417218622965186
OCNT-2535650,OQMAXFFQKLMZJI-UHFFFAOYSA-N,4.663979663993536
OCNT-2535651,UWRJXBUQMYHCRA-UHFFFAOYSA-N,4.827340892076004
OCNT-2535652,HTLOUMQRJPHKLH-UHFFFAOYSA-N,4.909057463004618
OCNT-2535653,IIZRSIBPQXZADI-UHFFFAOYSA-N,5.236878797056508
OCNT-2535654,NAPKFRKJFGJAFA-UHFFFAOYSA-N,5.001044477552403
OCNT-2535655,IXIORTXFXIMRGX-UHFFFAOYSA-N,4.910508767382427
OCNT-2535657,KECHVMAHQAJKAO-UHFFFAOYSA-N,5.177239684704271
OCNT-2535658,NBVNOCVGFIHQIF-UHFFFAOYSA-N,4.608504847306084
OCNT-2535659,KNFDVTMLZUPRKU-UHFFFAOYSA-N,4.640576859737576
OCNT-2535660,PVEVZCXYGQHBHJ-UHFFFAOYSA-N,4.666547375098129
OCNT-2535661,HARCRWKYGNXMLV-UHFFFAOYSA-N,4.6724786606724
OCNT-2535662,CJSGMMLTXFAXPB-UHFFFAOYSA-N,4.417327395806783
OCNT-2535663,OFRPTPAADJOPPM-UHFFFAOYSA-N,4.702365048657175
OCNT-2535664,VACWFTSNYCGOSP-UHFFFAOYSA-N,4.656679801799794
OCNT-2535665,VWWGWOGNHKPWNE-UHFFFAOYSA-N,4.623591926703879
OCNT-2535666,LVFVQOFQOOLRJQ-UHFFFAOYSA-N,4.8790347796714295
OCNT-2535667,BLMVIILCDNTTEE-UHFFFAOYSA-N,4.650356785343446
OCNT-2535668,DACUBDAGRHAABD-UHFFFAOYSA-N,4.699936968756704
OCNT-2535670,UUWMHEHPBUPKAP-UHFFFAOYSA-N,4.814305992648785
OCNT-2535671,JRAMMCXVHLQAHP-UHFFFAOYSA-N,4.7494747643898565
OCNT-2535672,XFGAAZPALJLDKG-UHFFFAOYSA-N,4.679663840297858
OCNT-2535673,PVGVRWLPMOYWEH-UHFFFAOYSA-N,4.90070360940605
OCNT-2535675,RUOLLNNGVRSGNN-UHFFFAOYSA-N,4.590407377058186
OCNT-2535677,IVEIBVYQZUNAHX-UHFFFAOYSA-N,4.652685537771052
OCNT-2535679,LRBSZSOVEIBXRY-UHFFFAOYSA-N,4.6646364235081315
OCNT-2535681,DRSRKEFMNUKDTA-UHFFFAOYSA-N,4.727252586872809
OCNT-2535683,CSTRDFXEVCRSAM-UHFFFAOYSA-N,4.702019163435804
OCNT-2535685,MGRICPSSZFRPCD-UHFFFAOYSA-N,4.703858430660882
OCNT-2535686,WYGJCBYIFAATAO-UHFFFAOYSA-N,4.61427617588332
OCNT-2535687,NZQNBNRENDLDML-UHFFFAOYSA-N,4.511016722920281
OCNT-2535688,UFSYAAOXXINHFF-UHFFFAOYSA-N,5.527547691206238
OCNT-2535689,JBYVSGPXEKBQBZ-UHFFFAOYSA-N,5.559112638798351
OCNT-2535690,HLZIGJDHLUTNLW-UHFFFAOYSA-N,4.6030999709196845
OCNT-2535691,CMZPXMYQADBDAY-UHFFFAOYSA-N,5.443817429821592
OCNT-2535692,ODTKYEDYGZTROD-UHFFFAOYSA-N,5.18864445837061
OCNT-2535693,QBYBLJHTEHMIGP-UHFFFAOYSA-N,5.57728321803949
OCNT-2535694,KWJSMLGDFNJFDG-UHFFFAOYSA-N,5.5281395614343065
OCNT-2535695,OHDKEIMBJAPVQR-UHFFFAOYSA-N,5.577286449012136
OCNT-2535696,USSXXNFTIIOUDG-UHFFFAOYSA-N,5.253320417761587
OCNT-2535700,DIGRVLNWOITUJN-UHFFFAOYSA-N,4.658986717809797
OCNT-2535701,GEYDCUDSXDUENK-UHFFFAOYSA-N,4.67910874357725
OCNT-2535702,RFADLVBLBNWYRW-UHFFFAOYSA-N,4.65775934115283
OCNT-2535703,SPSHBGKJKWGKHH-INIZCTEOSA-N,4.872789464720405
OCNT-2535705,HXVPFDWDSDTTSE-UHFFFAOYSA-N,4.6694862969439574
OCNT-2535706,DZDXENYZKRWWPA-UHFFFAOYSA-N,4.54901959062383
OCNT-2535708,RWFMTTFMSFTYDP-UHFFFAOYSA-N,4.7895060591327665
OCNT-2535712,ROEIPZQYACJARQ-UHFFFAOYSA-N,4.733925536500885
OCNT-2535713,BCOJQNDYKGDSKW-UHFFFAOYSA-N,4.49119936990905
OCNT-2535715,RYXWZOWLCANEOY-UHFFFAOYSA-N,4.621024680165732
OCNT-2535717,HUGNWMRXMYQMAD-UHFFFAOYSA-N,4.428172991546166
OCNT-2535720,DOMSXLVTHIWDNG-UHFFFAOYSA-N,4.554373226560929
OCNT-2535724,YMRPNHDRNWAFJV-UHFFFAOYSA-N,5.270061166718516
OCNT-2535725,HGUJPLVJHNCGPO-UHFFFAOYSA-N,5.098073625537044
OCNT-2535726,DZEYODOFDOXEBZ-UHFFFAOYSA-N,5.430700297391286
OCNT-2535728,AGKPKQIXODEXMV-UHFFFAOYSA-N,5.549361302850516
OCNT-2535729,DCNQMYDCNBYKNX-UHFFFAOYSA-N,5.091372770356228
OCNT-2535730,BLUQTPIYVZRMCH-UHFFFAOYSA-N,5.578295514353275
OCNT-2535731,SYGNILDAYOGBAE-UHFFFAOYSA-N,5.590185877355203
OCNT-2535732,XYNADGGLDALKBZ-UHFFFAOYSA-N,5.3721252366859895
OCNT-2535733,JDKQFMVTCMWQJY-UHFFFAOYSA-N,5.632996031162443
OCNT-2535734,YJEZLCBPSMHHEI-UHFFFAOYSA-N,5.543586681860795
OCNT-2535736,NJFMBQGRCMUABM-UHFFFAOYSA-N,5.270161438209331
OCNT-2535737,KUBKVEWRTKQMEO-UHFFFAOYSA-N,4.836968929486805
OCNT-2535738,XTMPNZLSNOJPCM-UHFFFAOYSA-N,5.369183188371742
OCNT-2535739,KIYHLOCUJAIDOX-UHFFFAOYSA-N,5.4633069361020175
OCNT-2535740,XOLWPVSAEUFQJI-UHFFFAOYSA-N,4.9641078014130064
OCNT-2535741,DTPDRVISUIINAK-UHFFFAOYSA-N,5.112595132501078
OCNT-2535744,GHKDUBULJOTSMF-UHFFFAOYSA-N,4.884477482138727
OCNT-2535745,SDXKHDJDJZBWJN-UHFFFAOYSA-N,4.6241382651232525
OCNT-2535746,SCGUSKMJDDLFPT-UHFFFAOYSA-N,4.700784363054166
OCNT-2535747,ZYXJEDLTPGIXRH-UHFFFAOYSA-N,5.424344513638131
OCNT-2535748,ZXXIGCQOYSVQBE-UHFFFAOYSA-N,4.892516775867207
OCNT-2535749,DFKUWBZCRWBFBD-UHFFFAOYSA-N,4.877412140223234
OCNT-2535750,LEBZWCJYLFQIKX-UHFFFAOYSA-N,4.349225228764211
OCNT-2535751,XJBRIKMVJPSFNO-UHFFFAOYSA-N,4.783332249723007
OCNT-2535753,HPHMKNZBEMPYIM-UHFFFAOYSA-N,4.66870834907311
OCNT-2535754,QDNGMDMPPXVWJW-OAHLLOKOSA-N,4.615434517471577
OCNT-2535755,SYTRDJXUBLVVSS-SFHVURJKSA-N,4.489666691195976
OCNT-2535757,WKYHEHGKKDLBRU-UHFFFAOYSA-N,5.026834598950934
OCNT-2535759,CDQCUPVHZNEFQP-UHFFFAOYSA-N,4.872371488587454
OCNT-2535760,LYOAVHYUUXMMEH-UHFFFAOYSA-N,4.618038084695909
OCNT-2535761,KDDXXHDAXWIDFL-UHFFFAOYSA-N,5.55453141999338
OCNT-2535762,SJOFEAYJCSETSO-UHFFFAOYSA-N,4.612096470726091
OCNT-2535763,LTUDQJFGRMACGP-UHFFFAOYSA-N,4.643722162419843
OCNT-2535764,GUXDQSOLXUVFEX-UHFFFAOYSA-N,4.810410215731441
OCNT-2535765,DTRMTQCFCBDOGO-UHFFFAOYSA-N,4.6081744685672765
OCNT-2535766,JXCHQUUVGOJRKJ-UHFFFAOYSA-N,4.662194707280678
OCNT-2535767,QTYUBSTUSLGHAD-UHFFFAOYSA-N,4.689815916742071
OCNT-2535768,DZFXOMRXESENLI-UHFFFAOYSA-N,4.701919397555246
OCNT-2535769,OBDRTDABZZJYNV-UHFFFAOYSA-N,4.6613599972055155
OCNT-2535770,RXZOPUPVNNGHNG-UHFFFAOYSA-N,4.455992781722055
OCNT-2535771,GFLBMXPEJCZAIQ-UHFFFAOYSA-N,5.45430504399439
OCNT-2535772,LUELAUJTIDGOGT-UHFFFAOYSA-N,5.27584256740883
OCNT-2535773,JPSHHOVFBYETDT-UHFFFAOYSA-N,4.66527865081237
OCNT-2535774,NBFPPDSKRLSWEK-UHFFFAOYSA-N,5.04514334382762
OCNT-2535775,PVGFAMHQHVOWIM-UHFFFAOYSA-N,3.8652515792441937
OCNT-2535776,MCTRZKAKODSRLQ-UHFFFAOYSA-N,3.913763947256907
OCNT-2535777,CKXAAXUYRZNYJP-UHFFFAOYSA-N,4.091659520738566
OCNT-2535778,VFQXEYKTWNRSQE-UHFFFAOYSA-N,3.923802193908269
OCNT-2535779,JQYVYWKGLKWXMU-UHFFFAOYSA-N,4.013433112705706
OCNT-2535780,MLOXWFJWKSNEFB-UHFFFAOYSA-N,4.1094218973771595
OCNT-2535785,ZVYVOMJOBMQXDF-UHFFFAOYSA-N,4.735674608623341
OCNT-2535786,BIZWRKPRTALEGZ-UHFFFAOYSA-N,4.643942399882101
OCNT-2535787,YLHGXCNUHMCAAZ-UHFFFAOYSA-N,4.630820351250716
OCNT-2535788,DLHHFYXNVIMXSY-UHFFFAOYSA-N,4.534243450587003
OCNT-2535793,HFQKXZJLNCTZKT-LDCVWXEPSA-N,4.563414114513884
OCNT-2535795,LNATUTXDDFFCAO-UHFFFAOYSA-N,4.685174189106426
OCNT-2535797,SPYQSXKSVXZMGL-UHFFFAOYSA-N,4.6560114507312536
OCNT-2535799,NPYMTVWOEKCYBC-UHFFFAOYSA-N,4.666519012256537
OCNT-2535801,ONFHJCDDZWRYCM-UHFFFAOYSA-N,4.808947992866822
OCNT-2535802,FTBFYEZBFASXNM-UHFFFAOYSA-N,5.469914222305296
OCNT-2535804,LKHMLRTWBDHNIT-UHFFFAOYSA-N,5.057229628937953
OCNT-2535805,RBJSXJXXKINGKA-UHFFFAOYSA-N,5.08280987531858
OCNT-2535808,PGPXIARBWTYIGW-UHFFFAOYSA-N,5.032329076769547
OCNT-2535809,FZTBDZWEDOVRFP-UHFFFAOYSA-N,5.024095565799732
OCNT-2535810,MEQMJZOEHYDCQO-UHFFFAOYSA-N,4.61822049519747
OCNT-2535811,MEPRZRJWPNAIHY-UHFFFAOYSA-N,4.652488547645285
OCNT-2535812,VCFQFPHACUNRAC-UHFFFAOYSA-N,4.651537721140022
OCNT-2535813,HKIGXXRMJFUUKV-UHFFFAOYSA-N,4.423280914742744
OCNT-2535814,FRFKEOSMRYMHPT-UHFFFAOYSA-N,4.599604769204842
OCNT-2535815,IUUBNJJLZBNSNC-UHFFFAOYSA-N,4.779246557308033
OCNT-2535816,GWWARNAMYLWFAV-UHFFFAOYSA-N,4.656259482797313
OCNT-2535817,OTTWXFWSWWLTQO-UHFFFAOYSA-N,5.360095900454748
OCNT-2535819,YUECIVDTKKYMID-UHFFFAOYSA-N,4.555541780233541
OCNT-2535820,PMFHBNLDQVCDDX-UHFFFAOYSA-N,4.626337016926269
OCNT-2535821,IHQFZWWKWCJFSI-UHFFFAOYSA-N,4.726826057371876
OCNT-2535823,QOXBOCMHNFGBOB-UHFFFAOYSA-N,4.703644357728515
OCNT-2535824,DWQNAARBDYKTBP-UHFFFAOYSA-N,4.676021653689647
OCNT-2535825,BOGABBQKWLODMY-UHFFFAOYSA-N,4.648920640723338
