Molecule_Name,inchikey,CYP1A2_pIC50_direct_inhibition
OCNT-0010024,IGQPNWMJMSQCKW-UHFFFAOYSA-N,5.451190040440001
OCNT-0491471,BVDAFZWKMQCHRT-GASCZTMLSA-N,4.794981107360001
OCNT-0493952,ZCTSQCRTBXPIIU-UHFFFAOYSA-N,5.501921645780002
OCNT-0495173,VSDUZFOSJDMAFZ-UHFFFAOYSA-N,4.3967990201600005
OCNT-0495806,VBZCKONYGSQXHT-UHFFFAOYSA-N,5.446284235100003
OCNT-0496981,RWZAIHHFBKOVIK-UHFFFAOYSA-N,5.475968243769995
OCNT-0497785,AZVFIZVKGSPGPK-UHFFFAOYSA-N,4.841907991929998
OCNT-1498525,UAODYKLBUMXKDC-UHFFFAOYSA-N,4.7723605660800015
OCNT-2148029,PFDUUKDQEHURQC-UHFFFAOYSA-N,3.8231184122000026
OCNT-2308485,QKKYGDCZJOIAFV-UHFFFAOYSA-N,4.9324910495299985
OCNT-2311186,SUWHYBSBFPCCEY-UHFFFAOYSA-N,5.3184328571699995
OCNT-2312792,HTRUARZJVGTQQJ-UHFFFAOYSA-N,4.611563158590002
OCNT-2314689,POYOHGUZGSPOTJ-UHFFFAOYSA-N,5.029121155489998
OCNT-2461740,JROSDBYIFZWPBP-UHFFFAOYSA-N,5.21164826565
OCNT-2469049,KFDFCBXHWBWRNM-UHFFFAOYSA-N,5.00660598824
OCNT-2534775,UNEGPCMGWWRHKL-UHFFFAOYSA-N,5.619016782780001
OCNT-2534776,DTROWYMYRYMVJD-UHFFFAOYSA-N,5.23113049618
OCNT-2534778,RTTAKMJWURYDOX-UHFFFAOYSA-N,5.55575260944
OCNT-2534781,OAHSXVGSCRPCIB-UHFFFAOYSA-N,5.2794127602
OCNT-2534782,JQUYLQUXHQTSLJ-UHFFFAOYSA-N,4.684296409310001
OCNT-2534783,ZNNCRYGBHWLYAV-UHFFFAOYSA-N,4.9533144107399965
OCNT-2534784,FPQZQXQHMQNGET-UHFFFAOYSA-N,4.791622339509998
OCNT-2534785,JOWAYMDGQTWWHN-UHFFFAOYSA-N,4.827094376279999
OCNT-2534787,XZFFLONOQSCQJY-UHFFFAOYSA-N,4.8493482401199985
OCNT-2534798,IAZVKDJIAPRDEN-UHFFFAOYSA-N,5.14837226464
OCNT-2534799,MBJGHBFUQMRCCD-UHFFFAOYSA-N,5.325830217929999
OCNT-2534800,ZTMKRDWIDMDAMP-UHFFFAOYSA-N,5.620977694010001
OCNT-2534803,LZSBQYVBPJVTDR-UHFFFAOYSA-N,4.719644282810001
OCNT-2534805,FCDPQNPPXSHIHC-UHFFFAOYSA-N,6.077177119859999
OCNT-2534806,IJJJSXKYIBNCKO-UHFFFAOYSA-N,5.932522416200003
OCNT-2534808,DEQIHGMZJVGRHC-UHFFFAOYSA-N,5.313266929159998
OCNT-2534809,PRSDKLCCMIAKDL-UHFFFAOYSA-N,5.05728086886
OCNT-2534810,VXSHODCKRGPEBG-UHFFFAOYSA-N,5.42634133888
OCNT-2534811,CGKIUZNBBOMYDJ-UHFFFAOYSA-N,5.16800908838
OCNT-2534813,XMROZLFGOWMJCM-UHFFFAOYSA-N,4.660169669730004
OCNT-2534822,RIXSOVONJREYAF-UHFFFAOYSA-N,4.660432156069999
OCNT-2534823,ZNTPEPKSNUYNNJ-UHFFFAOYSA-N,5.479254571269999
OCNT-2534824,RWBHGILWKADMCW-UHFFFAOYSA-N,5.2805128172
OCNT-2534827,TYHYAYIZVRSKSV-UHFFFAOYSA-N,5.266924494479998
OCNT-2534828,WWHJMKBJCUIJPI-UHFFFAOYSA-N,5.479417681519999
OCNT-2534829,WMDAVRBLCPLCCG-UHFFFAOYSA-N,4.28021455027
OCNT-2534831,CIIDVXHWUXRQNL-UHFFFAOYSA-N,4.40735537336
OCNT-2534832,OBPBFJWWESYCFK-UHFFFAOYSA-N,4.681842796580001
OCNT-2534833,SSETYIYNGPJINE-UHFFFAOYSA-N,5.722062350070001
OCNT-2534834,HLDATVJVNDAGEQ-UHFFFAOYSA-N,5.15498294232
OCNT-2534835,HGLWNLJIXWELDY-UHFFFAOYSA-N,5.3816732688
OCNT-2534836,OZOCKPMOXMRTQS-UHFFFAOYSA-N,5.5942315346800005
OCNT-2534837,TXOIOLMCDDZPAY-UHFFFAOYSA-N,5.7079014758100035
OCNT-2534838,ZEOORVXZMSOMIO-UHFFFAOYSA-N,5.985767443880002
OCNT-2534839,XWQPJLDOLIAXHP-UHFFFAOYSA-N,6.14227956956
OCNT-2534840,CUZZVFPEHLVHLZ-UHFFFAOYSA-N,5.099773332710002
OCNT-2534843,MPZHTOYCIOMTIL-UHFFFAOYSA-N,4.80355531137
OCNT-2534844,MAHOIISEFZBESO-UHFFFAOYSA-N,4.371495808210003
OCNT-2534845,GNVHWMXNNLBJMM-UHFFFAOYSA-N,5.445538585750001
OCNT-2534847,IGGYFCLLKDVTBR-UHFFFAOYSA-N,5.4005240948400015
OCNT-2534850,GAHPJTQJDZYREJ-UHFFFAOYSA-N,4.34807671044
OCNT-2534851,LXKNSOVTYMIYCD-UHFFFAOYSA-N,5.380877685740001
OCNT-2534852,BEMSBFGZUAAOAU-UHFFFAOYSA-N,4.837578376300001
OCNT-2534853,STZBYSMAMRGCEZ-UHFFFAOYSA-N,5.203578374109998
OCNT-2534855,LCLIPNKNAXUCSW-UHFFFAOYSA-N,4.926341936739999
OCNT-2534856,MIMIYUBTBVFAPU-UHFFFAOYSA-N,5.053613850770001
OCNT-2534857,OGHXXVWTXSKXMQ-UHFFFAOYSA-N,5.225704132390002
OCNT-2534858,QIGKJXRNVAQVQK-UHFFFAOYSA-N,5.806913144500003
OCNT-2534860,LIQMVPBHWGTWHP-UHFFFAOYSA-N,4.175917816469998
OCNT-2534861,RPMVROJFYWMLMX-UHFFFAOYSA-N,3.9691238040800023
OCNT-2534862,VAIAQMGURVNNNV-UHFFFAOYSA-N,4.614032890049999
OCNT-2534863,WNUYUWCIZOJUKT-UHFFFAOYSA-N,4.979540868539998
OCNT-2534864,AYSKARSLJDDKEB-UHFFFAOYSA-N,4.6506484311900005
OCNT-2534866,JVIGPSPMXDSCKO-UHFFFAOYSA-N,5.14889931693
OCNT-2534867,BSZBIIDNFWSNFB-UHFFFAOYSA-N,5.254359412380001
OCNT-2534868,MZDHROKIJGVAAE-UHFFFAOYSA-N,5.283699760330002
OCNT-2534869,UWFBZHRKEFYFGA-UHFFFAOYSA-N,6.072876900920004
OCNT-2534870,QVLIHCKXHKNMKT-UHFFFAOYSA-N,5.413990319770002
OCNT-2534871,LJIQDDOLGHWUHV-UHFFFAOYSA-N,5.002730582639999
OCNT-2534872,WGELAGOQQCXWEI-UHFFFAOYSA-N,5.527930786589999
OCNT-2534873,ZIHODWCMPYGUQS-UHFFFAOYSA-N,5.717889656170001
OCNT-2534874,GURARNLILHYZHV-UHFFFAOYSA-N,5.642176484529999
OCNT-2534875,OOZUSHYHZBZTJU-UHFFFAOYSA-N,4.995272268019999
OCNT-2534877,XXCRZZKYNGSUNJ-UHFFFAOYSA-N,4.40660261804
OCNT-2534878,BJEFUMBSVAPULZ-UHFFFAOYSA-N,4.6290074409600015
OCNT-2534879,VCEMDYRCMKMZRO-UHFFFAOYSA-N,5.74865470096
OCNT-2534881,FBDSZUWAAXYTPA-UHFFFAOYSA-N,4.631849118970002
OCNT-2534882,VISWIPSJSGOGBK-UHFFFAOYSA-N,4.718304285300001
OCNT-2534883,UTJJZKBWXLYEJU-UHFFFAOYSA-N,4.90724530568
OCNT-2534884,AYSQNMFURHMHBB-UHFFFAOYSA-N,5.363665441349999
OCNT-2534888,IIZBUHJUXGMBKV-UHFFFAOYSA-N,4.9813660003
OCNT-2534890,BTJTYYCNWKCYRL-UHFFFAOYSA-N,5.503194043539999
OCNT-2534891,BWCWXWNUSKHQPP-UHFFFAOYSA-N,5.42667212971
OCNT-2534892,LYZZVXQURXMDLT-UHFFFAOYSA-N,4.290996476320002
OCNT-2534895,LQSVFAVNYYMYFV-UHFFFAOYSA-N,4.532667475740001
OCNT-2534896,YSAHYXDWNHXYFO-UHFFFAOYSA-N,5.08093348963
OCNT-2534899,UGTKWOXHHSBNNQ-UHFFFAOYSA-N,4.637999487590001
OCNT-2534900,QEAFBOBEDNHPOQ-UHFFFAOYSA-N,4.905496480450001
OCNT-2534905,OPGLWCBXMKVYNP-UHFFFAOYSA-N,5.714178898679998
OCNT-2534908,GFEFYPIXEGEYFW-UHFFFAOYSA-N,5.28970310315
OCNT-2534910,ZWUWQQOBGUBFRY-UHFFFAOYSA-N,5.210405118680002
OCNT-2534912,KGHVXBQQNNTFQD-UHFFFAOYSA-N,5.2637609638299985
OCNT-2534913,WGRHNYMEVAMGGU-UHFFFAOYSA-N,4.741478440980002
OCNT-2534915,RKZDKVQYBMGUPX-UHFFFAOYSA-N,4.294370830440001
OCNT-2534916,MHTNPZUPKMIADR-UHFFFAOYSA-N,3.762471670240001
OCNT-2534919,KUYLBYOZSRYMDE-UHFFFAOYSA-N,4.652467838170002
OCNT-2534921,CHXPEHVXNPCPPL-UHFFFAOYSA-N,3.656926620780002
OCNT-2534922,LGVPXABYCVNIGO-UHFFFAOYSA-N,3.7795363865100016
OCNT-2534924,SDILIUAHINFFTQ-UHFFFAOYSA-N,4.03854592338
OCNT-2534925,MMBXAUHNKONKHN-UHFFFAOYSA-N,4.1982307710499995
OCNT-2534927,ZOYAFJLWDPRSNH-UHFFFAOYSA-N,5.3672683894599995
OCNT-2534928,LHABHVGSUWIBEN-UHFFFAOYSA-N,5.30940572012
OCNT-2534930,OYMCMPVXWOJFKA-UHFFFAOYSA-N,5.562280048739999
OCNT-2534933,GCVDBUCMAZYPHN-UHFFFAOYSA-N,5.60440082322
OCNT-2534934,XNWKPSWPZRZZEG-UHFFFAOYSA-N,5.7603808621100026
OCNT-2534935,GYXPIFORKYOIRC-UHFFFAOYSA-N,5.48274249996
OCNT-2534937,RDUFLNBPDOYUBX-UHFFFAOYSA-N,5.74384372733
OCNT-2534938,UWJUOLHIVJHENY-UHFFFAOYSA-N,3.7147088194099998
OCNT-2534939,SREQUWGGTBLVPD-UHFFFAOYSA-N,3.7789636330300005
OCNT-2534942,OPZJNMIUJYEZEY-UHFFFAOYSA-N,3.620479672480002
OCNT-2534943,VMYAXVMJYUZFSU-UHFFFAOYSA-N,3.838261621190002
OCNT-2534947,XCDMBBULNJFIGX-UHFFFAOYSA-N,4.733933815540001
OCNT-2534948,VWPFAROGGPSGFE-UHFFFAOYSA-N,4.754319980150001
OCNT-2534949,DIWSNIDUDLATBC-UHFFFAOYSA-N,5.080094462950003
OCNT-2534950,BUTCFXVBIDYMNN-UHFFFAOYSA-N,5.031990142190003
OCNT-2534951,XOECFOCWUYHDRE-UHFFFAOYSA-N,4.925713186670002
OCNT-2534952,RYRMMJFZGTYOFO-UHFFFAOYSA-N,4.302438807500002
OCNT-2534953,XTFGDCIGBUPFJP-UHFFFAOYSA-N,4.921338411100001
OCNT-2534954,WIKNYIQVSATYBE-UHFFFAOYSA-N,4.67174183948
OCNT-2534955,WEXFQWFZXGNBNH-UHFFFAOYSA-N,4.549906690160002
OCNT-2534956,HHYHPUZSEDXWSP-UHFFFAOYSA-N,4.695813804590001
OCNT-2534958,FAMFOOKIXZRSML-UHFFFAOYSA-N,4.348071873419998
OCNT-2534959,KJMGBBLWPJNINA-UHFFFAOYSA-N,4.99372116634
OCNT-2534960,WIEOTBLDNNKERH-UHFFFAOYSA-N,4.394006246040004
OCNT-2534962,BGKXIERSYNZZSL-UHFFFAOYSA-N,4.29777832337
OCNT-2534963,IVXXUQFKTNGTAE-UHFFFAOYSA-N,4.245591888610001
OCNT-2534964,DLTPUYDVRZRAIQ-UHFFFAOYSA-N,3.9590469605900016
OCNT-2534965,UFYWUAWJTBJSCP-UHFFFAOYSA-N,5.147384826280002
OCNT-2534966,RNQLRSCPVMYOAQ-UHFFFAOYSA-N,4.870238950890003
OCNT-2534967,SDCOXSDXNHAZIK-UHFFFAOYSA-N,4.813681835470003
OCNT-2534968,ZQGXEEQNCMRNSH-UHFFFAOYSA-N,5.146501980539999
OCNT-2534969,UTDWDLUZCAEWPY-UHFFFAOYSA-N,4.33771701289
OCNT-2534972,KSHSYDWVNPCRKV-UHFFFAOYSA-N,4.880041281120002
OCNT-2534974,RXGMQGHDTAIXIW-UHFFFAOYSA-N,4.146048153049999
OCNT-2534975,BGTNQNZJIDNRHL-UHFFFAOYSA-N,4.274682172769998
OCNT-2534976,HABNUFGQZGZHKX-SNVBAGLBSA-N,4.4540539937200005
OCNT-2534977,MOBBVWNAJFWTCA-UHFFFAOYSA-N,3.9019750630500005
OCNT-2534978,FADNYNMDTALVPK-UHFFFAOYSA-N,4.56279129065
OCNT-2534979,LKIMECLKXUAUEP-UHFFFAOYSA-N,4.868279963190002
OCNT-2534980,XBKQKFVSOVBHAG-UHFFFAOYSA-N,5.031889393949997
OCNT-2534981,KPIHQYPRJADZIC-UHFFFAOYSA-N,5.167488656200001
OCNT-2534982,QSHIPBRGUIUHSP-UHFFFAOYSA-N,4.70186336828
OCNT-2534983,IYUMPCGGZOFGAD-UHFFFAOYSA-N,4.969777841829999
OCNT-2534984,FKHZWXJUCIODRH-UHFFFAOYSA-N,4.891035823299999
OCNT-2534985,PTQXNWOOUQRPES-UHFFFAOYSA-N,4.115994034020002
OCNT-2534986,FGKVMYYNESCBGL-UHFFFAOYSA-N,5.5319139888399995
OCNT-2534987,XKVKAFVJMWVQJE-UHFFFAOYSA-N,5.57620552345
OCNT-2534988,SYZGPVVYFXZESC-UHFFFAOYSA-N,5.41163093772
OCNT-2534989,ZSOCAMZZPQUWPD-UHFFFAOYSA-N,5.61079988442
OCNT-2534991,JUQNLDDJKUGUHV-UHFFFAOYSA-N,4.35864580956
OCNT-2534992,MQUNWRCDNFUFNA-UHFFFAOYSA-N,4.64734604385
OCNT-2534993,OJBBKSIPRMVDMI-UHFFFAOYSA-N,4.801360881489997
OCNT-2534995,AIMMSTIQRDLJKH-UHFFFAOYSA-N,4.52782053776
OCNT-2534996,JDPCINSMLVUFPO-UHFFFAOYSA-N,4.694925704969998
OCNT-2534997,ZRQYTHSVXXFAPY-UHFFFAOYSA-N,4.24529760732
OCNT-2534998,RXOPBTLTFWZATL-UHFFFAOYSA-N,4.1056867532900005
OCNT-2534999,NCKLLRVUAZAPDA-UHFFFAOYSA-N,4.8189825767800025
OCNT-2535000,COBKTOCKOIWELQ-UHFFFAOYSA-N,4.6471289152000015
OCNT-2535002,JUCHYYGJROZRNJ-UHFFFAOYSA-N,4.56852545289
OCNT-2535004,GMKRBYYYJIORSC-UHFFFAOYSA-N,4.375074538509999
OCNT-2535005,GKTWHVUWJJCKMR-UHFFFAOYSA-N,4.429764625809998
OCNT-2535006,XKTUHVPDMAHBQL-UHFFFAOYSA-N,5.446709567289999
OCNT-2535007,DOZQLYDUDFQCPC-UHFFFAOYSA-N,5.391660334269999
OCNT-2535008,LUCAWVSGCYHHGJ-UHFFFAOYSA-N,4.95029246733
OCNT-2535010,RBQGMKFHVNPIRY-UHFFFAOYSA-N,5.24292308123
OCNT-2535011,OJIDMJWIQXQZTO-UHFFFAOYSA-N,4.990518493450001
OCNT-2535012,PDCJUDSOQPEBFU-UHFFFAOYSA-N,6.123802671030003
OCNT-2535015,SOIQSVFJYMUIGF-UHFFFAOYSA-N,4.346862260760002
OCNT-2535017,JYFWMKVLBXMHNH-SYGMWZTRSA-N,4.760407310989999
OCNT-2535018,XUCZPLLMCHWUOL-UHFFFAOYSA-N,4.18353108556
OCNT-2535020,UMRSUGBDYLGYAF-UHFFFAOYSA-N,5.5613108545399985
OCNT-2535021,TYGBTPIUHWDVFQ-UHFFFAOYSA-N,4.5532444963800005
OCNT-2535023,XSMMQPAOHODKDX-UHFFFAOYSA-N,4.147449326840002
OCNT-2535025,NIBUNRRIBLBRAZ-UHFFFAOYSA-N,5.19732549185
OCNT-2535030,GCSPKOFKTNMIJM-UHFFFAOYSA-N,3.8660285624800004
OCNT-2535033,CIHLZCMPRMSNDX-UHFFFAOYSA-N,4.916943161709997
OCNT-2535034,VBQXROGKZCOCEX-UHFFFAOYSA-N,4.696440397659999
OCNT-2535035,BHBANQFMZFEGDV-UHFFFAOYSA-N,5.071005317679999
OCNT-2535036,JVNVATTZPWFATM-UHFFFAOYSA-N,5.199605261220001
OCNT-2535037,XBVGLFBMQTTZIU-UHFFFAOYSA-N,5.194895747260001
OCNT-2535039,IKNANJFWYCRCKT-UHFFFAOYSA-N,4.56949188694
OCNT-2535040,BHNYBTUOTJMQOO-UHFFFAOYSA-N,5.042020011670001
OCNT-2535041,KEBAJQLCWJBELI-UHFFFAOYSA-N,4.956675299840001
OCNT-2535042,ZXKCOIQAOHWTEQ-UHFFFAOYSA-N,5.2681810567100005
OCNT-2535044,GBIOCCDNIFFXFQ-UHFFFAOYSA-N,5.159197206940002
OCNT-2535045,ORQVCZZTVCFTRF-UHFFFAOYSA-N,4.685763318350004
OCNT-2535047,CRBSGBDDTDDCHV-UHFFFAOYSA-N,5.431026926859999
OCNT-2535048,NZZRPJKQSXSGSV-UHFFFAOYSA-N,5.830365215780002
OCNT-2535049,RMZQMWLOHMIUCC-UHFFFAOYSA-N,4.442876899310001
OCNT-2535050,XONRNTKMPVDEFH-UHFFFAOYSA-N,4.7645277744
OCNT-2535051,WEZNBBCXUQWIEA-UHFFFAOYSA-N,5.202276408459999
OCNT-2535052,ZKZIMMAKAMEPAA-UHFFFAOYSA-N,4.445876243160003
OCNT-2535053,FHAFWNDGOPCJPI-UHFFFAOYSA-N,4.477710987390001
OCNT-2535054,KEOGUGZUSBSVAS-UHFFFAOYSA-N,4.351701944480001
OCNT-2535058,URDOBPIQGUDVII-UHFFFAOYSA-N,4.19276379952
OCNT-2535059,GFTDVNYGFQVBPY-UHFFFAOYSA-N,4.7274121214500004
OCNT-2535061,TYEYIGPAWHSTRL-UHFFFAOYSA-N,5.46080865911
OCNT-2535062,GSSIKZBYBTXWON-UHFFFAOYSA-N,4.793733074519999
OCNT-2535064,AENDCANNOSENAM-UHFFFAOYSA-N,5.09385234829
OCNT-2535065,GMVLWSSEQDDWKN-UHFFFAOYSA-N,4.688558034880001
OCNT-2535066,CTJNNMNHRJEGHZ-UHFFFAOYSA-N,4.193369524150003
OCNT-2535067,FBTIHBSKJJQNDA-UHFFFAOYSA-N,3.951407163760001
OCNT-2535069,NERXOVWAJKSMMJ-UHFFFAOYSA-N,4.128616037300002
OCNT-2535070,DYJLEKMLHFUFSZ-UHFFFAOYSA-N,4.838815361649999
OCNT-2535071,JIDFHRQCSHTCAL-UHFFFAOYSA-N,4.557945371330003
OCNT-2535072,WFRKIAUIRPHVLV-UHFFFAOYSA-N,4.269379472680002
OCNT-2535073,NVEGBIWSSQVYHA-UHFFFAOYSA-N,4.960378365440002
OCNT-2535076,VFRFKJPAHUFNRX-UHFFFAOYSA-N,6.122867661210005
OCNT-2535077,CWBKDPVPQZBDCL-UHFFFAOYSA-N,4.942322215359998
OCNT-2535079,YWSUJTRIDYTCGE-UHFFFAOYSA-N,5.289452858750001
OCNT-2535081,PRHJDZAWGNGBDA-UHFFFAOYSA-N,5.183476062700001
OCNT-2535082,VPMPORUJVWMXOL-UHFFFAOYSA-N,5.77010429485
OCNT-2535083,WPNYDMMWIYBSSA-UHFFFAOYSA-N,4.851415985990001
OCNT-2535084,IBJUTTBLQBHAPS-UHFFFAOYSA-N,4.98580416004
OCNT-2535086,ZLSHALHADKEATB-UHFFFAOYSA-N,4.134302008740001
OCNT-2535087,PSNRPTXLSOKWJG-UHFFFAOYSA-N,5.887466417
OCNT-2535088,OJATWDXTEGMIIA-UHFFFAOYSA-N,3.7676271567200015
OCNT-2535091,UYRHVFGRFAGBOP-UHFFFAOYSA-N,5.982928448040003
OCNT-2535092,XJKWJGLBYVKZMD-UHFFFAOYSA-N,4.4024816515700005
OCNT-2535093,RINNPLSMLICCLE-UHFFFAOYSA-N,5.1298054679100025
OCNT-2535094,OOSQUUIXYIJTKC-UHFFFAOYSA-N,4.8534082767800015
OCNT-2535095,RKNSFTXTHYXSNE-UHFFFAOYSA-N,4.79942422609
OCNT-2535096,RLRFPLIYHVETRX-UHFFFAOYSA-N,4.285703401890001
OCNT-2535097,OJBCCVHFEMTZJR-UHFFFAOYSA-N,4.27033376671
OCNT-2535098,HHBSCWPVPJQGPS-UHFFFAOYSA-N,5.60206141512
OCNT-2535099,YADJBLDPFSOUMQ-UHFFFAOYSA-N,5.996166607260002
OCNT-2535100,MUQLJFDGJGYLDJ-UHFFFAOYSA-N,5.214403417569997
OCNT-2535101,WBYSHDIVFDTKAS-UHFFFAOYSA-N,5.466651679950002
OCNT-2535102,ALHOSOXXWOCTMV-UHFFFAOYSA-N,5.000978944230001
OCNT-2535110,BGMKCPPIMKMICY-UHFFFAOYSA-N,4.29870342531
OCNT-2535111,AGMAYQWAVMKCRK-UHFFFAOYSA-N,4.149724008789999
OCNT-2535115,ZRTOJCIWPYMPEO-UHFFFAOYSA-N,4.88712749139
OCNT-2535117,ZRLHVMLTXCBVFC-UHFFFAOYSA-N,5.773527498099998
OCNT-2535118,BEONTKCEIYDZAX-UHFFFAOYSA-N,5.361727587960001
OCNT-2535119,NPNIDWGMSMBLOF-UHFFFAOYSA-N,5.32226077432
OCNT-2535120,GDXHMLSAPCRRHX-UHFFFAOYSA-N,5.5188328302499965
OCNT-2535121,IBDWPVICLPPSDD-UHFFFAOYSA-N,4.402328131889999
OCNT-2535122,JVULHJMQBZNNCH-UHFFFAOYSA-N,4.4421083684900005
OCNT-2535123,XXEIULQWWBTDSZ-UHFFFAOYSA-N,5.463796383530003
OCNT-2535124,BRXZFUXNZFSNMB-UHFFFAOYSA-N,5.381536133809998
OCNT-2535126,JGEONMDVMNCXCV-UHFFFAOYSA-N,5.810333404549999
OCNT-2535127,ZSBYGIHSLQRFLQ-UHFFFAOYSA-N,4.242958528179998
OCNT-2535128,AOZAXMXZZCBWNY-GFCCVEGCSA-N,5.41425637075
OCNT-2535131,CYTIBPNZDMYFGX-UHFFFAOYSA-N,5.506443162399997
OCNT-2535133,OFPDZAVRUHSYJU-UHFFFAOYSA-N,4.870828303630002
OCNT-2535134,VCZZOLGRPRVQPV-UHFFFAOYSA-N,4.972055338010001
OCNT-2535135,FMZPXYDWVKQWFU-UHFFFAOYSA-N,5.0033656897300025
OCNT-2535136,MZLPNRVVVJQURW-UHFFFAOYSA-N,4.6187285449300015
OCNT-2535137,WVXDSVYRPFGGHP-UHFFFAOYSA-N,4.8928205878
OCNT-2535138,GILKNISNXWEAOI-UHFFFAOYSA-N,5.116670870409999
OCNT-2535139,DBYOJYFCONRFOH-UHFFFAOYSA-N,4.370667222310001
OCNT-2535141,TUEWURHBRCOMCJ-UHFFFAOYSA-N,5.571700299099999
OCNT-2535143,ADJRMPTZUXRRGP-UHFFFAOYSA-N,5.313725635500003
OCNT-2535145,MOCCCMVDMPPWLX-UHFFFAOYSA-N,4.6313871861900004
OCNT-2535146,FLHFMWXVFWEJBF-UHFFFAOYSA-N,5.4088639262900005
OCNT-2535147,TUTZACUCNHDQQD-UHFFFAOYSA-N,5.72802750691
OCNT-2535148,NUMLFIHVWGYIIJ-UHFFFAOYSA-N,5.6310874108499975
OCNT-2535150,TVEXDIRAHUXKBJ-UHFFFAOYSA-N,5.53600996761
OCNT-2535151,PINZGTIVPOLPFK-UHFFFAOYSA-N,5.105837053449999
OCNT-2535152,RLECTTKOBJGDTM-UHFFFAOYSA-N,4.6294058672600045
OCNT-2535153,IDZCWYFILKMFQI-UHFFFAOYSA-N,4.496496370280003
OCNT-2535154,QALQXPZBDUTASA-UHFFFAOYSA-N,5.085989756860001
OCNT-2535155,CZXQCTRLJISYDB-UHFFFAOYSA-N,5.076319754330001
OCNT-2535156,PKKCKPGLERGBFZ-UHFFFAOYSA-N,5.31104042301
OCNT-2535158,UXJWIOVUANSLSI-UHFFFAOYSA-N,5.03392644286
OCNT-2535160,ZQZLZZOSSBIHLG-UHFFFAOYSA-N,5.376812975360001
OCNT-2535161,WLNUVSLCSPTUDG-UHFFFAOYSA-N,5.074616245900002
OCNT-2535163,XGSGELMEEUBOFM-UHFFFAOYSA-N,5.596286976230001
OCNT-2535164,WOJSKHYJSLTGQV-UHFFFAOYSA-N,5.08655801934
OCNT-2535166,OJSIWLBSIFDVDI-UHFFFAOYSA-N,5.935603461740003
OCNT-2535167,RGVQQGGGBIYSSF-UHFFFAOYSA-N,3.6969002202800003
OCNT-2535168,XZMVFBIZOLEIOM-UHFFFAOYSA-N,5.94427463535
OCNT-2535170,GPZVVXRWPKBWMQ-UHFFFAOYSA-N,6.054974609910001
OCNT-2535171,SIOOYOMYAOCUHO-UHFFFAOYSA-N,3.9928202862899993
OCNT-2535172,ULPROYMOSMAZMQ-GASCZTMLSA-N,4.984353449809999
OCNT-2535176,AUCDWXNJQLIVFH-UHFFFAOYSA-N,4.742056330099998
OCNT-2535177,LSKUZWWEXJOCSB-UHFFFAOYSA-N,4.077778292129999
OCNT-2535178,DHILLHKBQUXGCS-UHFFFAOYSA-N,4.396380647120001
OCNT-2535180,LMHWJSALLYEJCF-UHFFFAOYSA-N,4.869099557719999
OCNT-2535182,CSKFNYTUMKSYLX-UHFFFAOYSA-N,5.739083404889997
OCNT-2535183,WHDAIPZTZHHTKW-UHFFFAOYSA-N,4.8985283286299985
OCNT-2535184,DYJIVBITDVMPFA-UHFFFAOYSA-N,5.475768805699997
OCNT-2535186,PAZOKZXCAIDNFZ-UHFFFAOYSA-N,5.3184922788200035
OCNT-2535190,SCFHLIMJKWHKJL-UHFFFAOYSA-N,5.6299456127699985
OCNT-2535194,HPDZRDVYWBSEBS-UHFFFAOYSA-N,5.41286979083
OCNT-2535197,PVAMLBAHCBOXIJ-UHFFFAOYSA-N,5.425762984120001
OCNT-2535199,RDEXVBZPMFHERA-UHFFFAOYSA-N,5.207547169210001
OCNT-2535201,RUYHWEKISJYKQS-UHFFFAOYSA-N,4.696611696390001
OCNT-2535202,QUXUYVPKJKLYRC-UHFFFAOYSA-N,5.074891987039999
OCNT-2535203,RETYLQGXVVGHBG-UHFFFAOYSA-N,5.614146213259997
OCNT-2535204,WGPDWCODYNICIT-UHFFFAOYSA-N,5.158219999299998
OCNT-2535205,VYWJZNGNLUYVPF-UHFFFAOYSA-N,3.5004786837400004
OCNT-2535207,UTIDESMGGKOHKC-UHFFFAOYSA-N,4.516170764530001
OCNT-2535208,ZJHSRQFIPCNLRS-UHFFFAOYSA-N,5.134239140810003
OCNT-2535209,UCTMKONSQVYUEN-UHFFFAOYSA-N,5.7421321785099995
OCNT-2535211,FOSVCJNHTIJCFU-UHFFFAOYSA-N,5.134491243520001
OCNT-2535212,LTSCKLUXDYVJEH-UHFFFAOYSA-N,5.799802207930002
OCNT-2535213,RBUTUKHYWPLQJW-UHFFFAOYSA-N,3.7865248689700013
OCNT-2535214,BEZXRIQDCHPXKO-UHFFFAOYSA-N,5.4008040828200015
OCNT-2535215,RIFKAMYNDLEFGK-UHFFFAOYSA-N,4.724139306459998
OCNT-2535216,FNCANYWIDBSXMR-UHFFFAOYSA-N,4.120719035450001
OCNT-2535217,AFEXYAZHUWKMSN-UHFFFAOYSA-N,5.62636559153
OCNT-2535218,DUFBSKNQQAXWGC-UHFFFAOYSA-N,4.677786467060002
OCNT-2535219,CKIPJCWNVHDWAG-UHFFFAOYSA-N,4.372692744339998
OCNT-2535220,UZGCONRMDSJZLL-JTQLQIEISA-N,4.781333343550003
OCNT-2535221,LAHJAXZGIZETPN-UHFFFAOYSA-N,5.13618526673
OCNT-2535224,AZQPWQINILHIDQ-UHFFFAOYSA-N,5.273028357190001
OCNT-2535225,MQKFKNKJNHXMNZ-UHFFFAOYSA-N,4.904158744730003
OCNT-2535226,QADCZLCKBVLVCV-UHFFFAOYSA-N,5.601324169349999
OCNT-2535228,OJCLHERKFHHUTB-UHFFFAOYSA-N,5.023194855990001
OCNT-2535229,ACGPBLZSPDCGCA-UHFFFAOYSA-N,4.76492617471
OCNT-2535231,RGMFCAZPSYJLPP-UHFFFAOYSA-N,4.729999583670001
OCNT-2535233,IGZCDJVRJJTBLG-UHFFFAOYSA-N,3.8407091167500034
OCNT-2535234,AFXVIHMNMRJRDS-UHFFFAOYSA-N,4.527669478779999
OCNT-2535237,ULRIVKPPJKOYOS-UHFFFAOYSA-N,4.366097980839999
OCNT-2535238,XKVFOSUENYMPEI-UHFFFAOYSA-N,4.3818717616299985
OCNT-2535239,ZJQYUZZNVSDYOM-UHFFFAOYSA-N,5.15260405392
OCNT-2535240,NRIXKOBBEDUYNB-UHFFFAOYSA-N,5.189887370749999
OCNT-2535241,RJVMMJOMRIMUAW-UHFFFAOYSA-N,4.44645635551
OCNT-2535242,YQQRUTNMNAZIAR-UHFFFAOYSA-N,5.15105059917
OCNT-2535245,WYMAJKNSMXCGIZ-UHFFFAOYSA-N,4.5497055602500005
OCNT-2535246,DXSBLFMKEXSCHT-UHFFFAOYSA-N,4.481329255890001
OCNT-2535247,GQEMTFSFTIYYQV-UHFFFAOYSA-N,5.415654424189998
OCNT-2535251,HCTPQQNFDUUQCP-UHFFFAOYSA-N,5.20086884153
OCNT-2535253,MVGCIXCMMDGBJB-UHFFFAOYSA-N,4.968085352029999
OCNT-2535254,KPGSJBXHVSMRQD-UHFFFAOYSA-N,4.8757278472399985
OCNT-2535255,KXYNTGNJNDVQPV-UHFFFAOYSA-N,3.596177018400001
OCNT-2535256,JXGQGYDGFKVAGS-UHFFFAOYSA-N,4.211116881630001
OCNT-2535257,GIFMHUOKHSZMOX-UHFFFAOYSA-N,4.51292492549
OCNT-2535258,ZFLVIIBWHCNOOG-UHFFFAOYSA-N,5.3879357680899975
OCNT-2535259,KQJADINSIVAITE-UHFFFAOYSA-N,5.283941126980002
OCNT-2535260,LILSDJBHHJSHBG-UHFFFAOYSA-N,4.79956372073
OCNT-2535261,JUCBOBOPNBEJRI-UHFFFAOYSA-N,4.0232604101
OCNT-2535263,NEHJFSRZGHWAPB-UHFFFAOYSA-N,5.416852335369998
OCNT-2535264,VOAAHAILZAVKOW-UHFFFAOYSA-N,5.469862162690004
OCNT-2535266,RVWYLSURHLCBNJ-UHFFFAOYSA-N,4.574043071839999
OCNT-2535268,ZQAQXWNBLUULQE-UHFFFAOYSA-N,5.134374422219999
OCNT-2535269,HWCQLGJWSXXVAE-UHFFFAOYSA-N,5.28871528463
OCNT-2535270,GXCCELUQAGUVAT-UHFFFAOYSA-N,5.225752740049999
OCNT-2535271,FHCGQOSRARVORR-UHFFFAOYSA-N,4.913117979339999
OCNT-2535272,YVWCRSMDWAIDNW-UHFFFAOYSA-N,5.095548924709999
OCNT-2535273,NQQMWLIDTXOOPF-UHFFFAOYSA-N,5.18514819624
OCNT-2535274,RDGRHSIXXPNABJ-UHFFFAOYSA-N,5.18998451401
OCNT-2535275,KLUGTQXZEWDNHZ-UHFFFAOYSA-N,5.164845640889999
OCNT-2535276,PAIBPRPWPWWPFS-UHFFFAOYSA-N,5.2629815147
OCNT-2535278,HICWUXFYFMDECC-UHFFFAOYSA-N,4.789845549850001
OCNT-2535279,UYICLSJFOXKRDU-UHFFFAOYSA-N,4.973442892889998
OCNT-2535280,HXOXNEUCTFEUBE-UHFFFAOYSA-N,4.705604990970001
OCNT-2535281,QOFNSDLTCSJDLA-UHFFFAOYSA-N,4.69927636919
OCNT-2535283,RTEFRIHQIDLYBP-UYAOXDASSA-N,5.002760382869999
OCNT-2535284,CIBADFZITYLDNX-UHFFFAOYSA-N,5.09827106784
OCNT-2535285,VTDPEPIQXIVVFL-UHFFFAOYSA-N,5.192378855699999
OCNT-2535286,KHHXJNRZURBROH-UHFFFAOYSA-N,4.650673070189999
OCNT-2535287,RFYOYBVDIDEKQI-UHFFFAOYSA-N,4.768914304330001
OCNT-2535289,BZGJANJTFRAFBQ-UHFFFAOYSA-N,4.793574995930002
OCNT-2535290,RGMOYEDXVSBPSL-UHFFFAOYSA-N,5.01242906956
OCNT-2535291,YSKDICVXILSCRT-UHFFFAOYSA-N,4.140033391070003
OCNT-2535292,PKNMTVPPGWNIKB-UHFFFAOYSA-N,5.502621014279999
OCNT-2535293,NPCMCAXRNNQWJE-UHFFFAOYSA-N,5.375547565060001
OCNT-2535294,YRLRCSRZZHHKRW-UHFFFAOYSA-N,5.186379350960001
OCNT-2535296,GGQNCTRLLKCMLM-NSHDSACASA-N,4.47004006745
OCNT-2535297,PIVAZIMYJGDVBC-UHFFFAOYSA-N,4.775280393629999
OCNT-2535298,GGZHGKJEPIQYLJ-UHFFFAOYSA-N,5.018117556209998
OCNT-2535299,CXBGWYKVVMYGQM-UHFFFAOYSA-N,5.05987444519
OCNT-2535300,KEXUTSNLWKGHAS-UHFFFAOYSA-N,5.258433860029999
OCNT-2535303,LQAPARJGASQPRL-UHFFFAOYSA-N,4.34829934612
OCNT-2535304,LOSYCBROYSQTLJ-UHFFFAOYSA-N,5.22106319034
OCNT-2535306,USRXUCVPWCMYSS-UHFFFAOYSA-N,4.999431948620001
OCNT-2535309,ZUTQJBNPILUONC-UHFFFAOYSA-N,4.980002837929998
OCNT-2535311,VYPVGXHOCDPJFB-UHFFFAOYSA-N,5.826597633200001
OCNT-2535312,RRLBFZAIPSUIOF-UHFFFAOYSA-N,5.799455242040002
OCNT-2535313,XQUKYBOAJQUQOE-UHFFFAOYSA-N,5.745550643900002
OCNT-2535315,OHQVQKICERBNIS-UHFFFAOYSA-N,4.6725254473
OCNT-2535316,LGUCUIDFWMIUJQ-UHFFFAOYSA-N,5.304718870759997
OCNT-2535317,SWZAJZUMZQOCSN-UHFFFAOYSA-N,5.0829046046799995
OCNT-2535318,YWYFUCDSZYFUDJ-UHFFFAOYSA-N,4.747250267880002
OCNT-2535319,WUECBLFZRORSQU-UHFFFAOYSA-N,4.739062135030002
OCNT-2535321,CMVNRHQLCUEETQ-UHFFFAOYSA-N,5.079072661610001
OCNT-2535322,SMHVCHUZLVAZBN-UHFFFAOYSA-N,4.865534955930001
OCNT-2535328,IHEQFDNRVDIHJW-UHFFFAOYSA-N,5.789827370490001
OCNT-2535329,NQBXPLXZRFRUJN-UHFFFAOYSA-N,5.603634637690001
OCNT-2535330,AKXGDNNWELLKMK-UHFFFAOYSA-N,5.821741864830002
OCNT-2535331,GEAVQABWXNCJED-UHFFFAOYSA-N,5.301809860110001
OCNT-2535333,ICMMMWUIZMXUGY-UHFFFAOYSA-N,4.9795916518
OCNT-2535334,ZCNXIPJDCBLBRL-UHFFFAOYSA-N,5.660149642579998
OCNT-2535335,TZBJSUXIGJPKMR-UHFFFAOYSA-N,5.791678136800003
OCNT-2535336,XEKGCYVFUFFQSH-UHFFFAOYSA-N,5.597389095459999
OCNT-2535337,PXAVNFBONRBCOY-UHFFFAOYSA-N,5.32207013143
OCNT-2535338,WIWKFYCRXKXNRW-UHFFFAOYSA-N,5.747058557199999
OCNT-2535339,GVHDPEGPHMMDBI-UHFFFAOYSA-N,5.718789658240004
OCNT-2535340,DZBHMPCEIYOINT-UHFFFAOYSA-N,5.735077462700001
OCNT-2535341,BOGBICBVOWYGPR-UHFFFAOYSA-N,5.694894704329999
OCNT-2535342,XRKFKALKQHZYQH-UHFFFAOYSA-N,4.351851420470002
OCNT-2535344,LSYLHJZYAKFPPO-UHFFFAOYSA-N,4.88302358649
OCNT-2535346,LWCQUISMXAPNQX-UHFFFAOYSA-N,4.33497068098
OCNT-2535348,XZUGPFGCZDOSPK-UHFFFAOYSA-N,4.858298967850001
OCNT-2535351,VBGRXTHNCJGTQN-UHFFFAOYSA-N,5.23686463409
OCNT-2535352,DGVSRTOBSYVSPD-UHFFFAOYSA-N,5.059153792830002
OCNT-2535353,IZFCXBYXWOMUMW-UHFFFAOYSA-N,4.7725638798900025
OCNT-2535354,RDUREHFLQGXCTB-UHFFFAOYSA-N,3.984097850580001
OCNT-2535355,ZMGVXRUDVLUFFM-UHFFFAOYSA-N,4.37369521933
OCNT-2535356,QGBWHCLFLKQBOK-UHFFFAOYSA-N,3.8489055665299987
OCNT-2535357,AAOKSSGRLHMOLS-UHFFFAOYSA-N,3.020793337500001
OCNT-2535358,MUDGODBVZQYSCM-UHFFFAOYSA-N,4.355052710360001
OCNT-2535360,KNGAVEYDKBUPDQ-UHFFFAOYSA-N,5.846361385800003
OCNT-2535361,ISNNNHHNZAMUES-UHFFFAOYSA-N,5.840908434660003
OCNT-2535362,PWYSJWCEHZYKSB-UHFFFAOYSA-N,5.8485027132100065
OCNT-2535363,GWAUPHFDPBESNO-UHFFFAOYSA-N,5.0843382546600004
OCNT-2535364,OBDAAIBHXLZKIK-UHFFFAOYSA-N,5.375859488730002
OCNT-2535365,UQHJAGZUFVYRJV-UHFFFAOYSA-N,4.588856972669998
OCNT-2535366,FRWCDSBODDPUGW-UHFFFAOYSA-N,5.203612658870001
OCNT-2535367,ZUVQLYXIDIMUMH-UHFFFAOYSA-N,5.3872155221100035
OCNT-2535368,VPIKWUUHGOPUOP-UHFFFAOYSA-N,5.487178419590001
OCNT-2535370,BWZOXLFXXDNFKE-UHFFFAOYSA-N,3.716653808599999
OCNT-2535371,PBXGXPAYWVQDQK-UHFFFAOYSA-N,5.036188685830002
OCNT-2535372,KMTZXKMAAPFECJ-UHFFFAOYSA-N,5.946017613400001
OCNT-2535373,SWEIXRZLXUCCAB-UHFFFAOYSA-N,5.430819358049996
OCNT-2535374,WGOVVAHNYKAPCJ-UHFFFAOYSA-N,4.882139294420003
OCNT-2535375,SHKLCPADVSLIAN-UHFFFAOYSA-N,5.324318012829999
OCNT-2535377,MYMOKMLRZRZKMY-UHFFFAOYSA-N,5.304209598149998
OCNT-2535379,WAQXIKGHBGSXPV-UHFFFAOYSA-N,5.141906240689999
OCNT-2535380,NLTKFZLQCNEBSK-UHFFFAOYSA-N,5.447222725449999
OCNT-2535381,FBPFGWJEVYEFMD-UHFFFAOYSA-N,5.459909964669999
OCNT-2535382,NHMWJWODFPBDIM-UHFFFAOYSA-N,5.664833398729997
OCNT-2535383,ZNGPOOQENQJNDX-UHFFFAOYSA-N,4.87937242147
OCNT-2535384,XEPNYYFLRCYLKY-UHFFFAOYSA-N,4.21367317723
OCNT-2535385,NOASYIXQJJHBQC-UHFFFAOYSA-N,4.34320694515
OCNT-2535386,DECFOBOPWZEUFC-NFOMZHRRSA-N,4.32622759659
OCNT-2535388,CYDRFRYHBJCEJM-UHFFFAOYSA-N,4.2190693997399995
OCNT-2535389,FBUSTSSATAJVDQ-UHFFFAOYSA-N,5.699301236330002
OCNT-2535391,QOTOVYDLUWOYSI-UHFFFAOYSA-N,4.637537336700001
OCNT-2535393,HVYPDDQIDBTPSM-UHFFFAOYSA-N,5.0642548284399975
OCNT-2535394,AZQAKLANCJPMFX-UHFFFAOYSA-N,4.489015126870004
OCNT-2535397,QZZSCPKZZMSRQR-UHFFFAOYSA-N,5.299727845810002
OCNT-2535398,YOEFEAFRFSNRDZ-UHFFFAOYSA-N,5.38720391072
OCNT-2535399,FPJSXKSTUFDVEQ-UHFFFAOYSA-N,4.817594296529999
OCNT-2535400,XTXGLOBWOMUGQB-UHFFFAOYSA-N,4.31709494759
OCNT-2535401,NXFZCMYDZHWBPN-UHFFFAOYSA-N,5.185806135259997
OCNT-2535402,FQUFTVCPQSJFIO-UHFFFAOYSA-N,5.223686271889999
OCNT-2535403,QAHCCIYPFFPMQO-UHFFFAOYSA-N,5.041221671079999
OCNT-2535404,MSQXXBBHBNILIU-UHFFFAOYSA-N,4.7577445812800025
OCNT-2535405,LBTWHFVYVCJPDY-UHFFFAOYSA-N,3.739015017230002
OCNT-2535406,RCGSHNCCAXCFBG-UHFFFAOYSA-N,3.8509226985700007
OCNT-2535407,JOZNYWDUWPEPOS-UHFFFAOYSA-N,4.820095187379998
OCNT-2535408,GAIJWLNOPUVOQA-UHFFFAOYSA-N,4.436199804760004
OCNT-2535409,GLVYEJAJUNSCSG-ZDUSSCGKSA-N,3.9207647275300026
OCNT-2535410,UDZQACMOTGHBFF-WHUIICBVSA-N,4.003992620810001
OCNT-2535411,SBJUDQGWTGRCOS-UHFFFAOYSA-N,3.877816793640002
OCNT-2535412,BMLYWGFGQHCSOQ-UHFFFAOYSA-N,4.5414324862200015
OCNT-2535413,MJFUJWPSXJNGFP-UHFFFAOYSA-N,4.698408834190001
OCNT-2535414,FSNBLUCEASGXEI-UHFFFAOYSA-N,4.298637468300003
OCNT-2535415,JPXISSCEGJBZHC-UHFFFAOYSA-N,5.984617209219996
OCNT-2535416,FOCJWONFDVXFHW-UHFFFAOYSA-N,4.596697264780001
OCNT-2535417,HLKIFKKQUOTSJS-UHFFFAOYSA-N,4.3791418472000005
OCNT-2535418,OSGOAQVFZXVPBZ-UHFFFAOYSA-N,3.9087028513300015
OCNT-2535419,IZQNIAQCABSJTP-UHFFFAOYSA-N,5.00251288647
OCNT-2535420,QZRDFJCRLZNCPN-UHFFFAOYSA-N,4.865658253400002
OCNT-2535421,OJTZNYZIWIHPPC-UHFFFAOYSA-N,5.021641790110001
OCNT-2535422,SQVLKMQEOIPRGY-UHFFFAOYSA-N,5.071423387890002
OCNT-2535423,UXHBXSYNKYONDN-UHFFFAOYSA-N,5.091084455170002
OCNT-2535424,ZQYLZRZOVQVWSK-UHFFFAOYSA-N,3.869912603450002
OCNT-2535425,VBQOGIMKZOHJPM-UHFFFAOYSA-N,5.103148478690003
OCNT-2535428,RBETYTIKZNPUDP-UHFFFAOYSA-N,5.099048087410003
OCNT-2535430,BRQBDAGKMWDXBZ-UHFFFAOYSA-N,5.069449346950002
OCNT-2535431,UKUBHSNWKWEGCS-UHFFFAOYSA-N,5.102833648860002
OCNT-2535432,AJUISAAZXAINSV-UHFFFAOYSA-N,5.420159517330003
OCNT-2535433,RRLQTFFYDYQAEB-UHFFFAOYSA-N,5.396314378560003
OCNT-2535435,CGBRWURLLFCELN-UHFFFAOYSA-N,4.806182317680001
OCNT-2535436,SIRLKSMSEUTMAK-UHFFFAOYSA-N,5.420462816119998
OCNT-2535438,TTZISFZGDKKLFB-UHFFFAOYSA-N,5.872568593970002
OCNT-2535439,UFRHULSFWAOUGE-UHFFFAOYSA-N,5.236093694940001
OCNT-2535441,PDHQXDUBQZIXKW-UHFFFAOYSA-N,5.445740306969998
OCNT-2535442,OMXUVUJESQSBFF-UHFFFAOYSA-N,3.831411629880001
OCNT-2535443,TVLXRHKHOIQLFG-UHFFFAOYSA-N,4.164280671800002
OCNT-2535444,MXIXREIOWMHIHB-UHFFFAOYSA-N,5.3486843357900025
OCNT-2535445,KZGQIBIENJMMJO-UHFFFAOYSA-N,5.7721251369300015
OCNT-2535446,QNKZOHALSIKOGG-UHFFFAOYSA-N,4.463187295710002
OCNT-2535447,VKSYTAAUDUIAJS-UHFFFAOYSA-N,5.371326111420001
OCNT-2535450,IZRLYXSDUURUQV-UHFFFAOYSA-N,4.5293469473300005
OCNT-2535451,PAEOFPRSRSRSST-UHFFFAOYSA-N,4.4484587109200024
OCNT-2535452,OILYBUCYORVSNU-UHFFFAOYSA-N,5.617817533850004
OCNT-2535454,OGDCZXVSGBQEND-UHFFFAOYSA-N,4.626923382550001
OCNT-2535460,AHGPUGNOBPVLGN-HVFKJYJOSA-N,3.8113444377400025
OCNT-2535461,QUVJUZYXSQGWFB-WGIUUAEBSA-N,4.749188149360001
OCNT-2535462,XFNRDHKLLKOGLQ-VNXPTHQBSA-N,4.941337108260002
OCNT-2535463,QKMHAXQDDXGVIL-KZMQIFKDSA-N,5.096079660900001
OCNT-2535464,OGVWWRHHLXLTMA-XHAYOOOLSA-N,5.124010407209998
OCNT-2535465,RQPHUVUBLSWRJU-RJPUVWTNSA-N,4.402481192810002
OCNT-2535466,RVDIXDKVKBHDOZ-RIJFORKLSA-N,5.460871723450001
OCNT-2535467,GGYFXVVOEHYTQZ-HIDCPEKUSA-N,4.707621371970001
OCNT-2535468,JOBOJJDANUYXJK-GFWLXOEUSA-N,5.4009432246500015
OCNT-2535469,LWFCHJCJKHVUIA-VUOSCMKMSA-N,5.07345685893
OCNT-2535471,UKCAZHRMWOHLFQ-ZRNAQANOSA-N,5.136365612750001
OCNT-2535473,SPYDUYOFQJNSFT-UHFFFAOYSA-N,5.004273808989999
OCNT-2535474,FSWGWWWYPIFJIM-UHFFFAOYSA-N,5.613290201629999
OCNT-2535475,PMBKCNGYNQSXRW-UHFFFAOYSA-N,5.632250492979999
OCNT-2535477,SWZPUBDKJLZFAB-UHFFFAOYSA-N,5.77085374943
OCNT-2535479,CETCOIXUUZTGDH-UHFFFAOYSA-N,5.764948688820002
OCNT-2535482,UUNXUCVNDXSLNL-UHFFFAOYSA-N,4.172839650330002
OCNT-2535486,VFRVNEHAMSLQNP-UHFFFAOYSA-N,5.391738728990001
OCNT-2535489,VTLFDKXGCFMBGH-UHFFFAOYSA-N,5.319734493200001
OCNT-2535491,NKNZGJBWIMQANB-UHFFFAOYSA-N,5.638957935119999
OCNT-2535492,CUNJKOVWRYTGIN-UHFFFAOYSA-N,5.451140970140002
OCNT-2535493,IRSOKLHQDCQHTL-UHFFFAOYSA-N,5.6146803400600005
OCNT-2535494,VOMKYYPGNGBDGC-UHFFFAOYSA-N,5.761786510140001
OCNT-2535495,WYWVZVAYHAEISY-UHFFFAOYSA-N,5.69149825172
OCNT-2535496,WJCCOFSTBUGCPR-UHFFFAOYSA-N,5.648371688919999
OCNT-2535497,MVWWCAXQDZBEKQ-UHFFFAOYSA-N,5.53623397158
OCNT-2535498,OONHUIJZWVUGQD-UHFFFAOYSA-N,5.43518547147
OCNT-2535499,YTCWQXKCZPKNIM-UHFFFAOYSA-N,5.2112881237
OCNT-2535501,HEAHZRJGYCCVPL-UHFFFAOYSA-N,5.1743386544400005
OCNT-2535502,VRGQUHMHMWMMIO-UHFFFAOYSA-N,4.986625650990002
OCNT-2535505,WXJDGUQDVIHQBV-UHFFFAOYSA-N,5.260065794390001
OCNT-2535507,ASPOCJXGJJQSQE-LLVKDONJSA-N,4.72143996147
OCNT-2535509,CJOSMYTWIBGINT-UHFFFAOYSA-N,5.206881972279999
OCNT-2535510,GZLYFBQUIOGBDE-UHFFFAOYSA-N,5.485983269130002
OCNT-2535511,NFGGLBRCMMWYJY-UHFFFAOYSA-N,4.582667647109999
OCNT-2535513,XPKQPEGJZMZRBA-UHFFFAOYSA-N,4.43154293318
OCNT-2535514,NRSSWXDHHIECHM-UHFFFAOYSA-N,5.1202741539100005
OCNT-2535516,KUDWKUFURSFSJL-UHFFFAOYSA-N,4.8126387142
OCNT-2535517,OXRVVZFSAUNGDY-UHFFFAOYSA-N,5.242456135090001
OCNT-2535518,LGAAMUFWYIESPQ-UHFFFAOYSA-N,5.130743510040002
OCNT-2535519,IEQWNXZBGUGNNG-UHFFFAOYSA-N,5.847663437549999
OCNT-2535520,QLDUMQHLVQSFJU-UHFFFAOYSA-N,5.651509054679999
OCNT-2535521,DUHXDIDGFSUWJS-UHFFFAOYSA-N,4.1936582944
OCNT-2535522,UYYOQMHJNVHBOI-UHFFFAOYSA-N,4.87956598927
OCNT-2535523,IBFHENRKLHIACR-UHFFFAOYSA-N,4.009961525840001
OCNT-2535524,KNZOSALJKRZREA-UHFFFAOYSA-N,4.61935968119
OCNT-2535529,JKGUWXHDDVUFDQ-UHFFFAOYSA-N,5.686822403890003
OCNT-2535530,OIMYVFKAAORUSX-UHFFFAOYSA-N,5.260043761579999
OCNT-2535531,PDQJLWJVQZINJW-UHFFFAOYSA-N,4.362289970270002
OCNT-2535533,CGXJQNIBUILKHP-UHFFFAOYSA-N,4.667133956470002
OCNT-2535534,UEJLENUDLJDDCQ-UHFFFAOYSA-N,4.838668197970003
OCNT-2535536,MJULYVWFVHPYOK-UHFFFAOYSA-N,5.7456316151
OCNT-2535537,CDHXVHJOSNONTE-UHFFFAOYSA-N,5.433375081349999
OCNT-2535538,AXXBNPYZYMTTDD-UHFFFAOYSA-N,5.3805868728999995
OCNT-2535539,WPHUJGOUOZPWGC-UHFFFAOYSA-N,5.874549866940002
OCNT-2535540,PJBBPZUOXMVBGM-UHFFFAOYSA-N,5.844579619680001
OCNT-2535541,NSIHAZMQGXAMJI-UHFFFAOYSA-N,4.864737842950001
OCNT-2535543,KVTMJSLAIYWPFK-UHFFFAOYSA-N,4.6951756754
OCNT-2535545,HEQILIHBMVATFY-UHFFFAOYSA-N,5.626989843080005
OCNT-2535547,QAYKGARWIMDBCY-UHFFFAOYSA-N,5.001241092309999
OCNT-2535549,SEIPXTQBZWGTMU-UHFFFAOYSA-N,5.432393115910002
OCNT-2535550,GGQNCTRLLKCMLM-LLVKDONJSA-N,4.47004006745
OCNT-2535551,ZZCTYRLJKBBNHT-UHFFFAOYSA-N,5.07217328744
OCNT-2535552,XAPMDMIYUPCJOP-UHFFFAOYSA-N,5.6238421419
OCNT-2535554,XTWCXVCCEWOSNH-UHFFFAOYSA-N,5.082233391069998
OCNT-2535555,OGDXWUYRZVGURY-UHFFFAOYSA-N,5.4487755272300005
OCNT-2535556,UHNOQEIMMMIKDG-KRWDZBQOSA-N,5.10314434743
OCNT-2535557,LZZLJQWRSKMQMX-UHFFFAOYSA-N,5.189990559139999
OCNT-2535559,IKMMRTDWOWYUQN-UHFFFAOYSA-N,5.2353803582900005
OCNT-2535560,BMGVQTUPKNPSSW-UHFFFAOYSA-N,4.879103228220002
OCNT-2535563,BIIDUTRIXMOTDH-UHFFFAOYSA-N,4.5119525875500015
OCNT-2535564,JQGBNTLYTQELFB-UHFFFAOYSA-N,6.0780044991599995
OCNT-2535565,VXDCYZBVHBMOOK-IBGZPJMESA-N,5.708888170960002
OCNT-2535566,VXDCYZBVHBMOOK-LJQANCHMSA-N,5.708888170960002
OCNT-2535567,OEPIHANONNHMIE-UHFFFAOYSA-N,4.76232111094
OCNT-2535569,TUUPNQAXRIADQY-UHFFFAOYSA-N,4.51105905078
OCNT-2535572,JKDXJPZIACJBTM-UHFFFAOYSA-N,4.954792636449999
OCNT-2535573,DHIODPBJMYLUQH-UHFFFAOYSA-N,4.859537508329998
OCNT-2535574,JQHCHHDQTVUKIS-UHFFFAOYSA-N,4.466074049059999
OCNT-2535576,UQPFUHRCFWVGOQ-UHFFFAOYSA-N,5.012414208980001
OCNT-2535577,VKBGDNSTFIYJRU-UHFFFAOYSA-N,5.6259533011600045
OCNT-2535578,MYLDNWDULMBTAK-UHFFFAOYSA-N,3.9672132731400027
OCNT-2535579,ZLFAIQGHKPFLLF-UHFFFAOYSA-N,5.035440904050001
OCNT-2535581,BIARALUSFDYYBK-UHFFFAOYSA-N,5.218645322450002
OCNT-2535582,ZRYRYSZIVIUSQK-UHFFFAOYSA-N,4.951400114929999
OCNT-2535583,OIXWVLVYLBMTPP-UHFFFAOYSA-N,5.03867387064
OCNT-2535584,YQVIOHWFDXKKCF-UHFFFAOYSA-N,5.141629538210003
OCNT-2535585,PLWGTEPFFAFSNK-UHFFFAOYSA-N,5.120265487090003
OCNT-2535586,SUUBBRAIMMIKJS-UHFFFAOYSA-N,5.106982588600003
OCNT-2535587,MQDNXQXDFDMRTR-UHFFFAOYSA-N,5.162702481500003
OCNT-2535588,LPZGJDHZXHWFKL-UHFFFAOYSA-N,5.144898174200002
OCNT-2535589,DXQZQTGBCDFXJN-UHFFFAOYSA-N,5.30520659669
OCNT-2535590,JMEVYSUMMPPCNK-UHFFFAOYSA-N,5.214267523280001
OCNT-2535592,SPMCZRVDSHKPHZ-UHFFFAOYSA-N,5.129230780240002
OCNT-2535593,QORPNJUHQFNFAO-UHFFFAOYSA-N,5.133749697110002
OCNT-2535596,PGZDULVGIFEKJO-UHFFFAOYSA-N,5.438500133599998
OCNT-2535597,CIKYTJVUIFDYBQ-UHFFFAOYSA-N,5.122518494740001
OCNT-2535598,PTRNIWLUYYNJPG-UHFFFAOYSA-N,4.456970673530001
OCNT-2535599,DBKQNLOMLAQNIS-UHFFFAOYSA-N,5.19301264897
OCNT-2535600,JTSBSXZVHCIHLI-CYBMUJFWSA-N,5.098283428070001
OCNT-2535601,GEFUIQKFYGBVRF-UHFFFAOYSA-N,5.12339945051
OCNT-2535602,PZNNPXHBWSCTTO-UHFFFAOYSA-N,5.283102626080002
OCNT-2535603,CUFPYJFLBNZMOA-UHFFFAOYSA-N,4.770221580170001
OCNT-2535605,DQHOPQPJUVXCQP-UHFFFAOYSA-N,5.224865352329999
OCNT-2535606,HACCLFSUZUAKGP-UHFFFAOYSA-N,5.155268459299999
OCNT-2535607,CKXVFIPITDNXJD-UHFFFAOYSA-N,4.73630264734
OCNT-2535611,MAPJHDPXQXFZKP-UHFFFAOYSA-N,5.306577367210001
OCNT-2535612,ROSOUTDABWNWNG-UHFFFAOYSA-N,5.35531735363
OCNT-2535614,BNTNTTDFRWQZSX-UHFFFAOYSA-N,5.463321503850002
OCNT-2535616,NNSHXSLVAWXCRS-UHFFFAOYSA-N,5.491195941610003
OCNT-2535617,ASONSTZFKYORPI-UHFFFAOYSA-N,5.174396952809999
OCNT-2535618,GMSGUDRQGQFXOP-UHFFFAOYSA-N,5.566641971860001
OCNT-2535619,RNRNGFWNMPQBSY-UHFFFAOYSA-N,5.448353836580002
OCNT-2535620,AMPWWLIMOOMKAQ-UHFFFAOYSA-N,5.498143188430003
OCNT-2535621,QHEWAGFBUXKCTM-UHFFFAOYSA-N,5.514110432930002
OCNT-2535623,JJYWLFQRQOTSKA-IUCAKERBSA-N,4.168070204840001
OCNT-2535624,IYCLSQIPWSQNIF-UHFFFAOYSA-N,4.97794820028
OCNT-2535625,ODSYZVWQYJLMAW-UHFFFAOYSA-N,4.75694908804
OCNT-2535626,ZPNQUHVMHVNRCK-UHFFFAOYSA-N,4.616664905329999
OCNT-2535627,PXARPJQYVTVYOH-UHFFFAOYSA-N,4.9728660190200005
OCNT-2535630,KVPAMEMYQLETCL-UHFFFAOYSA-N,5.298767536230002
OCNT-2535632,DILHJKQJIRRSPN-UHFFFAOYSA-N,5.340340841650001
OCNT-2535634,GNWYBOAPRZJEJI-UHFFFAOYSA-N,5.696304265860002
OCNT-2535635,RFLYDQLJNTUTAF-UHFFFAOYSA-N,4.788010808889997
OCNT-2535638,JBUMYJJTMDCCOX-UHFFFAOYSA-N,3.9673418071900017
OCNT-2535639,ALWDRGAHNVDCTR-UHFFFAOYSA-N,3.6210786947499995
OCNT-2535640,XXGXHKARXLHQMT-UHFFFAOYSA-N,4.222492419640001
OCNT-2535642,DUVCDNFPERLZRI-UHFFFAOYSA-N,4.061211908580001
OCNT-2535643,UPPVEVGLQBMBBV-UHFFFAOYSA-N,4.492016083840001
OCNT-2535644,FYBARWQRIIGYFV-UHFFFAOYSA-N,5.0029403743800005
OCNT-2535645,PHWVFUZKPXFHHN-UHFFFAOYSA-N,5.706762307060003
OCNT-2535646,MCDMTZKCLHECNU-UHFFFAOYSA-N,5.399232873439998
OCNT-2535648,OMNJUTZGQKOEPZ-UHFFFAOYSA-N,5.264137215130002
OCNT-2535649,VQUDCUFYSLKRGD-UHFFFAOYSA-N,5.034890347380002
OCNT-2535650,OQMAXFFQKLMZJI-UHFFFAOYSA-N,5.059551407970002
OCNT-2535651,UWRJXBUQMYHCRA-UHFFFAOYSA-N,5.3338783327499995
OCNT-2535652,HTLOUMQRJPHKLH-UHFFFAOYSA-N,4.663456506060002
OCNT-2535653,IIZRSIBPQXZADI-UHFFFAOYSA-N,5.416175143859999
OCNT-2535654,NAPKFRKJFGJAFA-UHFFFAOYSA-N,5.027192202470001
OCNT-2535655,IXIORTXFXIMRGX-UHFFFAOYSA-N,4.5450842526500015
OCNT-2535657,KECHVMAHQAJKAO-UHFFFAOYSA-N,5.225706441310001
OCNT-2535658,NBVNOCVGFIHQIF-UHFFFAOYSA-N,5.46328533126
OCNT-2535659,KNFDVTMLZUPRKU-UHFFFAOYSA-N,5.302533452149999
OCNT-2535660,PVEVZCXYGQHBHJ-UHFFFAOYSA-N,5.238811220259999
OCNT-2535661,HARCRWKYGNXMLV-UHFFFAOYSA-N,5.17285804178
OCNT-2535662,CJSGMMLTXFAXPB-UHFFFAOYSA-N,5.131720443179998
OCNT-2535663,OFRPTPAADJOPPM-UHFFFAOYSA-N,5.34270000458
OCNT-2535664,VACWFTSNYCGOSP-UHFFFAOYSA-N,5.298837589570001
OCNT-2535665,VWWGWOGNHKPWNE-UHFFFAOYSA-N,5.26721843325
OCNT-2535666,LVFVQOFQOOLRJQ-UHFFFAOYSA-N,5.103805488660004
OCNT-2535667,BLMVIILCDNTTEE-UHFFFAOYSA-N,4.15741696847
OCNT-2535668,DACUBDAGRHAABD-UHFFFAOYSA-N,4.70574763482
OCNT-2535670,UUWMHEHPBUPKAP-UHFFFAOYSA-N,5.222454608879999
OCNT-2535671,JRAMMCXVHLQAHP-UHFFFAOYSA-N,4.942985269300003
OCNT-2535672,XFGAAZPALJLDKG-UHFFFAOYSA-N,5.0546641370500005
OCNT-2535673,PVGVRWLPMOYWEH-UHFFFAOYSA-N,5.4931584655900005
OCNT-2535675,RUOLLNNGVRSGNN-UHFFFAOYSA-N,5.483382273490001
OCNT-2535677,IVEIBVYQZUNAHX-UHFFFAOYSA-N,5.236837343710001
OCNT-2535679,LRBSZSOVEIBXRY-UHFFFAOYSA-N,5.365424610699998
OCNT-2535681,DRSRKEFMNUKDTA-UHFFFAOYSA-N,4.748270219580002
OCNT-2535683,CSTRDFXEVCRSAM-UHFFFAOYSA-N,4.448853036740001
OCNT-2535685,MGRICPSSZFRPCD-UHFFFAOYSA-N,4.761134767850001
OCNT-2535686,WYGJCBYIFAATAO-UHFFFAOYSA-N,3.813969060429999
OCNT-2535687,NZQNBNRENDLDML-UHFFFAOYSA-N,4.408681547400003
OCNT-2535688,UFSYAAOXXINHFF-UHFFFAOYSA-N,5.89845033726
OCNT-2535689,JBYVSGPXEKBQBZ-UHFFFAOYSA-N,5.9253670192
OCNT-2535690,HLZIGJDHLUTNLW-UHFFFAOYSA-N,5.711178180699997
OCNT-2535691,CMZPXMYQADBDAY-UHFFFAOYSA-N,4.656340094380003
OCNT-2535692,ODTKYEDYGZTROD-UHFFFAOYSA-N,5.35980752118
OCNT-2535693,QBYBLJHTEHMIGP-UHFFFAOYSA-N,5.622417365760001
OCNT-2535694,KWJSMLGDFNJFDG-UHFFFAOYSA-N,4.184025374240001
OCNT-2535695,OHDKEIMBJAPVQR-UHFFFAOYSA-N,4.775400261140002
OCNT-2535696,USSXXNFTIIOUDG-UHFFFAOYSA-N,5.117664933550001
OCNT-2535700,DIGRVLNWOITUJN-UHFFFAOYSA-N,4.72032570875
OCNT-2535701,GEYDCUDSXDUENK-UHFFFAOYSA-N,4.764862893960003
OCNT-2535702,RFADLVBLBNWYRW-UHFFFAOYSA-N,5.29974582089
OCNT-2535703,SPSHBGKJKWGKHH-INIZCTEOSA-N,3.5619966361
OCNT-2535705,HXVPFDWDSDTTSE-UHFFFAOYSA-N,5.4297199688600015
OCNT-2535706,DZDXENYZKRWWPA-UHFFFAOYSA-N,3.8087374868699997
OCNT-2535708,RWFMTTFMSFTYDP-UHFFFAOYSA-N,5.327364039729998
OCNT-2535712,ROEIPZQYACJARQ-UHFFFAOYSA-N,5.44238450274
OCNT-2535713,BCOJQNDYKGDSKW-UHFFFAOYSA-N,5.384628230009998
OCNT-2535715,RYXWZOWLCANEOY-UHFFFAOYSA-N,4.83460140106
OCNT-2535717,HUGNWMRXMYQMAD-UHFFFAOYSA-N,5.34283620255
OCNT-2535720,DOMSXLVTHIWDNG-UHFFFAOYSA-N,4.520406961470004
OCNT-2535724,YMRPNHDRNWAFJV-UHFFFAOYSA-N,4.765281291770003
OCNT-2535725,HGUJPLVJHNCGPO-UHFFFAOYSA-N,5.401355405049999
OCNT-2535726,DZEYODOFDOXEBZ-UHFFFAOYSA-N,5.585371170869999
OCNT-2535728,AGKPKQIXODEXMV-UHFFFAOYSA-N,5.404170197039998
OCNT-2535729,DCNQMYDCNBYKNX-UHFFFAOYSA-N,5.50139128215
OCNT-2535730,BLUQTPIYVZRMCH-UHFFFAOYSA-N,5.582850308739999
OCNT-2535731,SYGNILDAYOGBAE-UHFFFAOYSA-N,4.89820854291
OCNT-2535732,XYNADGGLDALKBZ-UHFFFAOYSA-N,5.202603351760001
OCNT-2535733,JDKQFMVTCMWQJY-UHFFFAOYSA-N,5.553053151670001
OCNT-2535734,YJEZLCBPSMHHEI-UHFFFAOYSA-N,5.5629190258
OCNT-2535736,NJFMBQGRCMUABM-UHFFFAOYSA-N,5.609722531569999
OCNT-2535737,KUBKVEWRTKQMEO-UHFFFAOYSA-N,5.354965006229998
OCNT-2535738,XTMPNZLSNOJPCM-UHFFFAOYSA-N,4.441665539270003
OCNT-2535739,KIYHLOCUJAIDOX-UHFFFAOYSA-N,5.435286100049998
OCNT-2535740,XOLWPVSAEUFQJI-UHFFFAOYSA-N,5.56586604168
OCNT-2535741,DTPDRVISUIINAK-UHFFFAOYSA-N,5.513126117059999
OCNT-2535744,GHKDUBULJOTSMF-UHFFFAOYSA-N,5.191645834769995
OCNT-2535745,SDXKHDJDJZBWJN-UHFFFAOYSA-N,5.338707801939998
OCNT-2535746,SCGUSKMJDDLFPT-UHFFFAOYSA-N,4.6213453163099985
OCNT-2535747,ZYXJEDLTPGIXRH-UHFFFAOYSA-N,5.50892148344
OCNT-2535748,ZXXIGCQOYSVQBE-UHFFFAOYSA-N,5.178613213130002
OCNT-2535749,DFKUWBZCRWBFBD-UHFFFAOYSA-N,4.818852581900001
OCNT-2535750,LEBZWCJYLFQIKX-UHFFFAOYSA-N,5.2734433564100005
OCNT-2535751,XJBRIKMVJPSFNO-UHFFFAOYSA-N,5.066126625919999
OCNT-2535753,HPHMKNZBEMPYIM-UHFFFAOYSA-N,5.4890295915000005
OCNT-2535754,QDNGMDMPPXVWJW-OAHLLOKOSA-N,4.231675932670001
OCNT-2535755,SYTRDJXUBLVVSS-SFHVURJKSA-N,4.4511398802099995
OCNT-2535757,WKYHEHGKKDLBRU-UHFFFAOYSA-N,5.357652013419997
OCNT-2535759,CDQCUPVHZNEFQP-UHFFFAOYSA-N,4.55760206848
OCNT-2535760,LYOAVHYUUXMMEH-UHFFFAOYSA-N,5.066148268109999
OCNT-2535761,KDDXXHDAXWIDFL-UHFFFAOYSA-N,5.276007290900002
OCNT-2535762,SJOFEAYJCSETSO-UHFFFAOYSA-N,5.729689861290003
OCNT-2535763,LTUDQJFGRMACGP-UHFFFAOYSA-N,5.381366465850001
OCNT-2535764,GUXDQSOLXUVFEX-UHFFFAOYSA-N,5.281218957019998
OCNT-2535765,DTRMTQCFCBDOGO-UHFFFAOYSA-N,4.791802826360001
OCNT-2535766,JXCHQUUVGOJRKJ-UHFFFAOYSA-N,5.22369200224
OCNT-2535767,QTYUBSTUSLGHAD-UHFFFAOYSA-N,5.091451622170001
OCNT-2535768,DZFXOMRXESENLI-UHFFFAOYSA-N,5.15460210772
OCNT-2535769,OBDRTDABZZJYNV-UHFFFAOYSA-N,5.272012022079998
OCNT-2535770,RXZOPUPVNNGHNG-UHFFFAOYSA-N,5.109509925820001
OCNT-2535771,GFLBMXPEJCZAIQ-UHFFFAOYSA-N,5.214607487080003
OCNT-2535772,LUELAUJTIDGOGT-UHFFFAOYSA-N,5.07168310499
OCNT-2535773,JPSHHOVFBYETDT-UHFFFAOYSA-N,5.080023053310003
OCNT-2535774,NBFPPDSKRLSWEK-UHFFFAOYSA-N,4.62413012296
OCNT-2535775,PVGFAMHQHVOWIM-UHFFFAOYSA-N,4.9676361923200005
OCNT-2535776,MCTRZKAKODSRLQ-UHFFFAOYSA-N,5.5165905316099995
OCNT-2535777,CKXAAXUYRZNYJP-UHFFFAOYSA-N,4.006032290469997
OCNT-2535778,VFQXEYKTWNRSQE-UHFFFAOYSA-N,5.533752055939999
OCNT-2535779,JQYVYWKGLKWXMU-UHFFFAOYSA-N,4.003833138519998
OCNT-2535780,MLOXWFJWKSNEFB-UHFFFAOYSA-N,4.408724371399999
OCNT-2535785,ZVYVOMJOBMQXDF-UHFFFAOYSA-N,5.40624985991
OCNT-2535786,BIZWRKPRTALEGZ-UHFFFAOYSA-N,5.544243309270001
OCNT-2535787,YLHGXCNUHMCAAZ-UHFFFAOYSA-N,4.338874029110003
OCNT-2535788,DLHHFYXNVIMXSY-UHFFFAOYSA-N,4.8648527893599995
OCNT-2535793,HFQKXZJLNCTZKT-LDCVWXEPSA-N,4.856635085250002
OCNT-2535795,LNATUTXDDFFCAO-UHFFFAOYSA-N,4.934704083590002
OCNT-2535797,SPYQSXKSVXZMGL-UHFFFAOYSA-N,5.318826501190001
OCNT-2535799,NPYMTVWOEKCYBC-UHFFFAOYSA-N,5.6298282093199985
OCNT-2535801,ONFHJCDDZWRYCM-UHFFFAOYSA-N,5.438968045990001
OCNT-2535802,FTBFYEZBFASXNM-UHFFFAOYSA-N,5.540957981619999
OCNT-2535804,LKHMLRTWBDHNIT-UHFFFAOYSA-N,5.166241941639998
OCNT-2535805,RBJSXJXXKINGKA-UHFFFAOYSA-N,5.616038429319999
OCNT-2535808,PGPXIARBWTYIGW-UHFFFAOYSA-N,5.362778244229998
OCNT-2535809,FZTBDZWEDOVRFP-UHFFFAOYSA-N,5.654691738469999
OCNT-2535810,MEQMJZOEHYDCQO-UHFFFAOYSA-N,4.009496546880001
OCNT-2535811,MEPRZRJWPNAIHY-UHFFFAOYSA-N,4.65476419544
OCNT-2535812,VCFQFPHACUNRAC-UHFFFAOYSA-N,4.771849321850001
OCNT-2535813,HKIGXXRMJFUUKV-UHFFFAOYSA-N,4.802324319080001
OCNT-2535814,FRFKEOSMRYMHPT-UHFFFAOYSA-N,4.61231536452
OCNT-2535815,IUUBNJJLZBNSNC-UHFFFAOYSA-N,4.023820100600001
OCNT-2535816,GWWARNAMYLWFAV-UHFFFAOYSA-N,4.890819638199999
OCNT-2535817,OTTWXFWSWWLTQO-UHFFFAOYSA-N,5.082069740300002
OCNT-2535819,YUECIVDTKKYMID-UHFFFAOYSA-N,4.9794699003000025
OCNT-2535820,PMFHBNLDQVCDDX-UHFFFAOYSA-N,4.681816274280003
OCNT-2535821,IHQFZWWKWCJFSI-UHFFFAOYSA-N,4.990954331690002
OCNT-2535823,QOXBOCMHNFGBOB-UHFFFAOYSA-N,4.855014315540001
OCNT-2535824,DWQNAARBDYKTBP-UHFFFAOYSA-N,5.063498398029999
OCNT-2535825,BOGABBQKWLODMY-UHFFFAOYSA-N,5.041960689750001
