Molecule_Name,inchikey,CYP1A2_pIC50_direct_inhibition,CYP3A4_pIC50_direct_inhibition
OCNT-0010024,IGQPNWMJMSQCKW-UHFFFAOYSA-N,5.153307859140513,3.2927501806243855
OCNT-0491471,BVDAFZWKMQCHRT-GASCZTMLSA-N,5.218581769098236,3.0936627584976266
OCNT-0493952,ZCTSQCRTBXPIIU-UHFFFAOYSA-N,5.513321919397957,4.937647841016551
OCNT-0495173,VSDUZFOSJDMAFZ-UHFFFAOYSA-N,4.69309008945552,3.2113312139030397
OCNT-0495806,VBZCKONYGSQXHT-UHFFFAOYSA-N,5.611591401231143,5.345144250313575
OCNT-0496981,RWZAIHHFBKOVIK-UHFFFAOYSA-N,5.128910717908836,4.517028084269154
OCNT-0497785,AZVFIZVKGSPGPK-UHFFFAOYSA-N,5.184065500064865,4.805636404380578
OCNT-1498525,UAODYKLBUMXKDC-UHFFFAOYSA-N,4.513364042415671,2.1640487229457435
OCNT-2148029,PFDUUKDQEHURQC-UHFFFAOYSA-N,4.433195914596592,2.118656565650975
OCNT-2308485,QKKYGDCZJOIAFV-UHFFFAOYSA-N,5.070693936365386,5.366956398850333
OCNT-2311186,SUWHYBSBFPCCEY-UHFFFAOYSA-N,5.627777404828981,4.463562662852932
OCNT-2312792,HTRUARZJVGTQQJ-UHFFFAOYSA-N,5.362293669940488,4.6704849058373625
OCNT-2314689,POYOHGUZGSPOTJ-UHFFFAOYSA-N,4.913193708561734,4.9100276106693075
OCNT-2461740,JROSDBYIFZWPBP-UHFFFAOYSA-N,5.140123486105518,5.329888528217233
OCNT-2469049,KFDFCBXHWBWRNM-UHFFFAOYSA-N,4.7111861016114425,5.921440781062177
OCNT-2534775,UNEGPCMGWWRHKL-UHFFFAOYSA-N,5.518759151781901,5.369540411133164
OCNT-2534776,DTROWYMYRYMVJD-UHFFFAOYSA-N,5.306657749395207,4.8921956668962565
OCNT-2534778,RTTAKMJWURYDOX-UHFFFAOYSA-N,5.581956348361382,6.093757404496051
OCNT-2534781,OAHSXVGSCRPCIB-UHFFFAOYSA-N,5.249147028045816,4.681117662090279
OCNT-2534782,JQUYLQUXHQTSLJ-UHFFFAOYSA-N,5.055783198036186,3.437253971837564
OCNT-2534783,ZNNCRYGBHWLYAV-UHFFFAOYSA-N,4.9334509834753115,3.4901134030384737
OCNT-2534784,FPQZQXQHMQNGET-UHFFFAOYSA-N,4.995408057586247,3.456991995659531
OCNT-2534785,JOWAYMDGQTWWHN-UHFFFAOYSA-N,4.973730442851155,4.483261260495548
OCNT-2534787,XZFFLONOQSCQJY-UHFFFAOYSA-N,4.728672583197675,3.5809544484711457
OCNT-2534798,IAZVKDJIAPRDEN-UHFFFAOYSA-N,5.139342955040262,5.571031083886631
OCNT-2534799,MBJGHBFUQMRCCD-UHFFFAOYSA-N,5.589242864227148,5.614344293117629
OCNT-2534800,ZTMKRDWIDMDAMP-UHFFFAOYSA-N,5.504630369534214,5.525401412443944
OCNT-2534803,LZSBQYVBPJVTDR-UHFFFAOYSA-N,4.769909537511044,4.731781106994789
OCNT-2534805,FCDPQNPPXSHIHC-UHFFFAOYSA-N,5.667088162984586,4.808861769682652
OCNT-2534806,IJJJSXKYIBNCKO-UHFFFAOYSA-N,5.3939733230597655,4.10192917019994
OCNT-2534808,DEQIHGMZJVGRHC-UHFFFAOYSA-N,4.706257774782224,2.7744526004097696
OCNT-2534809,PRSDKLCCMIAKDL-UHFFFAOYSA-N,5.123334668488413,5.184377923050131
OCNT-2534810,VXSHODCKRGPEBG-UHFFFAOYSA-N,5.2950859544085915,5.002633597491804
OCNT-2534811,CGKIUZNBBOMYDJ-UHFFFAOYSA-N,5.472209741414279,5.910201450460615
OCNT-2534813,XMROZLFGOWMJCM-UHFFFAOYSA-N,4.695767611525705,4.547185903476865
OCNT-2534822,RIXSOVONJREYAF-UHFFFAOYSA-N,4.526505126117548,3.6418744263561167
OCNT-2534823,ZNTPEPKSNUYNNJ-UHFFFAOYSA-N,5.643874285340294,6.017366030852337
OCNT-2534824,RWBHGILWKADMCW-UHFFFAOYSA-N,5.348280177625201,5.423623637064773
OCNT-2534827,TYHYAYIZVRSKSV-UHFFFAOYSA-N,5.453870506529858,5.616440209611903
OCNT-2534828,WWHJMKBJCUIJPI-UHFFFAOYSA-N,5.183710291149451,5.160292475334907
OCNT-2534829,WMDAVRBLCPLCCG-UHFFFAOYSA-N,4.204965041391698,2.0302178872954117
OCNT-2534831,CIIDVXHWUXRQNL-UHFFFAOYSA-N,3.821304809283076,4.290177461308849
OCNT-2534832,OBPBFJWWESYCFK-UHFFFAOYSA-N,4.85739480964392,3.5438075333783456
OCNT-2534833,SSETYIYNGPJINE-UHFFFAOYSA-N,5.481451789511734,4.86337782631061
OCNT-2534834,HLDATVJVNDAGEQ-UHFFFAOYSA-N,5.329457401785068,5.027994878265904
OCNT-2534835,HGLWNLJIXWELDY-UHFFFAOYSA-N,5.462018030043274,5.84462155220347
OCNT-2534836,OZOCKPMOXMRTQS-UHFFFAOYSA-N,5.563630796587126,4.7047947017350475
OCNT-2534837,TXOIOLMCDDZPAY-UHFFFAOYSA-N,5.477526930570437,5.11815846023031
OCNT-2534838,ZEOORVXZMSOMIO-UHFFFAOYSA-N,5.563630796587126,4.696040446296509
OCNT-2534839,XWQPJLDOLIAXHP-UHFFFAOYSA-N,5.592840896508716,4.28553991696227
OCNT-2534840,CUZZVFPEHLVHLZ-UHFFFAOYSA-N,4.995518848106504,4.467532045328972
OCNT-2534843,MPZHTOYCIOMTIL-UHFFFAOYSA-N,5.052146537057126,4.4581088269716505
OCNT-2534844,MAHOIISEFZBESO-UHFFFAOYSA-N,4.626945966067593,2.9579908299586317
OCNT-2534845,GNVHWMXNNLBJMM-UHFFFAOYSA-N,5.7472707651944095,4.9191884924030775
OCNT-2534847,IGGYFCLLKDVTBR-UHFFFAOYSA-N,5.556814723658488,6.076677972748028
OCNT-2534850,GAHPJTQJDZYREJ-UHFFFAOYSA-N,4.535360584273281,4.582895021914427
OCNT-2534851,LXKNSOVTYMIYCD-UHFFFAOYSA-N,5.330259634472549,5.6786115430086985
OCNT-2534852,BEMSBFGZUAAOAU-UHFFFAOYSA-N,4.970479570749803,3.9208418171615405
OCNT-2534853,STZBYSMAMRGCEZ-UHFFFAOYSA-N,4.913611742077654,5.520831006068409
OCNT-2534855,LCLIPNKNAXUCSW-UHFFFAOYSA-N,4.850892640376237,4.386235774584433
OCNT-2534856,MIMIYUBTBVFAPU-UHFFFAOYSA-N,5.129664788509276,4.847952906064302
OCNT-2534857,OGHXXVWTXSKXMQ-UHFFFAOYSA-N,5.0149078770060225,4.321098891412652
OCNT-2534858,QIGKJXRNVAQVQK-UHFFFAOYSA-N,5.233512465895873,3.7294687472691073
OCNT-2534860,LIQMVPBHWGTWHP-UHFFFAOYSA-N,4.13402455819012,3.1794299666309946
OCNT-2534861,RPMVROJFYWMLMX-UHFFFAOYSA-N,3.851193867597662,2.6464185386765933
OCNT-2534862,VAIAQMGURVNNNV-UHFFFAOYSA-N,3.9747115193574944,2.855672956164612
OCNT-2534863,WNUYUWCIZOJUKT-UHFFFAOYSA-N,4.409569314908063,3.677250766761078
OCNT-2534864,AYSKARSLJDDKEB-UHFFFAOYSA-N,3.893177906252203,2.6867015845473308
OCNT-2534866,JVIGPSPMXDSCKO-UHFFFAOYSA-N,5.133605717358819,4.714258740426377
OCNT-2534867,BSZBIIDNFWSNFB-UHFFFAOYSA-N,5.201532572473334,5.159397726807872
OCNT-2534868,MZDHROKIJGVAAE-UHFFFAOYSA-N,5.485487222235146,5.338894608370501
OCNT-2534869,UWFBZHRKEFYFGA-UHFFFAOYSA-N,5.861645164648222,5.839557301100867
OCNT-2534870,QVLIHCKXHKNMKT-UHFFFAOYSA-N,4.9010981324043446,3.446160273317258
OCNT-2534871,LJIQDDOLGHWUHV-UHFFFAOYSA-N,4.99630514964194,5.5551209856193795
OCNT-2534872,WGELAGOQQCXWEI-UHFFFAOYSA-N,5.605761073637664,5.397655147887069
OCNT-2534873,ZIHODWCMPYGUQS-UHFFFAOYSA-N,5.43312502067956,5.697289853609131
OCNT-2534874,GURARNLILHYZHV-UHFFFAOYSA-N,5.517753401306666,5.61778332223004
OCNT-2534875,OOZUSHYHZBZTJU-UHFFFAOYSA-N,4.786664030581533,3.5573670687628187
OCNT-2534877,XXCRZZKYNGSUNJ-UHFFFAOYSA-N,4.396394288681928,3.382637488666882
OCNT-2534878,BJEFUMBSVAPULZ-UHFFFAOYSA-N,4.426308136675506,2.7782881669938644
OCNT-2534879,VCEMDYRCMKMZRO-UHFFFAOYSA-N,5.980956210791614,5.282096910861761
OCNT-2534881,FBDSZUWAAXYTPA-UHFFFAOYSA-N,4.3630108852528835,3.9898801961937753
OCNT-2534882,VISWIPSJSGOGBK-UHFFFAOYSA-N,4.366034057686209,4.592374449192443
OCNT-2534883,UTJJZKBWXLYEJU-UHFFFAOYSA-N,5.027430281366681,3.3051878063503493
OCNT-2534884,AYSQNMFURHMHBB-UHFFFAOYSA-N,5.305993839559372,3.770471656080018
OCNT-2534888,IIZBUHJUXGMBKV-UHFFFAOYSA-N,4.476645169225224,5.1629099859306375
OCNT-2534890,BTJTYYCNWKCYRL-UHFFFAOYSA-N,5.604122980415349,4.932106062259476
OCNT-2534891,BWCWXWNUSKHQPP-UHFFFAOYSA-N,5.729021746398692,5.167146077670777
OCNT-2534892,LYZZVXQURXMDLT-UHFFFAOYSA-N,4.329021663231999,3.0823618117946565
OCNT-2534895,LQSVFAVNYYMYFV-UHFFFAOYSA-N,4.504059987297125,4.785078920835085
OCNT-2534896,YSAHYXDWNHXYFO-UHFFFAOYSA-N,4.902435815949188,5.157110254811192
OCNT-2534899,UGTKWOXHHSBNNQ-UHFFFAOYSA-N,4.7996450910799675,3.253757176677581
OCNT-2534900,QEAFBOBEDNHPOQ-UHFFFAOYSA-N,5.377481737514444,3.4962240029117453
OCNT-2534905,OPGLWCBXMKVYNP-UHFFFAOYSA-N,5.633367277926621,5.481858009768464
OCNT-2534908,GFEFYPIXEGEYFW-UHFFFAOYSA-N,5.378360107845866,4.017812305894457
OCNT-2534910,ZWUWQQOBGUBFRY-UHFFFAOYSA-N,5.084263826436139,3.9845602927011656
OCNT-2534912,KGHVXBQQNNTFQD-UHFFFAOYSA-N,5.245143709165106,4.357777874889302
OCNT-2534913,WGRHNYMEVAMGGU-UHFFFAOYSA-N,4.362782637324565,4.448432069499258
OCNT-2534915,RKZDKVQYBMGUPX-UHFFFAOYSA-N,4.431256885308674,3.9764442998776013
OCNT-2534916,MHTNPZUPKMIADR-UHFFFAOYSA-N,3.5776795035524978,3.776989136522599
OCNT-2534919,KUYLBYOZSRYMDE-UHFFFAOYSA-N,4.408024796766951,4.363248963308895
OCNT-2534921,CHXPEHVXNPCPPL-UHFFFAOYSA-N,3.88553366761224,4.34135759489896
OCNT-2534922,LGVPXABYCVNIGO-UHFFFAOYSA-N,3.78775822060871,4.238795729257603
OCNT-2534924,SDILIUAHINFFTQ-UHFFFAOYSA-N,4.186843610346021,5.288356225239996
OCNT-2534925,MMBXAUHNKONKHN-UHFFFAOYSA-N,4.569190426718323,4.50826643705248
OCNT-2534927,ZOYAFJLWDPRSNH-UHFFFAOYSA-N,5.644126952541761,6.194954375623733
OCNT-2534928,LHABHVGSUWIBEN-UHFFFAOYSA-N,5.468846456954596,5.0963888257996715
OCNT-2534930,OYMCMPVXWOJFKA-UHFFFAOYSA-N,5.74230493102631,4.949352047991147
OCNT-2534933,GCVDBUCMAZYPHN-UHFFFAOYSA-N,5.686894750100191,4.876963573821727
OCNT-2534934,XNWKPSWPZRZZEG-UHFFFAOYSA-N,5.504924987131189,4.526858619794993
OCNT-2534935,GYXPIFORKYOIRC-UHFFFAOYSA-N,5.4752046642260055,5.0087081114371665
OCNT-2534937,RDUFLNBPDOYUBX-UHFFFAOYSA-N,5.80256243422659,5.763564880992743
OCNT-2534938,UWJUOLHIVJHENY-UHFFFAOYSA-N,3.453827372384603,4.310763407643566
OCNT-2534939,SREQUWGGTBLVPD-UHFFFAOYSA-N,3.7930821667285866,3.9900940424042473
OCNT-2534942,OPZJNMIUJYEZEY-UHFFFAOYSA-N,3.5776795035524978,3.5629244923520638
OCNT-2534943,VMYAXVMJYUZFSU-UHFFFAOYSA-N,3.8271686802521003,3.969085354875733
OCNT-2534947,XCDMBBULNJFIGX-UHFFFAOYSA-N,4.9073058290186635,5.449981397655476
OCNT-2534948,VWPFAROGGPSGFE-UHFFFAOYSA-N,4.636813363042456,5.236728527393642
OCNT-2534949,DIWSNIDUDLATBC-UHFFFAOYSA-N,5.1176991113758215,4.168909529097043
OCNT-2534950,BUTCFXVBIDYMNN-UHFFFAOYSA-N,4.900858560611285,3.6799798686087404
OCNT-2534951,XOECFOCWUYHDRE-UHFFFAOYSA-N,4.774684880237018,4.18950521847295
OCNT-2534952,RYRMMJFZGTYOFO-UHFFFAOYSA-N,4.566238048903899,3.576626379080208
OCNT-2534953,XTFGDCIGBUPFJP-UHFFFAOYSA-N,4.560503574752955,5.164813871396676
OCNT-2534954,WIKNYIQVSATYBE-UHFFFAOYSA-N,3.8114037654624324,3.4210791229615087
OCNT-2534955,WEXFQWFZXGNBNH-UHFFFAOYSA-N,5.133909687126504,3.3788163806469522
OCNT-2534956,HHYHPUZSEDXWSP-UHFFFAOYSA-N,4.597942251164422,3.7410934391221904
OCNT-2534958,FAMFOOKIXZRSML-UHFFFAOYSA-N,4.073484795912006,3.9391062500924465
OCNT-2534959,KJMGBBLWPJNINA-UHFFFAOYSA-N,5.285566123577353,4.0114030708028965
OCNT-2534960,WIEOTBLDNNKERH-UHFFFAOYSA-N,4.559504511992984,2.164737225884943
OCNT-2534962,BGKXIERSYNZZSL-UHFFFAOYSA-N,4.591601098600123,2.5446740594721917
OCNT-2534963,IVXXUQFKTNGTAE-UHFFFAOYSA-N,4.248424864660622,2.5956739120856653
OCNT-2534964,DLTPUYDVRZRAIQ-UHFFFAOYSA-N,3.8595384001416924,2.4450781748262806
OCNT-2534965,UFYWUAWJTBJSCP-UHFFFAOYSA-N,5.108088363256355,3.8108872487413716
OCNT-2534966,RNQLRSCPVMYOAQ-UHFFFAOYSA-N,4.741000093221553,5.111597437337427
OCNT-2534967,SDCOXSDXNHAZIK-UHFFFAOYSA-N,4.650312447924161,4.877368241559447
OCNT-2534968,ZQGXEEQNCMRNSH-UHFFFAOYSA-N,5.265905362127558,4.865930836418069
OCNT-2534969,UTDWDLUZCAEWPY-UHFFFAOYSA-N,4.775172675862065,4.102828328565761
OCNT-2534972,KSHSYDWVNPCRKV-UHFFFAOYSA-N,4.78824431164128,3.450133510489747
OCNT-2534974,RXGMQGHDTAIXIW-UHFFFAOYSA-N,4.307842740297846,4.8041269860319735
OCNT-2534975,BGTNQNZJIDNRHL-UHFFFAOYSA-N,4.263809081631211,2.623913422238897
OCNT-2534976,HABNUFGQZGZHKX-SNVBAGLBSA-N,4.794020527077868,2.578178460121476
OCNT-2534977,MOBBVWNAJFWTCA-UHFFFAOYSA-N,4.233069756908385,2.4880737978941796
OCNT-2534978,FADNYNMDTALVPK-UHFFFAOYSA-N,5.1351696178662545,2.919517699547328
OCNT-2534979,LKIMECLKXUAUEP-UHFFFAOYSA-N,5.075206700751871,3.332808599094142
OCNT-2534980,XBKQKFVSOVBHAG-UHFFFAOYSA-N,4.741845276756458,3.0239830608938156
OCNT-2534981,KPIHQYPRJADZIC-UHFFFAOYSA-N,5.181521513213601,4.065633121945972
OCNT-2534982,QSHIPBRGUIUHSP-UHFFFAOYSA-N,4.742513513478901,5.4146312862748305
OCNT-2534983,IYUMPCGGZOFGAD-UHFFFAOYSA-N,4.895495897408755,5.449636216522445
OCNT-2534984,FKHZWXJUCIODRH-UHFFFAOYSA-N,5.206487733191752,3.4964980366502765
OCNT-2534985,PTQXNWOOUQRPES-UHFFFAOYSA-N,4.751336970008241,3.4767117444246294
OCNT-2534986,FGKVMYYNESCBGL-UHFFFAOYSA-N,5.486887294179512,4.797153155757013
OCNT-2534987,XKVKAFVJMWVQJE-UHFFFAOYSA-N,5.57005419372419,4.789989656178054
OCNT-2534988,SYZGPVVYFXZESC-UHFFFAOYSA-N,5.193606574651422,5.153137585041712
OCNT-2534989,ZSOCAMZZPQUWPD-UHFFFAOYSA-N,5.633661241139374,4.428802287136875
OCNT-2534991,JUQNLDDJKUGUHV-UHFFFAOYSA-N,4.244119505147697,3.8628393776305363
OCNT-2534992,MQUNWRCDNFUFNA-UHFFFAOYSA-N,4.668224472630182,4.440188372508268
OCNT-2534993,OJBBKSIPRMVDMI-UHFFFAOYSA-N,4.7571679276544225,5.437376868213956
OCNT-2534995,AIMMSTIQRDLJKH-UHFFFAOYSA-N,4.753126271396001,3.2610688451194374
OCNT-2534996,JDPCINSMLVUFPO-UHFFFAOYSA-N,4.353032249986727,4.526096122122726
OCNT-2534997,ZRQYTHSVXXFAPY-UHFFFAOYSA-N,4.408359473039665,3.18835671190473
OCNT-2534998,RXOPBTLTFWZATL-UHFFFAOYSA-N,3.959874921809816,3.005849335175459
OCNT-2534999,NCKLLRVUAZAPDA-UHFFFAOYSA-N,4.793796459525242,3.4556034575662697
OCNT-2535000,COBKTOCKOIWELQ-UHFFFAOYSA-N,4.875523181477859,3.7347595648564695
OCNT-2535002,JUCHYYGJROZRNJ-UHFFFAOYSA-N,4.624740092040925,3.4457586213963194
OCNT-2535004,GMKRBYYYJIORSC-UHFFFAOYSA-N,4.635974705212676,5.228515654114311
OCNT-2535005,GKTWHVUWJJCKMR-UHFFFAOYSA-N,4.829743252107074,2.572420382067798
OCNT-2535006,XKTUHVPDMAHBQL-UHFFFAOYSA-N,5.547908882810919,4.5274158131366855
OCNT-2535007,DOZQLYDUDFQCPC-UHFFFAOYSA-N,4.81771818132241,5.141444798078318
OCNT-2535008,LUCAWVSGCYHHGJ-UHFFFAOYSA-N,5.258876990952363,4.250332665099012
OCNT-2535010,RBQGMKFHVNPIRY-UHFFFAOYSA-N,5.332472445451308,4.37107791795225
OCNT-2535011,OJIDMJWIQXQZTO-UHFFFAOYSA-N,5.10459621069786,3.6517002629391033
OCNT-2535012,PDCJUDSOQPEBFU-UHFFFAOYSA-N,5.9523640211924205,5.173811829483154
OCNT-2535015,SOIQSVFJYMUIGF-UHFFFAOYSA-N,3.896740667157924,3.947937083859748
OCNT-2535017,JYFWMKVLBXMHNH-SYGMWZTRSA-N,4.607133058388392,3.8952320148502624
OCNT-2535018,XUCZPLLMCHWUOL-UHFFFAOYSA-N,5.139036887116352,3.6187571387847295
OCNT-2535020,UMRSUGBDYLGYAF-UHFFFAOYSA-N,5.531599675849843,4.270534820537864
OCNT-2535021,TYGBTPIUHWDVFQ-UHFFFAOYSA-N,5.021107366575365,4.041197683590275
OCNT-2535023,XSMMQPAOHODKDX-UHFFFAOYSA-N,3.772076079988688,3.8680702698889027
OCNT-2535025,NIBUNRRIBLBRAZ-UHFFFAOYSA-N,5.233390766925098,4.164019618064055
OCNT-2535030,GCSPKOFKTNMIJM-UHFFFAOYSA-N,3.922905352502963,3.8349591605293725
OCNT-2535033,CIHLZCMPRMSNDX-UHFFFAOYSA-N,4.996795421380078,4.379298898169276
OCNT-2535034,VBQXROGKZCOCEX-UHFFFAOYSA-N,4.800772681783996,4.630262430666909
OCNT-2535035,BHBANQFMZFEGDV-UHFFFAOYSA-N,5.161829540523984,4.935957053881586
OCNT-2535036,JVNVATTZPWFATM-UHFFFAOYSA-N,4.9867024880920425,4.723145494053961
OCNT-2535037,XBVGLFBMQTTZIU-UHFFFAOYSA-N,5.466978958898579,4.976646685479762
OCNT-2535039,IKNANJFWYCRCKT-UHFFFAOYSA-N,4.8946061462311965,3.063330235439439
OCNT-2535040,BHNYBTUOTJMQOO-UHFFFAOYSA-N,4.817036409514326,3.935135906807571
OCNT-2535041,KEBAJQLCWJBELI-UHFFFAOYSA-N,4.999230860254164,5.392563577935771
OCNT-2535042,ZXKCOIQAOHWTEQ-UHFFFAOYSA-N,5.1237624902420755,4.6188221320259295
OCNT-2535044,GBIOCCDNIFFXFQ-UHFFFAOYSA-N,4.949480916473479,4.66188896118473
OCNT-2535045,ORQVCZZTVCFTRF-UHFFFAOYSA-N,5.016911950316653,4.657302659807739
OCNT-2535047,CRBSGBDDTDDCHV-UHFFFAOYSA-N,5.587705976918288,6.3675855565673825
OCNT-2535048,NZZRPJKQSXSGSV-UHFFFAOYSA-N,5.809651382749156,4.514528717002645
OCNT-2535049,RMZQMWLOHMIUCC-UHFFFAOYSA-N,3.8952654381524616,4.486387497685337
OCNT-2535050,XONRNTKMPVDEFH-UHFFFAOYSA-N,4.349491882457973,3.30650065013223
OCNT-2535051,WEZNBBCXUQWIEA-UHFFFAOYSA-N,4.616695176183929,4.642361772132537
OCNT-2535052,ZKZIMMAKAMEPAA-UHFFFAOYSA-N,4.0875551625560975,3.4680879163707794
OCNT-2535053,FHAFWNDGOPCJPI-UHFFFAOYSA-N,4.706042252296496,4.003243578988691
OCNT-2535054,KEOGUGZUSBSVAS-UHFFFAOYSA-N,4.7804588808839075,3.779486924819191
OCNT-2535058,URDOBPIQGUDVII-UHFFFAOYSA-N,4.085563861114209,4.688817984811391
OCNT-2535059,GFTDVNYGFQVBPY-UHFFFAOYSA-N,4.598669965626806,4.6422052850528335
OCNT-2535061,TYEYIGPAWHSTRL-UHFFFAOYSA-N,5.591228964706738,4.2587139230189015
OCNT-2535062,GSSIKZBYBTXWON-UHFFFAOYSA-N,5.004696457743095,3.384225413432712
OCNT-2535064,AENDCANNOSENAM-UHFFFAOYSA-N,4.967209165934218,4.61609080266442
OCNT-2535065,GMVLWSSEQDDWKN-UHFFFAOYSA-N,4.576702371818231,3.85368370068454
OCNT-2535066,CTJNNMNHRJEGHZ-UHFFFAOYSA-N,4.930180252997265,3.6330594233468245
OCNT-2535067,FBTIHBSKJJQNDA-UHFFFAOYSA-N,4.007499797173002,2.332376919659891
OCNT-2535069,NERXOVWAJKSMMJ-UHFFFAOYSA-N,4.946090977560384,2.723606487478449
OCNT-2535070,DYJLEKMLHFUFSZ-UHFFFAOYSA-N,5.131513680332985,3.701289773740828
OCNT-2535071,JIDFHRQCSHTCAL-UHFFFAOYSA-N,5.184213887625217,3.1403010030249785
OCNT-2535072,WFRKIAUIRPHVLV-UHFFFAOYSA-N,4.8214874644410655,3.6329476140132955
OCNT-2535073,NVEGBIWSSQVYHA-UHFFFAOYSA-N,4.485228484245609,5.044579455336227
OCNT-2535076,VFRFKJPAHUFNRX-UHFFFAOYSA-N,5.470539363448145,5.658206451916078
OCNT-2535077,CWBKDPVPQZBDCL-UHFFFAOYSA-N,4.888197228155455,2.1700131473268676
OCNT-2535079,YWSUJTRIDYTCGE-UHFFFAOYSA-N,5.380430933215793,4.612907193072666
OCNT-2535081,PRHJDZAWGNGBDA-UHFFFAOYSA-N,5.561128257613018,4.593769358880147
OCNT-2535082,VPMPORUJVWMXOL-UHFFFAOYSA-N,5.691784305037759,6.198396866581911
OCNT-2535083,WPNYDMMWIYBSSA-UHFFFAOYSA-N,4.839992273269434,4.40118736580673
OCNT-2535084,IBJUTTBLQBHAPS-UHFFFAOYSA-N,4.857456861024756,5.241734291773902
OCNT-2535086,ZLSHALHADKEATB-UHFFFAOYSA-N,3.920519574522678,3.460077693567953
OCNT-2535087,PSNRPTXLSOKWJG-UHFFFAOYSA-N,5.546644111290912,5.158656312033397
OCNT-2535088,OJATWDXTEGMIIA-UHFFFAOYSA-N,3.5776258031687083,3.1034758209327826
OCNT-2535091,UYRHVFGRFAGBOP-UHFFFAOYSA-N,5.9184252816603005,5.732719858350146
OCNT-2535092,XJKWJGLBYVKZMD-UHFFFAOYSA-N,4.205105784585792,4.862262068995885
OCNT-2535093,RINNPLSMLICCLE-UHFFFAOYSA-N,4.897050958101137,4.1671293372688405
OCNT-2535094,OOSQUUIXYIJTKC-UHFFFAOYSA-N,4.857417075481966,4.16517805547012
OCNT-2535095,RKNSFTXTHYXSNE-UHFFFAOYSA-N,4.889697709072586,4.948769362443793
OCNT-2535096,RLRFPLIYHVETRX-UHFFFAOYSA-N,4.245142295481169,4.3177200334692865
OCNT-2535097,OJBCCVHFEMTZJR-UHFFFAOYSA-N,4.4851365295168515,4.194589618524217
OCNT-2535098,HHBSCWPVPJQGPS-UHFFFAOYSA-N,5.493541340485037,5.154360199502845
OCNT-2535099,YADJBLDPFSOUMQ-UHFFFAOYSA-N,5.802554797282878,4.524548332249187
OCNT-2535100,MUQLJFDGJGYLDJ-UHFFFAOYSA-N,5.1652650387598324,5.704955211001576
OCNT-2535101,WBYSHDIVFDTKAS-UHFFFAOYSA-N,5.3563292950774555,5.349007442611666
OCNT-2535102,ALHOSOXXWOCTMV-UHFFFAOYSA-N,4.944691188800182,4.033957864522474
OCNT-2535110,BGMKCPPIMKMICY-UHFFFAOYSA-N,4.605140358473319,3.725804736912097
OCNT-2535111,AGMAYQWAVMKCRK-UHFFFAOYSA-N,3.860337189278651,3.0785289157146307
OCNT-2535115,ZRTOJCIWPYMPEO-UHFFFAOYSA-N,4.631499599038698,4.16377174462289
OCNT-2535117,ZRLHVMLTXCBVFC-UHFFFAOYSA-N,5.461816566383802,4.758831672755147
OCNT-2535118,BEONTKCEIYDZAX-UHFFFAOYSA-N,5.691793739955124,5.752364841495771
OCNT-2535119,NPNIDWGMSMBLOF-UHFFFAOYSA-N,5.691793739955124,5.728907713389603
OCNT-2535120,GDXHMLSAPCRRHX-UHFFFAOYSA-N,5.587263367514993,5.7258641720587615
OCNT-2535121,IBDWPVICLPPSDD-UHFFFAOYSA-N,4.429829911901339,3.6022851407846894
OCNT-2535122,JVULHJMQBZNNCH-UHFFFAOYSA-N,4.110272529562785,3.821153302803424
OCNT-2535123,XXEIULQWWBTDSZ-UHFFFAOYSA-N,5.568468850500804,5.324361723680641
OCNT-2535124,BRXZFUXNZFSNMB-UHFFFAOYSA-N,5.550842063113786,5.438363079134988
OCNT-2535126,JGEONMDVMNCXCV-UHFFFAOYSA-N,5.125809881891647,3.7658053669402163
OCNT-2535127,ZSBYGIHSLQRFLQ-UHFFFAOYSA-N,4.366582200409362,3.483072323255684
OCNT-2535128,AOZAXMXZZCBWNY-GFCCVEGCSA-N,5.203389642257315,4.938191857728283
OCNT-2535131,CYTIBPNZDMYFGX-UHFFFAOYSA-N,5.4401103065531755,5.987114327065646
OCNT-2535133,OFPDZAVRUHSYJU-UHFFFAOYSA-N,5.292826471162596,3.1224132729285112
OCNT-2535134,VCZZOLGRPRVQPV-UHFFFAOYSA-N,4.843505815784005,3.1493097958038865
OCNT-2535135,FMZPXYDWVKQWFU-UHFFFAOYSA-N,4.908107337971192,3.1381174210822187
OCNT-2535136,MZLPNRVVVJQURW-UHFFFAOYSA-N,4.893335074054584,2.878334379613655
OCNT-2535137,WVXDSVYRPFGGHP-UHFFFAOYSA-N,5.744090577105493,4.422557663994314
OCNT-2535138,GILKNISNXWEAOI-UHFFFAOYSA-N,4.776452968664655,4.19754898315175
OCNT-2535139,DBYOJYFCONRFOH-UHFFFAOYSA-N,4.638989658563235,4.296044933487284
OCNT-2535141,TUEWURHBRCOMCJ-UHFFFAOYSA-N,5.53225589287956,5.548146693585252
OCNT-2535143,ADJRMPTZUXRRGP-UHFFFAOYSA-N,5.340598402396273,5.234868728838771
OCNT-2535145,MOCCCMVDMPPWLX-UHFFFAOYSA-N,4.628767547392954,5.055141948707655
OCNT-2535146,FLHFMWXVFWEJBF-UHFFFAOYSA-N,5.41386344669117,4.912102376460728
OCNT-2535147,TUTZACUCNHDQQD-UHFFFAOYSA-N,5.934521205935637,5.166734268435143
OCNT-2535148,NUMLFIHVWGYIIJ-UHFFFAOYSA-N,5.810807034210154,5.069259252415009
OCNT-2535150,TVEXDIRAHUXKBJ-UHFFFAOYSA-N,5.385619382164924,5.407483749748702
OCNT-2535151,PINZGTIVPOLPFK-UHFFFAOYSA-N,4.895382553079699,3.333858126999052
OCNT-2535152,RLECTTKOBJGDTM-UHFFFAOYSA-N,4.224556313841126,4.724210531431619
OCNT-2535153,IDZCWYFILKMFQI-UHFFFAOYSA-N,4.494300914828166,4.701123689780063
OCNT-2535154,QALQXPZBDUTASA-UHFFFAOYSA-N,5.067514198974406,5.036184858037224
OCNT-2535155,CZXQCTRLJISYDB-UHFFFAOYSA-N,5.018294703089148,5.25735396909318
OCNT-2535156,PKKCKPGLERGBFZ-UHFFFAOYSA-N,5.272926464466672,5.061471944736824
OCNT-2535158,UXJWIOVUANSLSI-UHFFFAOYSA-N,5.187698809750541,5.187804738883595
OCNT-2535160,ZQZLZZOSSBIHLG-UHFFFAOYSA-N,5.22979343300449,5.055176572174289
OCNT-2535161,WLNUVSLCSPTUDG-UHFFFAOYSA-N,5.232511092791167,5.106876179736204
OCNT-2535163,XGSGELMEEUBOFM-UHFFFAOYSA-N,5.765895299625719,5.537721778146227
OCNT-2535164,WOJSKHYJSLTGQV-UHFFFAOYSA-N,5.189503522989788,5.400834995312751
OCNT-2535166,OJSIWLBSIFDVDI-UHFFFAOYSA-N,5.417882741032692,3.8294126718399997
OCNT-2535167,RGVQQGGGBIYSSF-UHFFFAOYSA-N,3.4966371102657394,2.3848401958795913
OCNT-2535168,XZMVFBIZOLEIOM-UHFFFAOYSA-N,5.455497898047481,4.0425535062062306
OCNT-2535170,GPZVVXRWPKBWMQ-UHFFFAOYSA-N,5.860383851167012,4.870425635182704
OCNT-2535171,SIOOYOMYAOCUHO-UHFFFAOYSA-N,4.744621273919992,3.6699739396093594
OCNT-2535172,ULPROYMOSMAZMQ-GASCZTMLSA-N,4.878189375148379,4.655501588153881
OCNT-2535176,AUCDWXNJQLIVFH-UHFFFAOYSA-N,4.712122319562225,4.825332032401296
OCNT-2535177,LSKUZWWEXJOCSB-UHFFFAOYSA-N,4.313880758595887,4.472642840566022
OCNT-2535178,DHILLHKBQUXGCS-UHFFFAOYSA-N,4.292503659246672,4.5128640226278565
OCNT-2535180,LMHWJSALLYEJCF-UHFFFAOYSA-N,4.728479297991958,5.449390175737393
OCNT-2535182,CSKFNYTUMKSYLX-UHFFFAOYSA-N,5.649152096541084,5.884980824470577
OCNT-2535183,WHDAIPZTZHHTKW-UHFFFAOYSA-N,4.985690186331767,5.305795720812824
OCNT-2535184,DYJIVBITDVMPFA-UHFFFAOYSA-N,5.474939718852423,5.047482212617114
OCNT-2535186,PAZOKZXCAIDNFZ-UHFFFAOYSA-N,5.121055048189792,4.948291453050358
OCNT-2535190,SCFHLIMJKWHKJL-UHFFFAOYSA-N,5.918994797994849,6.341279645570774
OCNT-2535194,HPDZRDVYWBSEBS-UHFFFAOYSA-N,4.916105212314525,4.381393012392216
OCNT-2535197,PVAMLBAHCBOXIJ-UHFFFAOYSA-N,5.117482990108205,4.597387749806023
OCNT-2535199,RDEXVBZPMFHERA-UHFFFAOYSA-N,5.3786237288816405,5.604556856896808
OCNT-2535201,RUYHWEKISJYKQS-UHFFFAOYSA-N,4.674866718861072,3.882442209611574
OCNT-2535202,QUXUYVPKJKLYRC-UHFFFAOYSA-N,4.814994080215913,5.214902257798588
OCNT-2535203,RETYLQGXVVGHBG-UHFFFAOYSA-N,5.89010916158937,4.969503773475254
OCNT-2535204,WGPDWCODYNICIT-UHFFFAOYSA-N,5.218853038625547,4.556741919622178
OCNT-2535205,VYWJZNGNLUYVPF-UHFFFAOYSA-N,4.420234087715596,2.381048004072538
OCNT-2535207,UTIDESMGGKOHKC-UHFFFAOYSA-N,4.841240287619531,3.7513278517086275
OCNT-2535208,ZJHSRQFIPCNLRS-UHFFFAOYSA-N,4.807481896075996,4.663084389420517
OCNT-2535209,UCTMKONSQVYUEN-UHFFFAOYSA-N,6.106482864726539,5.189443546623861
OCNT-2535211,FOSVCJNHTIJCFU-UHFFFAOYSA-N,5.220494312936986,4.246847679456368
OCNT-2535212,LTSCKLUXDYVJEH-UHFFFAOYSA-N,5.599876436626667,4.849486582877805
OCNT-2535213,RBUTUKHYWPLQJW-UHFFFAOYSA-N,3.840972280668576,5.024989932988506
OCNT-2535214,BEZXRIQDCHPXKO-UHFFFAOYSA-N,5.1155514834350955,4.177892544670401
OCNT-2535215,RIFKAMYNDLEFGK-UHFFFAOYSA-N,4.843751653790371,3.46654140819567
OCNT-2535216,FNCANYWIDBSXMR-UHFFFAOYSA-N,4.522561906437373,3.5634692568234176
OCNT-2535217,AFEXYAZHUWKMSN-UHFFFAOYSA-N,5.103755532658084,3.6251878851708064
OCNT-2535218,DUFBSKNQQAXWGC-UHFFFAOYSA-N,5.135855437724193,4.189401660255711
OCNT-2535219,CKIPJCWNVHDWAG-UHFFFAOYSA-N,4.392169628766158,2.938524871470004
OCNT-2535220,UZGCONRMDSJZLL-JTQLQIEISA-N,4.81757497960558,4.458912399478207
OCNT-2535221,LAHJAXZGIZETPN-UHFFFAOYSA-N,4.645737754746923,3.1486275202308667
OCNT-2535224,AZQPWQINILHIDQ-UHFFFAOYSA-N,5.166269546807025,4.518402574679344
OCNT-2535225,MQKFKNKJNHXMNZ-UHFFFAOYSA-N,4.747698674071319,4.7980975763760085
OCNT-2535226,QADCZLCKBVLVCV-UHFFFAOYSA-N,5.373908553057159,5.655083962139939
OCNT-2535228,OJCLHERKFHHUTB-UHFFFAOYSA-N,4.753602109664491,3.432156861999872
OCNT-2535229,ACGPBLZSPDCGCA-UHFFFAOYSA-N,4.823181897095503,4.472195396291111
OCNT-2535231,RGMFCAZPSYJLPP-UHFFFAOYSA-N,4.9191307845536905,3.21309255472582
OCNT-2535233,IGZCDJVRJJTBLG-UHFFFAOYSA-N,3.8046441032353604,4.991001632429426
OCNT-2535234,AFXVIHMNMRJRDS-UHFFFAOYSA-N,4.8266281282077825,3.580916306424126
OCNT-2535237,ULRIVKPPJKOYOS-UHFFFAOYSA-N,4.172138266050573,4.593120841527482
OCNT-2535238,XKVFOSUENYMPEI-UHFFFAOYSA-N,4.351035394794312,4.738355905415968
OCNT-2535239,ZJQYUZZNVSDYOM-UHFFFAOYSA-N,5.142691855736717,3.9847107173345324
OCNT-2535240,NRIXKOBBEDUYNB-UHFFFAOYSA-N,5.140973250268567,4.47810749651434
OCNT-2535241,RJVMMJOMRIMUAW-UHFFFAOYSA-N,4.167675221762128,5.205689551897542
OCNT-2535242,YQQRUTNMNAZIAR-UHFFFAOYSA-N,5.297690228603531,3.060843135887229
OCNT-2535245,WYMAJKNSMXCGIZ-UHFFFAOYSA-N,4.4809994152980215,4.843536718102919
OCNT-2535246,DXSBLFMKEXSCHT-UHFFFAOYSA-N,4.575157504315313,3.451988600023713
OCNT-2535247,GQEMTFSFTIYYQV-UHFFFAOYSA-N,5.407329311381215,5.062558150735251
OCNT-2535251,HCTPQQNFDUUQCP-UHFFFAOYSA-N,4.861420569914201,3.944923429778067
OCNT-2535253,MVGCIXCMMDGBJB-UHFFFAOYSA-N,4.682985184543017,5.434560497145316
OCNT-2535254,KPGSJBXHVSMRQD-UHFFFAOYSA-N,4.570207004152815,4.247611458300284
OCNT-2535255,KXYNTGNJNDVQPV-UHFFFAOYSA-N,3.9131793970559205,3.0808411868307943
OCNT-2535256,JXGQGYDGFKVAGS-UHFFFAOYSA-N,4.375134423533113,3.7383809423599637
OCNT-2535257,GIFMHUOKHSZMOX-UHFFFAOYSA-N,4.468834548523526,2.9655731457398646
OCNT-2535258,ZFLVIIBWHCNOOG-UHFFFAOYSA-N,5.817567591591245,6.436859605450065
OCNT-2535259,KQJADINSIVAITE-UHFFFAOYSA-N,5.502698618477926,5.786941264613351
OCNT-2535260,LILSDJBHHJSHBG-UHFFFAOYSA-N,4.8119361082609355,2.545426391507073
OCNT-2535261,JUCBOBOPNBEJRI-UHFFFAOYSA-N,4.290563428234416,5.206453188076067
OCNT-2535263,NEHJFSRZGHWAPB-UHFFFAOYSA-N,5.4025296330389265,4.7324957081147065
OCNT-2535264,VOAAHAILZAVKOW-UHFFFAOYSA-N,5.1480666974147296,3.9508021457382463
OCNT-2535266,RVWYLSURHLCBNJ-UHFFFAOYSA-N,4.619084972080903,4.602472514365869
OCNT-2535268,ZQAQXWNBLUULQE-UHFFFAOYSA-N,5.155024857736655,3.9582535960321525
OCNT-2535269,HWCQLGJWSXXVAE-UHFFFAOYSA-N,5.371115898343057,5.205713428292206
OCNT-2535270,GXCCELUQAGUVAT-UHFFFAOYSA-N,5.272570511099326,5.482121168034646
OCNT-2535271,FHCGQOSRARVORR-UHFFFAOYSA-N,4.994079320675453,4.549950646487748
OCNT-2535272,YVWCRSMDWAIDNW-UHFFFAOYSA-N,5.350125933331101,4.507807824817337
OCNT-2535273,NQQMWLIDTXOOPF-UHFFFAOYSA-N,5.294674522305625,5.40617287209078
OCNT-2535274,RDGRHSIXXPNABJ-UHFFFAOYSA-N,5.337836769841235,5.167754420279933
OCNT-2535275,KLUGTQXZEWDNHZ-UHFFFAOYSA-N,5.066420330458139,4.920397935060353
OCNT-2535276,PAIBPRPWPWWPFS-UHFFFAOYSA-N,5.395341347663246,5.193090725285581
OCNT-2535278,HICWUXFYFMDECC-UHFFFAOYSA-N,4.281227574297532,4.697556705783745
OCNT-2535279,UYICLSJFOXKRDU-UHFFFAOYSA-N,4.917237941846205,5.2567220108296056
OCNT-2535280,HXOXNEUCTFEUBE-UHFFFAOYSA-N,4.4536509349930675,5.190882326216278
OCNT-2535281,QOFNSDLTCSJDLA-UHFFFAOYSA-N,4.327204058749558,5.19025453145517
OCNT-2535283,RTEFRIHQIDLYBP-UYAOXDASSA-N,4.9021609507007105,4.861705781313831
OCNT-2535284,CIBADFZITYLDNX-UHFFFAOYSA-N,4.6928347265543655,4.581486536211691
OCNT-2535285,VTDPEPIQXIVVFL-UHFFFAOYSA-N,5.1202729940237575,5.283898549594371
OCNT-2535286,KHHXJNRZURBROH-UHFFFAOYSA-N,4.246398240366207,4.135567361510929
OCNT-2535287,RFYOYBVDIDEKQI-UHFFFAOYSA-N,4.314045047296273,3.9914848925629256
OCNT-2535289,BZGJANJTFRAFBQ-UHFFFAOYSA-N,5.032953011572567,3.4331192412878706
OCNT-2535290,RGMOYEDXVSBPSL-UHFFFAOYSA-N,4.715324954163187,4.350829547232294
OCNT-2535291,YSKDICVXILSCRT-UHFFFAOYSA-N,4.088977493546879,2.7347842345553484
OCNT-2535292,PKNMTVPPGWNIKB-UHFFFAOYSA-N,5.500740940980524,5.469089838808722
OCNT-2535293,NPCMCAXRNNQWJE-UHFFFAOYSA-N,5.527040478103931,4.515316674976254
OCNT-2535294,YRLRCSRZZHHKRW-UHFFFAOYSA-N,5.23478058383424,4.849228411642178
OCNT-2535296,GGQNCTRLLKCMLM-NSHDSACASA-N,4.3366139721204355,2.172234648122272
OCNT-2535297,PIVAZIMYJGDVBC-UHFFFAOYSA-N,4.820457992226408,5.312259805530464
OCNT-2535298,GGZHGKJEPIQYLJ-UHFFFAOYSA-N,5.179641635074404,4.366824356001969
OCNT-2535299,CXBGWYKVVMYGQM-UHFFFAOYSA-N,4.692447425297921,4.946468724909048
OCNT-2535300,KEXUTSNLWKGHAS-UHFFFAOYSA-N,5.040481791699076,5.083087573556731
OCNT-2535303,LQAPARJGASQPRL-UHFFFAOYSA-N,4.3039836445129485,4.636497996071397
OCNT-2535304,LOSYCBROYSQTLJ-UHFFFAOYSA-N,5.339908666491713,4.852085338813794
OCNT-2535306,USRXUCVPWCMYSS-UHFFFAOYSA-N,4.975240869700748,3.290318071691238
OCNT-2535309,ZUTQJBNPILUONC-UHFFFAOYSA-N,4.606584955302724,4.95135936512296
OCNT-2535311,VYPVGXHOCDPJFB-UHFFFAOYSA-N,5.660696367756401,5.463513992146919
OCNT-2535312,RRLBFZAIPSUIOF-UHFFFAOYSA-N,5.710719266169954,5.601545170442119
OCNT-2535313,XQUKYBOAJQUQOE-UHFFFAOYSA-N,5.611879750418146,5.344362286245445
OCNT-2535315,OHQVQKICERBNIS-UHFFFAOYSA-N,4.432769796733681,3.086470837666896
OCNT-2535316,LGUCUIDFWMIUJQ-UHFFFAOYSA-N,5.404806255570165,5.325442919486025
OCNT-2535317,SWZAJZUMZQOCSN-UHFFFAOYSA-N,5.279228484544778,3.4795264241610715
OCNT-2535318,YWYFUCDSZYFUDJ-UHFFFAOYSA-N,5.152330420032474,3.38188023701979
OCNT-2535319,WUECBLFZRORSQU-UHFFFAOYSA-N,5.156546797159794,4.2090339778184855
OCNT-2535321,CMVNRHQLCUEETQ-UHFFFAOYSA-N,5.075668175763904,4.7030956362366005
OCNT-2535322,SMHVCHUZLVAZBN-UHFFFAOYSA-N,5.233650583204415,3.6568168344829113
OCNT-2535328,IHEQFDNRVDIHJW-UHFFFAOYSA-N,5.540974325654922,5.247018171335225
OCNT-2535329,NQBXPLXZRFRUJN-UHFFFAOYSA-N,5.784548248942337,5.413393351569414
OCNT-2535330,AKXGDNNWELLKMK-UHFFFAOYSA-N,5.543750629076991,5.846830808014762
OCNT-2535331,GEAVQABWXNCJED-UHFFFAOYSA-N,5.261546864221249,5.0134302933973025
OCNT-2535333,ICMMMWUIZMXUGY-UHFFFAOYSA-N,4.748940776764701,5.366382751496366
OCNT-2535334,ZCNXIPJDCBLBRL-UHFFFAOYSA-N,5.838103323549871,5.982681141330653
OCNT-2535335,TZBJSUXIGJPKMR-UHFFFAOYSA-N,5.430145598444927,6.109002395449736
OCNT-2535336,XEKGCYVFUFFQSH-UHFFFAOYSA-N,5.6998062864093715,6.266281465238369
OCNT-2535337,PXAVNFBONRBCOY-UHFFFAOYSA-N,5.0525883318084865,5.391801882343522
OCNT-2535338,WIWKFYCRXKXNRW-UHFFFAOYSA-N,5.470365334521219,6.169459391462031
OCNT-2535339,GVHDPEGPHMMDBI-UHFFFAOYSA-N,5.564047735228028,5.3041300330052845
OCNT-2535340,DZBHMPCEIYOINT-UHFFFAOYSA-N,5.794551162758559,5.606995134541454
OCNT-2535341,BOGBICBVOWYGPR-UHFFFAOYSA-N,5.871160010081489,5.403444196257275
OCNT-2535342,XRKFKALKQHZYQH-UHFFFAOYSA-N,3.7166968688565545,3.9450214399598162
OCNT-2535344,LSYLHJZYAKFPPO-UHFFFAOYSA-N,4.758206379532005,4.799916217408392
OCNT-2535346,LWCQUISMXAPNQX-UHFFFAOYSA-N,3.461074253711765,2.5803828219271376
OCNT-2535348,XZUGPFGCZDOSPK-UHFFFAOYSA-N,4.175658048696419,3.1569060491211034
OCNT-2535351,VBGRXTHNCJGTQN-UHFFFAOYSA-N,4.857636834793942,4.891958566135182
OCNT-2535352,DGVSRTOBSYVSPD-UHFFFAOYSA-N,4.785951838366889,4.7082392485287015
OCNT-2535353,IZFCXBYXWOMUMW-UHFFFAOYSA-N,5.075725748802638,4.332262579446932
OCNT-2535354,RDUREHFLQGXCTB-UHFFFAOYSA-N,4.2244210655506915,4.439765503133182
OCNT-2535355,ZMGVXRUDVLUFFM-UHFFFAOYSA-N,4.9597950877152455,2.4597843393086287
OCNT-2535356,QGBWHCLFLKQBOK-UHFFFAOYSA-N,4.565322911782344,3.603254149192652
OCNT-2535357,AAOKSSGRLHMOLS-UHFFFAOYSA-N,3.4194642637207537,2.7084228651733375
OCNT-2535358,MUDGODBVZQYSCM-UHFFFAOYSA-N,4.620663440457559,2.5320433588071976
OCNT-2535360,KNGAVEYDKBUPDQ-UHFFFAOYSA-N,5.166931762660503,4.8009606888501075
OCNT-2535361,ISNNNHHNZAMUES-UHFFFAOYSA-N,4.975409489024971,4.795749199688206
OCNT-2535362,PWYSJWCEHZYKSB-UHFFFAOYSA-N,5.05921475453049,4.873588703040076
OCNT-2535363,GWAUPHFDPBESNO-UHFFFAOYSA-N,4.650083101689872,4.080486578098057
OCNT-2535364,OBDAAIBHXLZKIK-UHFFFAOYSA-N,4.889410785924447,4.392829338069922
OCNT-2535365,UQHJAGZUFVYRJV-UHFFFAOYSA-N,4.433586981404896,3.836262590626372
OCNT-2535366,FRWCDSBODDPUGW-UHFFFAOYSA-N,5.10170000579473,3.8982187129930685
OCNT-2535367,ZUVQLYXIDIMUMH-UHFFFAOYSA-N,5.380055064522717,3.7414248955147023
OCNT-2535368,VPIKWUUHGOPUOP-UHFFFAOYSA-N,5.566137539403435,4.9894228602498965
OCNT-2535370,BWZOXLFXXDNFKE-UHFFFAOYSA-N,3.8132380177772265,2.5697406602546966
OCNT-2535371,PBXGXPAYWVQDQK-UHFFFAOYSA-N,5.279153105312899,5.219074901208529
OCNT-2535372,KMTZXKMAAPFECJ-UHFFFAOYSA-N,5.659622033943834,6.228450470145825
OCNT-2535373,SWEIXRZLXUCCAB-UHFFFAOYSA-N,5.886077213539293,6.21965618259523
OCNT-2535374,WGOVVAHNYKAPCJ-UHFFFAOYSA-N,5.400467571300294,4.723351355016443
OCNT-2535375,SHKLCPADVSLIAN-UHFFFAOYSA-N,5.238914493954585,5.745864243570382
OCNT-2535377,MYMOKMLRZRZKMY-UHFFFAOYSA-N,4.973445921405513,4.601974862310528
OCNT-2535379,WAQXIKGHBGSXPV-UHFFFAOYSA-N,5.246985881044761,5.296126426936205
OCNT-2535380,NLTKFZLQCNEBSK-UHFFFAOYSA-N,5.384454396736202,5.1302488884688735
OCNT-2535381,FBPFGWJEVYEFMD-UHFFFAOYSA-N,5.430451463913236,4.994953898767997
OCNT-2535382,NHMWJWODFPBDIM-UHFFFAOYSA-N,5.125467787846958,4.535833750195346
OCNT-2535383,ZNGPOOQENQJNDX-UHFFFAOYSA-N,4.646862064603339,3.5359481859259607
OCNT-2535384,XEPNYYFLRCYLKY-UHFFFAOYSA-N,4.0454122622600295,2.426677643613391
OCNT-2535385,NOASYIXQJJHBQC-UHFFFAOYSA-N,4.096996778598746,3.8328212551744807
OCNT-2535386,DECFOBOPWZEUFC-NFOMZHRRSA-N,4.163858740116851,3.8272238949879385
OCNT-2535388,CYDRFRYHBJCEJM-UHFFFAOYSA-N,4.297930356004661,2.289055249587599
OCNT-2535389,FBUSTSSATAJVDQ-UHFFFAOYSA-N,4.975911802482912,4.569654983429627
OCNT-2535391,QOTOVYDLUWOYSI-UHFFFAOYSA-N,4.8088224041202965,3.743370918889703
OCNT-2535393,HVYPDDQIDBTPSM-UHFFFAOYSA-N,4.781622670101771,4.292923655817769
OCNT-2535394,AZQAKLANCJPMFX-UHFFFAOYSA-N,3.99935620274177,2.7593908843968524
OCNT-2535397,QZZSCPKZZMSRQR-UHFFFAOYSA-N,5.194246817278332,5.267435059247376
OCNT-2535398,YOEFEAFRFSNRDZ-UHFFFAOYSA-N,5.187473000269638,5.74218370482229
OCNT-2535399,FPJSXKSTUFDVEQ-UHFFFAOYSA-N,5.109361409033355,5.0924077665978755
OCNT-2535400,XTXGLOBWOMUGQB-UHFFFAOYSA-N,4.607345096134938,2.9582093732121963
OCNT-2535401,NXFZCMYDZHWBPN-UHFFFAOYSA-N,5.572447039096531,6.2670173223496946
OCNT-2535402,FQUFTVCPQSJFIO-UHFFFAOYSA-N,5.635871233301245,6.465891388815709
OCNT-2535403,QAHCCIYPFFPMQO-UHFFFAOYSA-N,5.715441081699929,6.110145801001458
OCNT-2535404,MSQXXBBHBNILIU-UHFFFAOYSA-N,5.229986669667873,4.423082288809961
OCNT-2535405,LBTWHFVYVCJPDY-UHFFFAOYSA-N,4.063457354649304,3.072160440919711
OCNT-2535406,RCGSHNCCAXCFBG-UHFFFAOYSA-N,4.167844673936368,4.1684777878764905
OCNT-2535407,JOZNYWDUWPEPOS-UHFFFAOYSA-N,4.801021460071921,4.563268924145308
OCNT-2535408,GAIJWLNOPUVOQA-UHFFFAOYSA-N,4.187218802725789,4.838943245994935
OCNT-2535409,GLVYEJAJUNSCSG-ZDUSSCGKSA-N,3.692146220865576,4.257580920994149
OCNT-2535410,UDZQACMOTGHBFF-WHUIICBVSA-N,4.062107520935672,3.6077504179287825
OCNT-2535411,SBJUDQGWTGRCOS-UHFFFAOYSA-N,4.0230657655708235,4.207317841063156
OCNT-2535412,BMLYWGFGQHCSOQ-UHFFFAOYSA-N,4.4153152688183805,3.7096622330949534
OCNT-2535413,MJFUJWPSXJNGFP-UHFFFAOYSA-N,4.410621896505529,3.4740096954135233
OCNT-2535414,FSNBLUCEASGXEI-UHFFFAOYSA-N,4.710193860624033,4.5331214309586585
OCNT-2535415,JPXISSCEGJBZHC-UHFFFAOYSA-N,5.6333080622274645,4.7416102969170595
OCNT-2535416,FOCJWONFDVXFHW-UHFFFAOYSA-N,4.745845726201785,4.14040063676379
OCNT-2535417,HLKIFKKQUOTSJS-UHFFFAOYSA-N,4.154093930198244,3.2363677215355557
OCNT-2535418,OSGOAQVFZXVPBZ-UHFFFAOYSA-N,4.582573022631149,2.6892154655234997
OCNT-2535419,IZQNIAQCABSJTP-UHFFFAOYSA-N,4.881640377806362,5.713484656245074
OCNT-2535420,QZRDFJCRLZNCPN-UHFFFAOYSA-N,4.739959982114814,3.323253779361133
OCNT-2535421,OJTZNYZIWIHPPC-UHFFFAOYSA-N,5.16407118507684,5.070253776069402
OCNT-2535422,SQVLKMQEOIPRGY-UHFFFAOYSA-N,5.240331049615224,5.089912800543309
OCNT-2535423,UXHBXSYNKYONDN-UHFFFAOYSA-N,5.0831655505797215,4.949410041266871
OCNT-2535424,ZQYLZRZOVQVWSK-UHFFFAOYSA-N,4.032945630490957,2.1334882874976957
OCNT-2535425,VBQOGIMKZOHJPM-UHFFFAOYSA-N,5.026866266779031,4.597882547984048
OCNT-2535428,RBETYTIKZNPUDP-UHFFFAOYSA-N,5.193371802683761,5.091507694423225
OCNT-2535430,BRQBDAGKMWDXBZ-UHFFFAOYSA-N,4.930052406031261,4.775262286695108
OCNT-2535431,UKUBHSNWKWEGCS-UHFFFAOYSA-N,5.29881325866526,4.915860500248966
OCNT-2535432,AJUISAAZXAINSV-UHFFFAOYSA-N,5.220231503628781,5.5197262085808765
OCNT-2535433,RRLQTFFYDYQAEB-UHFFFAOYSA-N,5.253871665740149,5.631331266059462
OCNT-2535435,CGBRWURLLFCELN-UHFFFAOYSA-N,4.738361229753402,6.025151183513071
OCNT-2535436,SIRLKSMSEUTMAK-UHFFFAOYSA-N,5.4683068035421485,5.656672243835874
OCNT-2535438,TTZISFZGDKKLFB-UHFFFAOYSA-N,5.121115534319251,5.080037009076284
OCNT-2535439,UFRHULSFWAOUGE-UHFFFAOYSA-N,5.159326967878711,5.024436384305301
OCNT-2535441,PDHQXDUBQZIXKW-UHFFFAOYSA-N,5.30132883389785,4.431877355989693
OCNT-2535442,OMXUVUJESQSBFF-UHFFFAOYSA-N,3.7768616652679503,4.144868687411737
OCNT-2535443,TVLXRHKHOIQLFG-UHFFFAOYSA-N,4.027255555844689,4.112198508006521
OCNT-2535444,MXIXREIOWMHIHB-UHFFFAOYSA-N,5.562597822227015,5.626794485260731
OCNT-2535445,KZGQIBIENJMMJO-UHFFFAOYSA-N,5.939311766487268,6.1064993075899965
OCNT-2535446,QNKZOHALSIKOGG-UHFFFAOYSA-N,4.465232562770105,4.298448241651811
OCNT-2535447,VKSYTAAUDUIAJS-UHFFFAOYSA-N,5.709556091953239,5.939073532869248
OCNT-2535450,IZRLYXSDUURUQV-UHFFFAOYSA-N,4.716334850909934,4.2328569997324
OCNT-2535451,PAEOFPRSRSRSST-UHFFFAOYSA-N,4.173787552429999,5.208313550388096
OCNT-2535452,OILYBUCYORVSNU-UHFFFAOYSA-N,5.826340437599611,6.027214093629643
OCNT-2535454,OGDCZXVSGBQEND-UHFFFAOYSA-N,4.678298593181338,4.465776587849002
OCNT-2535460,AHGPUGNOBPVLGN-HVFKJYJOSA-N,3.964109688680468,5.642504914007382
OCNT-2535461,QUVJUZYXSQGWFB-WGIUUAEBSA-N,5.163919666760838,4.421904253541876
OCNT-2535462,XFNRDHKLLKOGLQ-VNXPTHQBSA-N,5.181773140264173,4.5867056909562125
OCNT-2535463,QKMHAXQDDXGVIL-KZMQIFKDSA-N,5.175638080129419,4.9076184265213705
OCNT-2535464,OGVWWRHHLXLTMA-XHAYOOOLSA-N,5.403649164080097,4.843448620188747
OCNT-2535465,RQPHUVUBLSWRJU-RJPUVWTNSA-N,4.6141815144887985,4.127096310167576
OCNT-2535466,RVDIXDKVKBHDOZ-RIJFORKLSA-N,5.8118763947771015,5.783033128978698
OCNT-2535467,GGYFXVVOEHYTQZ-HIDCPEKUSA-N,4.6681582686913705,4.46566579772829
OCNT-2535468,JOBOJJDANUYXJK-GFWLXOEUSA-N,5.2802402232514245,5.381637166708678
OCNT-2535469,LWFCHJCJKHVUIA-VUOSCMKMSA-N,5.301897860131709,4.843566315796703
OCNT-2535471,UKCAZHRMWOHLFQ-ZRNAQANOSA-N,5.0089176253444805,4.447680211078593
OCNT-2535473,SPYDUYOFQJNSFT-UHFFFAOYSA-N,5.234521397369327,5.06706926322743
OCNT-2535474,FSWGWWWYPIFJIM-UHFFFAOYSA-N,5.512561700171335,3.852580160118793
OCNT-2535475,PMBKCNGYNQSXRW-UHFFFAOYSA-N,5.591106178025325,4.184128175260292
OCNT-2535477,SWZPUBDKJLZFAB-UHFFFAOYSA-N,5.911408828093185,4.706185063435875
OCNT-2535479,CETCOIXUUZTGDH-UHFFFAOYSA-N,5.92892908034729,5.822231455530324
OCNT-2535482,UUNXUCVNDXSLNL-UHFFFAOYSA-N,4.140004947867667,3.816734096809091
OCNT-2535486,VFRVNEHAMSLQNP-UHFFFAOYSA-N,5.5772131658669455,6.307049148054459
OCNT-2535489,VTLFDKXGCFMBGH-UHFFFAOYSA-N,5.488158926625292,4.837735745745625
OCNT-2535491,NKNZGJBWIMQANB-UHFFFAOYSA-N,5.695497345412384,4.4314937829418914
OCNT-2535492,CUNJKOVWRYTGIN-UHFFFAOYSA-N,5.480961412432849,4.793272680819878
OCNT-2535493,IRSOKLHQDCQHTL-UHFFFAOYSA-N,5.514926287669645,5.36122675778918
OCNT-2535494,VOMKYYPGNGBDGC-UHFFFAOYSA-N,5.792822354330785,5.349668315993545
OCNT-2535495,WYWVZVAYHAEISY-UHFFFAOYSA-N,5.6398748942839605,5.048941501475149
OCNT-2535496,WJCCOFSTBUGCPR-UHFFFAOYSA-N,5.682623235132409,5.368982601608096
OCNT-2535497,MVWWCAXQDZBEKQ-UHFFFAOYSA-N,5.6681087230657825,5.388989269889193
OCNT-2535498,OONHUIJZWVUGQD-UHFFFAOYSA-N,5.513519283451622,5.079044887745743
OCNT-2535499,YTCWQXKCZPKNIM-UHFFFAOYSA-N,5.417308429710018,5.219239525700635
OCNT-2535501,HEAHZRJGYCCVPL-UHFFFAOYSA-N,5.04494220255056,5.148642768020614
OCNT-2535502,VRGQUHMHMWMMIO-UHFFFAOYSA-N,5.182116223253287,5.380642727408324
OCNT-2535505,WXJDGUQDVIHQBV-UHFFFAOYSA-N,5.477120542291744,5.133514364771679
OCNT-2535507,ASPOCJXGJJQSQE-LLVKDONJSA-N,4.768175169399908,3.9398592851788914
OCNT-2535509,CJOSMYTWIBGINT-UHFFFAOYSA-N,4.87727323483299,5.407932998219866
OCNT-2535510,GZLYFBQUIOGBDE-UHFFFAOYSA-N,5.239870943951618,5.231912569742469
OCNT-2535511,NFGGLBRCMMWYJY-UHFFFAOYSA-N,4.68011059728281,3.927230488807856
OCNT-2535513,XPKQPEGJZMZRBA-UHFFFAOYSA-N,4.498054139474572,4.579908844010959
OCNT-2535514,NRSSWXDHHIECHM-UHFFFAOYSA-N,4.682796308331301,4.690214091133797
OCNT-2535516,KUDWKUFURSFSJL-UHFFFAOYSA-N,4.782049173953906,4.647725565491817
OCNT-2535517,OXRVVZFSAUNGDY-UHFFFAOYSA-N,5.119246168066089,4.735126355360185
OCNT-2535518,LGAAMUFWYIESPQ-UHFFFAOYSA-N,4.9913487963186824,4.766315804485724
OCNT-2535519,IEQWNXZBGUGNNG-UHFFFAOYSA-N,5.878658102146062,5.812033141744499
OCNT-2535520,QLDUMQHLVQSFJU-UHFFFAOYSA-N,5.421792079487482,4.520296688143965
OCNT-2535521,DUHXDIDGFSUWJS-UHFFFAOYSA-N,4.748592647072215,2.615193746010561
OCNT-2535522,UYYOQMHJNVHBOI-UHFFFAOYSA-N,4.941919269118817,4.731238931814573
OCNT-2535523,IBFHENRKLHIACR-UHFFFAOYSA-N,3.798777070327991,3.0487747799027303
OCNT-2535524,KNZOSALJKRZREA-UHFFFAOYSA-N,4.944251244734695,4.065160972516101
OCNT-2535529,JKGUWXHDDVUFDQ-UHFFFAOYSA-N,5.586787134379539,5.415199913397805
OCNT-2535530,OIMYVFKAAORUSX-UHFFFAOYSA-N,5.671952691266251,5.8559128360369765
OCNT-2535531,PDQJLWJVQZINJW-UHFFFAOYSA-N,3.8653491736474344,5.044232055888939
OCNT-2535533,CGXJQNIBUILKHP-UHFFFAOYSA-N,4.870541768398148,3.3792269352330417
OCNT-2535534,UEJLENUDLJDDCQ-UHFFFAOYSA-N,5.101164452858723,4.521482612647203
OCNT-2535536,MJULYVWFVHPYOK-UHFFFAOYSA-N,5.930782248792839,5.307058391834539
OCNT-2535537,CDHXVHJOSNONTE-UHFFFAOYSA-N,5.171126975252691,5.3002124115603575
OCNT-2535538,AXXBNPYZYMTTDD-UHFFFAOYSA-N,5.388010642430654,3.4782110999723237
OCNT-2535539,WPHUJGOUOZPWGC-UHFFFAOYSA-N,5.955333204499059,5.683035151628396
OCNT-2535540,PJBBPZUOXMVBGM-UHFFFAOYSA-N,6.088290551778847,5.75394916096726
OCNT-2535541,NSIHAZMQGXAMJI-UHFFFAOYSA-N,4.778203101281614,4.016039112228063
OCNT-2535543,KVTMJSLAIYWPFK-UHFFFAOYSA-N,4.531088293540927,2.7442633393306153
OCNT-2535545,HEQILIHBMVATFY-UHFFFAOYSA-N,5.518984727150289,5.057003553557101
OCNT-2535547,QAYKGARWIMDBCY-UHFFFAOYSA-N,4.973185391348023,4.832114401849442
OCNT-2535549,SEIPXTQBZWGTMU-UHFFFAOYSA-N,5.254239691185089,4.8436801546763855
OCNT-2535550,GGQNCTRLLKCMLM-LLVKDONJSA-N,4.3366139721204355,2.172234648122272
OCNT-2535551,ZZCTYRLJKBBNHT-UHFFFAOYSA-N,4.866137992308358,5.4594409450798596
OCNT-2535552,XAPMDMIYUPCJOP-UHFFFAOYSA-N,5.3136480508380295,6.033093544943855
OCNT-2535554,XTWCXVCCEWOSNH-UHFFFAOYSA-N,5.394107669842587,5.250700155982074
OCNT-2535555,OGDXWUYRZVGURY-UHFFFAOYSA-N,5.415592704513148,5.50052533796221
OCNT-2535556,UHNOQEIMMMIKDG-KRWDZBQOSA-N,4.839745750196716,4.170006375044465
OCNT-2535557,LZZLJQWRSKMQMX-UHFFFAOYSA-N,5.126367949730009,5.655299659207535
OCNT-2535559,IKMMRTDWOWYUQN-UHFFFAOYSA-N,5.657377162862844,4.797344006012004
OCNT-2535560,BMGVQTUPKNPSSW-UHFFFAOYSA-N,4.828431313249709,4.122401357246458
OCNT-2535563,BIIDUTRIXMOTDH-UHFFFAOYSA-N,4.778542838297524,2.9932667444570202
OCNT-2535564,JQGBNTLYTQELFB-UHFFFAOYSA-N,6.15082397792505,5.3305485683393705
OCNT-2535565,VXDCYZBVHBMOOK-IBGZPJMESA-N,5.600517057364092,5.074821610395151
OCNT-2535566,VXDCYZBVHBMOOK-LJQANCHMSA-N,5.600517057364092,5.074821610395151
OCNT-2535567,OEPIHANONNHMIE-UHFFFAOYSA-N,5.213525152832899,3.9952547418596267
OCNT-2535569,TUUPNQAXRIADQY-UHFFFAOYSA-N,4.354107967545123,3.439928853929933
OCNT-2535572,JKDXJPZIACJBTM-UHFFFAOYSA-N,4.6527921386340685,5.794610622637884
OCNT-2535573,DHIODPBJMYLUQH-UHFFFAOYSA-N,4.7111861016114425,5.810390427101324
OCNT-2535574,JQHCHHDQTVUKIS-UHFFFAOYSA-N,4.65303722012155,4.311649009572586
OCNT-2535576,UQPFUHRCFWVGOQ-UHFFFAOYSA-N,4.937488280096074,5.763726178551394
OCNT-2535577,VKBGDNSTFIYJRU-UHFFFAOYSA-N,5.667732705871178,5.028830806297984
OCNT-2535578,MYLDNWDULMBTAK-UHFFFAOYSA-N,3.961788179708381,4.138457247849171
OCNT-2535579,ZLFAIQGHKPFLLF-UHFFFAOYSA-N,5.265443993968863,4.3748180056886845
OCNT-2535581,BIARALUSFDYYBK-UHFFFAOYSA-N,5.267340796229675,4.875528571688497
OCNT-2535582,ZRYRYSZIVIUSQK-UHFFFAOYSA-N,4.679371944025407,5.363013453095856
OCNT-2535583,OIXWVLVYLBMTPP-UHFFFAOYSA-N,5.242227616102763,4.873911986408329
OCNT-2535584,YQVIOHWFDXKKCF-UHFFFAOYSA-N,5.19608232772064,5.089604957927496
OCNT-2535585,PLWGTEPFFAFSNK-UHFFFAOYSA-N,5.174793301062357,5.357126785046436
OCNT-2535586,SUUBBRAIMMIKJS-UHFFFAOYSA-N,5.1788796004755175,5.234722757350614
OCNT-2535587,MQDNXQXDFDMRTR-UHFFFAOYSA-N,5.2368978635663215,5.0158978069992015
OCNT-2535588,LPZGJDHZXHWFKL-UHFFFAOYSA-N,5.139879314338186,5.044565102373115
OCNT-2535589,DXQZQTGBCDFXJN-UHFFFAOYSA-N,5.153545479488345,4.788111744706904
OCNT-2535590,JMEVYSUMMPPCNK-UHFFFAOYSA-N,5.232278517542694,5.149603385440089
OCNT-2535592,SPMCZRVDSHKPHZ-UHFFFAOYSA-N,4.977960298688132,5.059250506215507
OCNT-2535593,QORPNJUHQFNFAO-UHFFFAOYSA-N,5.319843207824587,5.260432313463728
OCNT-2535596,PGZDULVGIFEKJO-UHFFFAOYSA-N,5.3726375377118964,4.711623963699411
OCNT-2535597,CIKYTJVUIFDYBQ-UHFFFAOYSA-N,5.15258338659325,5.110954231481685
OCNT-2535598,PTRNIWLUYYNJPG-UHFFFAOYSA-N,4.367038062804279,2.9683341971267168
OCNT-2535599,DBKQNLOMLAQNIS-UHFFFAOYSA-N,4.977842348309822,5.146893831783266
OCNT-2535600,JTSBSXZVHCIHLI-CYBMUJFWSA-N,5.029619412572657,5.375488300760436
OCNT-2535601,GEFUIQKFYGBVRF-UHFFFAOYSA-N,5.1962081604118735,5.260571152249414
OCNT-2535602,PZNNPXHBWSCTTO-UHFFFAOYSA-N,5.074665101596838,5.043939472633221
OCNT-2535603,CUFPYJFLBNZMOA-UHFFFAOYSA-N,5.026417648535627,3.3220678861980133
OCNT-2535605,DQHOPQPJUVXCQP-UHFFFAOYSA-N,5.1755760641334225,4.510210704601354
OCNT-2535606,HACCLFSUZUAKGP-UHFFFAOYSA-N,4.515602622311763,4.071625300488475
OCNT-2535607,CKXVFIPITDNXJD-UHFFFAOYSA-N,4.779967398449969,5.088021333030634
OCNT-2535611,MAPJHDPXQXFZKP-UHFFFAOYSA-N,5.186523315266431,5.52389347318516
OCNT-2535612,ROSOUTDABWNWNG-UHFFFAOYSA-N,5.086468326745874,4.99779583946613
OCNT-2535614,BNTNTTDFRWQZSX-UHFFFAOYSA-N,5.52195328128365,5.0826049419439965
OCNT-2535616,NNSHXSLVAWXCRS-UHFFFAOYSA-N,5.4193435638950005,4.374634128506892
OCNT-2535617,ASONSTZFKYORPI-UHFFFAOYSA-N,5.3047385626461745,4.75928518143189
OCNT-2535618,GMSGUDRQGQFXOP-UHFFFAOYSA-N,5.733861440512164,5.013354025219724
OCNT-2535619,RNRNGFWNMPQBSY-UHFFFAOYSA-N,5.209347669575437,4.8541779246370735
OCNT-2535620,AMPWWLIMOOMKAQ-UHFFFAOYSA-N,5.4335270150535715,5.078046815853421
OCNT-2535621,QHEWAGFBUXKCTM-UHFFFAOYSA-N,5.592631929483278,4.806087015137902
OCNT-2535623,JJYWLFQRQOTSKA-IUCAKERBSA-N,3.932693866905238,2.649564675877329
OCNT-2535624,IYCLSQIPWSQNIF-UHFFFAOYSA-N,4.648552463787367,5.14694727563903
OCNT-2535625,ODSYZVWQYJLMAW-UHFFFAOYSA-N,4.9751879676100375,4.157102494831322
OCNT-2535626,ZPNQUHVMHVNRCK-UHFFFAOYSA-N,4.768038803758585,2.848246117575325
OCNT-2535627,PXARPJQYVTVYOH-UHFFFAOYSA-N,4.788780401568623,5.0645563016706205
OCNT-2535630,KVPAMEMYQLETCL-UHFFFAOYSA-N,5.310075457209712,5.519830954858043
OCNT-2535632,DILHJKQJIRRSPN-UHFFFAOYSA-N,5.084968303153774,4.221903541762332
OCNT-2535634,GNWYBOAPRZJEJI-UHFFFAOYSA-N,5.422539910924458,3.9090601398081417
OCNT-2535635,RFLYDQLJNTUTAF-UHFFFAOYSA-N,4.877831247418183,5.529813326468258
OCNT-2535638,JBUMYJJTMDCCOX-UHFFFAOYSA-N,3.9818578047835245,2.957714254844385
OCNT-2535639,ALWDRGAHNVDCTR-UHFFFAOYSA-N,3.6213903889116814,3.2602653726873623
OCNT-2535640,XXGXHKARXLHQMT-UHFFFAOYSA-N,4.235974233135359,4.771647603727329
OCNT-2535642,DUVCDNFPERLZRI-UHFFFAOYSA-N,3.8057349154407216,2.9569574704047166
OCNT-2535643,UPPVEVGLQBMBBV-UHFFFAOYSA-N,4.332128527302149,4.432910862236027
OCNT-2535644,FYBARWQRIIGYFV-UHFFFAOYSA-N,5.026763375655978,3.719216884280262
OCNT-2535645,PHWVFUZKPXFHHN-UHFFFAOYSA-N,5.274292720886882,5.047996430571503
OCNT-2535646,MCDMTZKCLHECNU-UHFFFAOYSA-N,5.322730125600538,4.214982753045127
OCNT-2535648,OMNJUTZGQKOEPZ-UHFFFAOYSA-N,5.11469088042814,5.364240982489396
OCNT-2535649,VQUDCUFYSLKRGD-UHFFFAOYSA-N,4.722550004846394,4.969175771369207
OCNT-2535650,OQMAXFFQKLMZJI-UHFFFAOYSA-N,5.369781664336779,3.730815332777913
OCNT-2535651,UWRJXBUQMYHCRA-UHFFFAOYSA-N,5.176720997908081,5.45942639923232
OCNT-2535652,HTLOUMQRJPHKLH-UHFFFAOYSA-N,5.230371948387566,3.550012440042279
OCNT-2535653,IIZRSIBPQXZADI-UHFFFAOYSA-N,5.6229961531626875,5.4867757912405875
OCNT-2535654,NAPKFRKJFGJAFA-UHFFFAOYSA-N,5.151007403022017,3.5187832536376136
OCNT-2535655,IXIORTXFXIMRGX-UHFFFAOYSA-N,4.155280585094871,4.035434876149567
OCNT-2535657,KECHVMAHQAJKAO-UHFFFAOYSA-N,5.40847725035101,5.532277398246776
OCNT-2535658,NBVNOCVGFIHQIF-UHFFFAOYSA-N,5.380074908130907,5.509415159822869
OCNT-2535659,KNFDVTMLZUPRKU-UHFFFAOYSA-N,5.370151771224086,4.381325663686789
OCNT-2535660,PVEVZCXYGQHBHJ-UHFFFAOYSA-N,5.1490810699350655,4.242225960933167
OCNT-2535661,HARCRWKYGNXMLV-UHFFFAOYSA-N,5.257330315396262,3.874870944935924
OCNT-2535662,CJSGMMLTXFAXPB-UHFFFAOYSA-N,5.087153498201677,3.782154605263875
OCNT-2535663,OFRPTPAADJOPPM-UHFFFAOYSA-N,5.121126852008728,4.18928860758947
OCNT-2535664,VACWFTSNYCGOSP-UHFFFAOYSA-N,5.384042678166019,3.6460119944602356
OCNT-2535665,VWWGWOGNHKPWNE-UHFFFAOYSA-N,5.173042327661718,3.6698001102729028
OCNT-2535666,LVFVQOFQOOLRJQ-UHFFFAOYSA-N,4.909257598234862,5.505139635133747
OCNT-2535667,BLMVIILCDNTTEE-UHFFFAOYSA-N,4.512724928200164,4.069768721597592
OCNT-2535668,DACUBDAGRHAABD-UHFFFAOYSA-N,4.14022483068416,4.523797852566446
OCNT-2535670,UUWMHEHPBUPKAP-UHFFFAOYSA-N,5.351710283870632,5.719904382818371
OCNT-2535671,JRAMMCXVHLQAHP-UHFFFAOYSA-N,5.397557889330751,5.060390298717725
OCNT-2535672,XFGAAZPALJLDKG-UHFFFAOYSA-N,5.289458624925839,4.176030759873196
OCNT-2535673,PVGVRWLPMOYWEH-UHFFFAOYSA-N,5.576907225965459,5.361197594735773
OCNT-2535675,RUOLLNNGVRSGNN-UHFFFAOYSA-N,5.302932776899957,4.862641519223793
OCNT-2535677,IVEIBVYQZUNAHX-UHFFFAOYSA-N,4.8933530147161,5.123294956594068
OCNT-2535679,LRBSZSOVEIBXRY-UHFFFAOYSA-N,5.249790189769082,3.6895768387250265
OCNT-2535681,DRSRKEFMNUKDTA-UHFFFAOYSA-N,5.136347865153063,4.81781760524506
OCNT-2535683,CSTRDFXEVCRSAM-UHFFFAOYSA-N,4.247105951016414,5.472674854765066
OCNT-2535685,MGRICPSSZFRPCD-UHFFFAOYSA-N,4.788340676665641,5.462742264207544
OCNT-2535686,WYGJCBYIFAATAO-UHFFFAOYSA-N,4.083429508851762,4.226072947913429
OCNT-2535687,NZQNBNRENDLDML-UHFFFAOYSA-N,4.465596904902358,2.6938456901678762
OCNT-2535688,UFSYAAOXXINHFF-UHFFFAOYSA-N,5.942757865909577,5.8276621104315405
OCNT-2535689,JBYVSGPXEKBQBZ-UHFFFAOYSA-N,5.67614077603442,5.8218623953774244
OCNT-2535690,HLZIGJDHLUTNLW-UHFFFAOYSA-N,5.450845417464659,5.459459489575874
OCNT-2535691,CMZPXMYQADBDAY-UHFFFAOYSA-N,5.0288779329477205,4.725781276198865
OCNT-2535692,ODTKYEDYGZTROD-UHFFFAOYSA-N,5.441080274827142,4.6022202198692925
OCNT-2535693,QBYBLJHTEHMIGP-UHFFFAOYSA-N,5.716493131513648,5.653234634920411
OCNT-2535694,KWJSMLGDFNJFDG-UHFFFAOYSA-N,4.3814598798121445,4.231667528554846
OCNT-2535695,OHDKEIMBJAPVQR-UHFFFAOYSA-N,5.167064036159752,4.997625597564717
OCNT-2535696,USSXXNFTIIOUDG-UHFFFAOYSA-N,5.001039335749981,5.718824438253991
OCNT-2535700,DIGRVLNWOITUJN-UHFFFAOYSA-N,4.395906447478323,4.831178437540142
OCNT-2535701,GEYDCUDSXDUENK-UHFFFAOYSA-N,4.980746774408245,5.373356424880743
OCNT-2535702,RFADLVBLBNWYRW-UHFFFAOYSA-N,4.860941664021696,4.917838482371224
OCNT-2535703,SPSHBGKJKWGKHH-INIZCTEOSA-N,3.770869050032616,3.4671396507094854
OCNT-2535705,HXVPFDWDSDTTSE-UHFFFAOYSA-N,5.192376269464831,4.330367702074963
OCNT-2535706,DZDXENYZKRWWPA-UHFFFAOYSA-N,4.449284897051428,3.607420493123133
OCNT-2535708,RWFMTTFMSFTYDP-UHFFFAOYSA-N,5.21573524095716,5.815308450305192
OCNT-2535712,ROEIPZQYACJARQ-UHFFFAOYSA-N,5.301865135374887,4.974922776232031
OCNT-2535713,BCOJQNDYKGDSKW-UHFFFAOYSA-N,5.178502876205656,4.264929045943836
OCNT-2535715,RYXWZOWLCANEOY-UHFFFAOYSA-N,4.479062925486757,4.5148915429302345
OCNT-2535717,HUGNWMRXMYQMAD-UHFFFAOYSA-N,4.8734477355185,4.187370511884283
OCNT-2535720,DOMSXLVTHIWDNG-UHFFFAOYSA-N,4.343347197738544,3.0649775981746346
OCNT-2535724,YMRPNHDRNWAFJV-UHFFFAOYSA-N,5.20786634381605,4.757657599837189
OCNT-2535725,HGUJPLVJHNCGPO-UHFFFAOYSA-N,5.561913985035623,6.0746884665867045
OCNT-2535726,DZEYODOFDOXEBZ-UHFFFAOYSA-N,5.909961726710411,6.069287950559078
OCNT-2535728,AGKPKQIXODEXMV-UHFFFAOYSA-N,5.7223990029580465,6.335532530379182
OCNT-2535729,DCNQMYDCNBYKNX-UHFFFAOYSA-N,5.813025393489597,6.220815160983506
OCNT-2535730,BLUQTPIYVZRMCH-UHFFFAOYSA-N,5.723378863338736,5.979237329922342
OCNT-2535731,SYGNILDAYOGBAE-UHFFFAOYSA-N,5.063631891084874,4.815663070285179
OCNT-2535732,XYNADGGLDALKBZ-UHFFFAOYSA-N,5.474083518193644,5.145464065786085
OCNT-2535733,JDKQFMVTCMWQJY-UHFFFAOYSA-N,5.584295317375995,6.049729155796293
OCNT-2535734,YJEZLCBPSMHHEI-UHFFFAOYSA-N,5.647946193248194,4.736689484834419
OCNT-2535736,NJFMBQGRCMUABM-UHFFFAOYSA-N,5.553059979754769,4.89933653236616
OCNT-2535737,KUBKVEWRTKQMEO-UHFFFAOYSA-N,5.732061340330711,5.594920182059427
OCNT-2535738,XTMPNZLSNOJPCM-UHFFFAOYSA-N,5.184456383767335,3.981864027916993
OCNT-2535739,KIYHLOCUJAIDOX-UHFFFAOYSA-N,5.745540661968316,6.2882907485914075
OCNT-2535740,XOLWPVSAEUFQJI-UHFFFAOYSA-N,5.810601178803121,5.571650996786294
OCNT-2535741,DTPDRVISUIINAK-UHFFFAOYSA-N,5.70940589812776,5.861773705960714
OCNT-2535744,GHKDUBULJOTSMF-UHFFFAOYSA-N,5.722063149384896,6.427173804645053
OCNT-2535745,SDXKHDJDJZBWJN-UHFFFAOYSA-N,5.6438356552764795,5.384588723893027
OCNT-2535746,SCGUSKMJDDLFPT-UHFFFAOYSA-N,4.560065261279664,4.516977460376197
OCNT-2535747,ZYXJEDLTPGIXRH-UHFFFAOYSA-N,5.6585498459183246,5.449401002234664
OCNT-2535748,ZXXIGCQOYSVQBE-UHFFFAOYSA-N,4.8470310466411,4.751234818062246
OCNT-2535749,DFKUWBZCRWBFBD-UHFFFAOYSA-N,4.618345724374864,4.150072542587729
OCNT-2535750,LEBZWCJYLFQIKX-UHFFFAOYSA-N,5.578796782872398,5.647828824597067
OCNT-2535751,XJBRIKMVJPSFNO-UHFFFAOYSA-N,5.711785640882466,5.829402090504144
OCNT-2535753,HPHMKNZBEMPYIM-UHFFFAOYSA-N,5.176550253270115,4.3548233471765725
OCNT-2535754,QDNGMDMPPXVWJW-OAHLLOKOSA-N,4.210667685218975,5.154720811021285
OCNT-2535755,SYTRDJXUBLVVSS-SFHVURJKSA-N,4.365659745874272,4.171039163154861
OCNT-2535757,WKYHEHGKKDLBRU-UHFFFAOYSA-N,5.408859422222997,5.724220155708315
OCNT-2535759,CDQCUPVHZNEFQP-UHFFFAOYSA-N,4.171348027815912,4.1583655450906605
OCNT-2535760,LYOAVHYUUXMMEH-UHFFFAOYSA-N,4.912887091727928,5.450590283294768
OCNT-2535761,KDDXXHDAXWIDFL-UHFFFAOYSA-N,5.201239082097258,4.977832792370476
OCNT-2535762,SJOFEAYJCSETSO-UHFFFAOYSA-N,5.435676013356443,4.899531160277731
OCNT-2535763,LTUDQJFGRMACGP-UHFFFAOYSA-N,5.187601677417281,5.005467060321086
OCNT-2535764,GUXDQSOLXUVFEX-UHFFFAOYSA-N,5.524530043589759,5.622076921930331
OCNT-2535765,DTRMTQCFCBDOGO-UHFFFAOYSA-N,4.61326281132657,4.872328941801403
OCNT-2535766,JXCHQUUVGOJRKJ-UHFFFAOYSA-N,5.357081040576264,5.104411106307896
OCNT-2535767,QTYUBSTUSLGHAD-UHFFFAOYSA-N,5.015410326232772,5.462588019457316
OCNT-2535768,DZFXOMRXESENLI-UHFFFAOYSA-N,5.037577694714303,5.066839244646961
OCNT-2535769,OBDRTDABZZJYNV-UHFFFAOYSA-N,5.20035327781885,4.625461783680066
OCNT-2535770,RXZOPUPVNNGHNG-UHFFFAOYSA-N,5.101587248300502,4.997488968996306
OCNT-2535771,GFLBMXPEJCZAIQ-UHFFFAOYSA-N,5.357069996025862,4.713557140214795
OCNT-2535772,LUELAUJTIDGOGT-UHFFFAOYSA-N,5.451374860601836,5.866830857644564
OCNT-2535773,JPSHHOVFBYETDT-UHFFFAOYSA-N,4.230369175428107,5.084702739325377
OCNT-2535774,NBFPPDSKRLSWEK-UHFFFAOYSA-N,4.45968049589089,2.847678444582654
OCNT-2535775,PVGFAMHQHVOWIM-UHFFFAOYSA-N,4.738150835536795,5.065695796118877
OCNT-2535776,MCTRZKAKODSRLQ-UHFFFAOYSA-N,5.472154077736119,4.204139435985502
OCNT-2535777,CKXAAXUYRZNYJP-UHFFFAOYSA-N,5.050761971837387,4.934320780625547
OCNT-2535778,VFQXEYKTWNRSQE-UHFFFAOYSA-N,5.416451348050968,4.139088788385752
OCNT-2535779,JQYVYWKGLKWXMU-UHFFFAOYSA-N,5.0097416981154055,5.090691243090766
OCNT-2535780,MLOXWFJWKSNEFB-UHFFFAOYSA-N,4.627353638231311,4.9888845008489415
OCNT-2535785,ZVYVOMJOBMQXDF-UHFFFAOYSA-N,5.349399706122096,4.2650362517884695
OCNT-2535786,BIZWRKPRTALEGZ-UHFFFAOYSA-N,5.332787885824369,3.994104236259959
OCNT-2535787,YLHGXCNUHMCAAZ-UHFFFAOYSA-N,4.3519926944972385,4.113280604482885
OCNT-2535788,DLHHFYXNVIMXSY-UHFFFAOYSA-N,4.957718897488794,5.082989958412926
OCNT-2535793,HFQKXZJLNCTZKT-LDCVWXEPSA-N,5.125171288715074,5.6660290939741405
OCNT-2535795,LNATUTXDDFFCAO-UHFFFAOYSA-N,4.876121880891031,5.282339941043741
OCNT-2535797,SPYQSXKSVXZMGL-UHFFFAOYSA-N,5.191590023569147,4.989959093359403
OCNT-2535799,NPYMTVWOEKCYBC-UHFFFAOYSA-N,5.590435159611467,4.564263826900576
OCNT-2535801,ONFHJCDDZWRYCM-UHFFFAOYSA-N,5.411129382980928,5.614027296227527
OCNT-2535802,FTBFYEZBFASXNM-UHFFFAOYSA-N,5.5574776996353155,5.9233580848791645
OCNT-2535804,LKHMLRTWBDHNIT-UHFFFAOYSA-N,4.987188124410228,5.005736514980244
OCNT-2535805,RBJSXJXXKINGKA-UHFFFAOYSA-N,5.501750892157178,5.474685617181678
OCNT-2535808,PGPXIARBWTYIGW-UHFFFAOYSA-N,5.413718044260485,5.212560893511668
OCNT-2535809,FZTBDZWEDOVRFP-UHFFFAOYSA-N,5.434500679111438,5.4540133956955446
OCNT-2535810,MEQMJZOEHYDCQO-UHFFFAOYSA-N,4.213377087336656,3.603919223600749
OCNT-2535811,MEPRZRJWPNAIHY-UHFFFAOYSA-N,4.457763396950587,4.9094867844339785
OCNT-2535812,VCFQFPHACUNRAC-UHFFFAOYSA-N,5.341086081792654,4.075368002365747
OCNT-2535813,HKIGXXRMJFUUKV-UHFFFAOYSA-N,4.560256224179472,2.746054297966145
OCNT-2535814,FRFKEOSMRYMHPT-UHFFFAOYSA-N,4.544605274874351,3.278084434445382
OCNT-2535815,IUUBNJJLZBNSNC-UHFFFAOYSA-N,4.805072539586503,3.297948944359586
OCNT-2535816,GWWARNAMYLWFAV-UHFFFAOYSA-N,5.288559596661396,5.416020965475498
OCNT-2535817,OTTWXFWSWWLTQO-UHFFFAOYSA-N,5.288346763278163,4.400448730725632
OCNT-2535819,YUECIVDTKKYMID-UHFFFAOYSA-N,5.017223302215259,3.8556608685046396
OCNT-2535820,PMFHBNLDQVCDDX-UHFFFAOYSA-N,5.029885207899686,4.386954023795165
OCNT-2535821,IHQFZWWKWCJFSI-UHFFFAOYSA-N,5.275179630805813,5.166256206390686
OCNT-2535823,QOXBOCMHNFGBOB-UHFFFAOYSA-N,4.707121622927901,4.217995891057904
OCNT-2535824,DWQNAARBDYKTBP-UHFFFAOYSA-N,5.323508798929725,5.387340100755225
OCNT-2535825,BOGABBQKWLODMY-UHFFFAOYSA-N,5.431001506990991,5.455228808228722
