repeat,fold,arm,seed,Endpoint,ST-RAE,MAE,R2,Spearman_R,Kendall_Tau
0,0,aid,2684470948,CYP1A2_pIC50_direct_inhibition,0.7256065416118673,0.6197035937814585,0.3500606094910203,0.5680401059076301,0.4116892821611961
0,0,aid,2684470948,CYP2C9_pIC50_direct_inhibition,0.6037060277663553,0.488732388666803,0.4264014920059835,0.628203109325096,0.4573607818477795
0,0,aid,2684470948,CYP2D6_pIC50_direct_inhibition,0.9373376623913574,0.5922425488532679,0.1855219238691685,0.455209238564517,0.3160621526340772
0,0,aid,2684470948,CYP3A4_pIC50_direct_inhibition,0.4838955549315074,0.5074024032774644,0.6437816296743641,0.8039077329074913,0.6095624097612015
0,0,aid,2684470948,MA,0.6876364466752718,0.5520202336447485,0.4014414137601341,0.6138400466761836,0.4486686566010636
0,0,baseline,2684470948,CYP1A2_pIC50_direct_inhibition,0.7883875412504711,0.6590054097361588,0.2948648621590517,0.5275029724617273,0.3713799188489253
0,0,baseline,2684470948,CYP2C9_pIC50_direct_inhibition,0.7113010720512997,0.52776904450625,0.3609008657998886,0.5834375096996,0.4111687371604242
0,0,baseline,2684470948,CYP2D6_pIC50_direct_inhibition,0.9580366078313584,0.5985335031988949,0.1649620484436273,0.4170427188170808,0.2829618630421196
0,0,baseline,2684470948,CYP3A4_pIC50_direct_inhibition,0.4910353465586046,0.5297021102416467,0.6053608924698222,0.7945810954766308,0.5973362177353275
0,0,baseline,2684470948,MA,0.7371901419229334,0.5787525169207376,0.3565221672180975,0.5806410741137598,0.4157116841966991
0,1,aid,4091952314,CYP1A2_pIC50_direct_inhibition,0.8353228295722307,0.599540934444945,0.3012101941350008,0.5583066898533662,0.3922358677546343
0,1,aid,4091952314,CYP2C9_pIC50_direct_inhibition,0.7405744624954356,0.4509523557413561,0.399385865476111,0.6421848255334407,0.4630895397855059
0,1,aid,4091952314,CYP2D6_pIC50_direct_inhibition,0.8589964878083239,0.5772960339878979,0.2176151280058987,0.4677777625675526,0.3220412947417916
0,1,aid,4091952314,CYP3A4_pIC50_direct_inhibition,0.5587285946771788,0.5478583782561447,0.5658589057102826,0.7540109909680414,0.5625824730446666
0,1,aid,4091952314,MA,0.7484055936382923,0.5439119256075858,0.3710175233318233,0.6055700672306003,0.4349872938316496
0,1,baseline,4091952314,CYP1A2_pIC50_direct_inhibition,0.8722179044172848,0.6225281618992308,0.2278823807880343,0.4829578431420939,0.3371615623851629
0,1,baseline,4091952314,CYP2C9_pIC50_direct_inhibition,0.5837758682625701,0.4157436796525431,0.4415787407955715,0.6529226310109133,0.477403270575647
0,1,baseline,4091952314,CYP2D6_pIC50_direct_inhibition,0.9569560493130124,0.6232304488143768,0.1172109514036275,0.3739562452131203,0.2525017849257075
0,1,baseline,4091952314,CYP3A4_pIC50_direct_inhibition,0.6102207129107592,0.5636109517323823,0.5149248957725148,0.7275898690392696,0.5404788380688245
0,1,baseline,4091952314,MA,0.7557926337259067,0.5562783105246333,0.325399242189937,0.5593566471013492,0.4018863639888355
0,2,aid,233227757,CYP1A2_pIC50_direct_inhibition,0.7450444787435714,0.6460048114558851,0.389576125471386,0.5991526476596608,0.424281630652382
0,2,aid,233227757,CYP2C9_pIC50_direct_inhibition,0.9244802597514372,0.5027692127310661,0.2499679979269821,0.5961276903165702,0.4277950394565941
0,2,aid,233227757,CYP2D6_pIC50_direct_inhibition,0.9129101967292292,0.5538225790718504,0.1422414788753909,0.4541071046072517,0.3146687933010085
0,2,aid,233227757,CYP3A4_pIC50_direct_inhibition,0.6754553979546534,0.5716265868085927,0.5207672415368486,0.7468846440633982,0.5566332740451969
0,2,aid,233227757,MA,0.8144725832947227,0.5685557975168486,0.3256382109526519,0.5990680216617202,0.4308446843637953
0,2,baseline,233227757,CYP1A2_pIC50_direct_inhibition,0.797198501136896,0.6824312296844843,0.2962798044198623,0.5295306918544868,0.3721697676849029
0,2,baseline,233227757,CYP2C9_pIC50_direct_inhibition,0.712247861397181,0.4611437779200616,0.2867120828824728,0.5789877011052802,0.4174937190226958
0,2,baseline,233227757,CYP2D6_pIC50_direct_inhibition,0.9722095973933632,0.5710648237978131,0.143616053089068,0.4511943241181652,0.3136582206946339
0,2,baseline,233227757,CYP3A4_pIC50_direct_inhibition,0.6697772788735936,0.5684423668820596,0.5096079085246555,0.7398149090450402,0.5536813361032494
0,2,baseline,233227757,MA,0.7878583097002585,0.5707705495711046,0.3090539622290147,0.5748819065307431,0.4142507608763705
0,3,aid,3276785861,CYP1A2_pIC50_direct_inhibition,0.8491388648221408,0.6096302568064194,0.3268874069084875,0.6220094426638945,0.4401472226992142
0,3,aid,3276785861,CYP2C9_pIC50_direct_inhibition,0.6304809006325869,0.4615668091114877,0.5026368775726583,0.6997575509107017,0.5126637009471506
0,3,aid,3276785861,CYP2D6_pIC50_direct_inhibition,0.9700961670592896,0.6564742469453827,0.0555391390802931,0.3980282567989561,0.273116149012463
0,3,aid,3276785861,CYP3A4_pIC50_direct_inhibition,0.4421168988714838,0.5135696693608868,0.6508225935032685,0.8118583946628004,0.6207442711909488
0,3,aid,3276785861,MA,0.7229582078463752,0.5603102455560441,0.3839715042661769,0.6329134112590881,0.4616678359624442
0,3,baseline,3276785861,CYP1A2_pIC50_direct_inhibition,0.7832492684117721,0.5854806248047706,0.3119183627333221,0.5728676474398885,0.4056854325479541
0,3,baseline,3276785861,CYP2C9_pIC50_direct_inhibition,0.6215620185118855,0.4778788849817827,0.4244953911060561,0.6803525108137155,0.5004459859041317
0,3,baseline,3276785861,CYP2D6_pIC50_direct_inhibition,1.0446124963248895,0.6897501934888425,0.0536586159544433,0.3883398362226561,0.2680109689761922
0,3,baseline,3276785861,CYP3A4_pIC50_direct_inhibition,0.4780603235397567,0.5490096173896517,0.5871971697816173,0.7772971534839227,0.5870184374928648
0,3,baseline,3276785861,MA,0.731871026697076,0.5755298301662619,0.3443173848938597,0.6047142869900457,0.4402902062302857
0,4,aid,3644269654,CYP1A2_pIC50_direct_inhibition,0.9003136732101732,0.6881517638859425,0.2060225243916361,0.5139342327707564,0.359860107917245
0,4,aid,3644269654,CYP2C9_pIC50_direct_inhibition,0.6566071053820824,0.4398728893683051,0.4390392590817287,0.6233481507452434,0.4558269623457272
0,4,aid,3644269654,CYP2D6_pIC50_direct_inhibition,0.930715457848587,0.6022388940783759,0.1717012626503284,0.466229471228858,0.3246201685108426
0,4,aid,3644269654,CYP3A4_pIC50_direct_inhibition,0.546114942579331,0.5494685974454927,0.5759094397962747,0.7644972437489729,0.575022144507454
0,4,aid,3644269654,MA,0.7584377947550434,0.5699330361945291,0.348168121479992,0.5920022746234577,0.4288323458203172
0,4,baseline,3644269654,CYP1A2_pIC50_direct_inhibition,0.8891741613388273,0.6949889165505574,0.1481149889202636,0.4665232196101207,0.3271863718323515
0,4,baseline,3644269654,CYP2C9_pIC50_direct_inhibition,0.6779990832359799,0.4469231040767684,0.3966628364838909,0.6145530287585081,0.4435459907136685
0,4,baseline,3644269654,CYP2D6_pIC50_direct_inhibition,1.0637585930632911,0.6451740472213829,0.05992651648964,0.3789589637776269,0.2559714571145525
0,4,baseline,3644269654,CYP3A4_pIC50_direct_inhibition,0.6122705634100402,0.5864609053387918,0.550284531800672,0.7542833583957724,0.5624674494333753
0,4,baseline,3644269654,MA,0.8108006002620346,0.5933867432968751,0.2887472184236166,0.5535796426355071,0.3972928172734869
1,0,aid,1206282609,CYP1A2_pIC50_direct_inhibition,0.95843046123873,0.6688696630499966,0.2118673776574161,0.4976557274019449,0.3445325388433629
1,0,aid,1206282609,CYP2C9_pIC50_direct_inhibition,0.6489224703546828,0.4717095391698097,0.4160026219657293,0.6374211579970628,0.4585127770174226
1,0,aid,1206282609,CYP2D6_pIC50_direct_inhibition,0.8873420534241702,0.6282461458180691,0.2091356290774759,0.4552282467553403,0.3197958453951255
1,0,aid,1206282609,CYP3A4_pIC50_direct_inhibition,0.5555033137662826,0.5415669762319513,0.5873295262500273,0.7755307082526611,0.5802457090113177
1,0,aid,1206282609,MA,0.7625495746959664,0.5775980810674566,0.3560837887376621,0.5914589601017523,0.4257717175668072
1,0,baseline,1206282609,CYP1A2_pIC50_direct_inhibition,0.871486244161885,0.6248169699911146,0.241216230357387,0.5090743600872079,0.3574099160734021
1,0,baseline,1206282609,CYP2C9_pIC50_direct_inhibition,0.6828650866603483,0.4859044524729109,0.3412980752666832,0.6332043319129471,0.4587123894798802
1,0,baseline,1206282609,CYP2D6_pIC50_direct_inhibition,0.9476148357926176,0.664026349314782,0.1582428147227696,0.3910861938721448,0.2694768354593138
1,0,baseline,1206282609,CYP3A4_pIC50_direct_inhibition,0.5041213491308933,0.56020375447543,0.5454118232379559,0.7620573728334534,0.5698945778472738
1,0,baseline,1206282609,MA,0.7515218789364361,0.5837378815635594,0.3215422358961989,0.5738555646764384,0.4138734297149675
1,1,aid,3543069911,CYP1A2_pIC50_direct_inhibition,0.8197980331278102,0.6666005118632085,0.3181308483953893,0.606493606977717,0.433655975658815
1,1,aid,3543069911,CYP2C9_pIC50_direct_inhibition,0.6714103636815769,0.4671993238788587,0.4592907918140028,0.6361781879298524,0.456902827715511
1,1,aid,3543069911,CYP2D6_pIC50_direct_inhibition,0.9460145248975064,0.5743057976051233,0.1243679230641903,0.3787113419934663,0.2595023822177996
1,1,aid,3543069911,CYP3A4_pIC50_direct_inhibition,0.5254484385885794,0.5135716558698716,0.611020880970111,0.793259958568289,0.6020192888240765
1,1,aid,3543069911,MA,0.7406678400738682,0.5554193223042655,0.3782026110609233,0.6036607738673312,0.4380201186040505
1,1,baseline,3543069911,CYP1A2_pIC50_direct_inhibition,0.9040377505924748,0.7092920835439055,0.2344169773342618,0.5911132756135385,0.4155041080610244
1,1,baseline,3543069911,CYP2C9_pIC50_direct_inhibition,0.6416581625586035,0.462390627140248,0.423739149201838,0.6373450074482926,0.45733478435705
1,1,baseline,3543069911,CYP2D6_pIC50_direct_inhibition,0.9645828553988516,0.5797446234241433,0.1131079858379468,0.3970655860142929,0.2720276869766748
1,1,baseline,3543069911,CYP3A4_pIC50_direct_inhibition,0.5386955018140125,0.5348721535289617,0.5821985973038059,0.7796512914167718,0.5867955734307402
1,1,baseline,3543069911,MA,0.7622435675909857,0.5715748719093147,0.3383656774194631,0.6012937901232239,0.4329155382063724
1,2,aid,3479688010,CYP1A2_pIC50_direct_inhibition,0.7173125464321923,0.6302865703900872,0.3631831330302472,0.593258980183397,0.4210790095183872
1,2,aid,3479688010,CYP2C9_pIC50_direct_inhibition,0.6515726005536574,0.4618822489016882,0.477176180684353,0.69918911837748,0.5077537899192177
1,2,aid,3479688010,CYP2D6_pIC50_direct_inhibition,0.9126116853221644,0.5719911414625248,0.1691265028033163,0.4512599069857592,0.3107187927114944
1,2,aid,3479688010,CYP3A4_pIC50_direct_inhibition,0.5160870774343778,0.5646770193415145,0.6030418685307608,0.787895223233858,0.5965542423661157
1,2,aid,3479688010,MA,0.699395977435598,0.5572092450239537,0.4031319212621693,0.6329008071951235,0.4590264586288037
1,2,baseline,3479688010,CYP1A2_pIC50_direct_inhibition,0.8839108776790604,0.718854896629885,0.1914620165182093,0.491470546678421,0.3413017688679142
1,2,baseline,3479688010,CYP2C9_pIC50_direct_inhibition,0.5478286578110553,0.4426173216260456,0.5354370711927058,0.7298256452256199,0.5367558149328755
1,2,baseline,3479688010,CYP2D6_pIC50_direct_inhibition,1.0920388543794688,0.6364520320967919,-0.0100779027471289,0.3765312428637281,0.256862774019205
1,2,baseline,3479688010,CYP3A4_pIC50_direct_inhibition,0.4691185004179204,0.5504235655698129,0.6109696650269194,0.777886421384598,0.5904551021124567
1,2,baseline,3479688010,MA,0.7482242225718763,0.5870869539806339,0.3319477124976763,0.5939284640380917,0.4313438649831128
1,3,aid,877132087,CYP1A2_pIC50_direct_inhibition,0.8472840254435143,0.6331889481290238,0.2728995772706978,0.4697431187504428,0.3248835065003346
1,3,aid,877132087,CYP2C9_pIC50_direct_inhibition,0.7180092481777772,0.4479114043048063,0.3734193037289207,0.5892984944487712,0.426504512348521
1,3,aid,877132087,CYP2D6_pIC50_direct_inhibition,0.8564837552350913,0.589244471879522,0.2018871000062309,0.4424894895029966,0.3006177242456707
1,3,aid,877132087,CYP3A4_pIC50_direct_inhibition,0.5914225047651853,0.5422924759392593,0.5641062282720521,0.7428349103386781,0.5514346802804316
1,3,aid,877132087,MA,0.753299883405392,0.5531593250631529,0.3530780523194754,0.5610915032602223,0.4008601058437395
1,3,baseline,877132087,CYP1A2_pIC50_direct_inhibition,0.964849333136412,0.6703241740623572,0.1914535711653392,0.4746089196534236,0.3322402173106076
1,3,baseline,877132087,CYP2C9_pIC50_direct_inhibition,0.6545571250611353,0.436621615607755,0.3811998494308208,0.6272041286911003,0.4596889430697708
1,3,baseline,877132087,CYP2D6_pIC50_direct_inhibition,0.986497821006575,0.6463428918460373,0.1040678374466723,0.4130596233547198,0.2833810127637589
1,3,baseline,877132087,CYP3A4_pIC50_direct_inhibition,0.508527115695503,0.507871961845503,0.6082028848270956,0.7883116496437722,0.5921302334922994
1,3,baseline,877132087,MA,0.7786078487249064,0.5652901608404132,0.321231035717482,0.575796080335754,0.4168601016591092
1,4,aid,1244265337,CYP1A2_pIC50_direct_inhibition,0.8946239276119629,0.6802953123158706,0.1972542210198052,0.5338844783287144,0.3756471311578507
1,4,aid,1244265337,CYP2C9_pIC50_direct_inhibition,0.6668757441463871,0.4310260224627961,0.4200703391188698,0.6369384458408363,0.4622634060912639
1,4,aid,1244265337,CYP2D6_pIC50_direct_inhibition,1.0651183372150512,0.6345921941396551,0.0717493765022982,0.4067044739129911,0.2804006351324802
1,4,aid,1244265337,CYP3A4_pIC50_direct_inhibition,0.5772278434476722,0.5675176370790542,0.5292103322872206,0.7395835758073186,0.5498203640727484
1,4,aid,1244265337,MA,0.8009614631052683,0.578357791499344,0.3045710672320485,0.5792777434724651,0.4170328841135858
1,4,baseline,1244265337,CYP1A2_pIC50_direct_inhibition,0.8946151251506241,0.6850371330317697,0.2220846022934639,0.549993172278269,0.3815805988777533
1,4,baseline,1244265337,CYP2C9_pIC50_direct_inhibition,0.6767797050011155,0.4408221930623345,0.3839237839768898,0.6060769112740536,0.4372842706403575
1,4,baseline,1244265337,CYP2D6_pIC50_direct_inhibition,1.0857127255633714,0.639873664216777,0.0565724112071288,0.4182616695059981,0.2855437437130649
1,4,baseline,1244265337,CYP3A4_pIC50_direct_inhibition,0.559841925628412,0.5623798388304512,0.51065483437726,0.7263151870023785,0.5438547738431998
1,4,baseline,1244265337,MA,0.8042373703358807,0.5820282072853331,0.2933089079636857,0.5751617350151749,0.4120658467685939
2,0,aid,2740186692,CYP1A2_pIC50_direct_inhibition,0.8317770336160619,0.6266689038006341,0.3129502552174825,0.5714162127764578,0.4079508206492027
2,0,aid,2740186692,CYP2C9_pIC50_direct_inhibition,0.7240220372252106,0.4418416649916603,0.3360161224078045,0.6156762322229731,0.4475368595524898
2,0,aid,2740186692,CYP2D6_pIC50_direct_inhibition,0.9731833080714268,0.5828199209645732,0.1570196422073759,0.4681951074330129,0.3277078159315168
2,0,aid,2740186692,CYP3A4_pIC50_direct_inhibition,0.5029925869786984,0.5203094663368752,0.6314646423502349,0.8012802823664574,0.6074229541733687
2,0,aid,2740186692,MA,0.7579937414728495,0.5429099890234358,0.3593626655457245,0.6141419586997252,0.4476546125766445
2,0,baseline,2740186692,CYP1A2_pIC50_direct_inhibition,0.8542142959494546,0.6602969113614529,0.2784793661537718,0.5120908534861406,0.3593027488693175
2,0,baseline,2740186692,CYP2C9_pIC50_direct_inhibition,0.792785879482341,0.4668186692150114,0.2272084897640478,0.5268395695008877,0.3795715076313796
2,0,baseline,2740186692,CYP2D6_pIC50_direct_inhibition,1.083036134923653,0.6292067925043452,0.0080848800911973,0.3828223888982345,0.2602819890059764
2,0,baseline,2740186692,CYP3A4_pIC50_direct_inhibition,0.5096695518424862,0.5448691260471543,0.5840390341873842,0.7640071557584149,0.5684749806855163
2,0,baseline,2740186692,MA,0.8099264655494838,0.575297874781991,0.2744529425491003,0.5464399919109194,0.3919078065480474
2,1,aid,3884972972,CYP1A2_pIC50_direct_inhibition,0.8591561286726517,0.6196134621543604,0.2924603746015236,0.5513754093502522,0.3873713771161883
2,1,aid,3884972972,CYP2C9_pIC50_direct_inhibition,0.6117192909044082,0.4608006917051906,0.4702717909036862,0.6699948910090121,0.4875620436386637
2,1,aid,3884972972,CYP2D6_pIC50_direct_inhibition,0.8951214954525615,0.6101555953615786,0.1507449094004607,0.4499992739047029,0.316910083583924
2,1,aid,3884972972,CYP3A4_pIC50_direct_inhibition,0.5251891568161264,0.5281019227486131,0.6360219763065718,0.7972492904646125,0.6078304205227957
2,1,aid,3884972972,MA,0.722796517961437,0.5546679179924358,0.3873747628030606,0.617154716182145,0.4499184812153929
2,1,baseline,3884972972,CYP1A2_pIC50_direct_inhibition,0.8405455999880922,0.6216620379960072,0.2420346966724929,0.5040064742405573,0.3481951771357507
2,1,baseline,3884972972,CYP2C9_pIC50_direct_inhibition,0.6536627468630704,0.4740873390146226,0.4088746102310583,0.6198108012665593,0.4466518569314404
2,1,baseline,3884972972,CYP2D6_pIC50_direct_inhibition,0.8474571751545268,0.5950614431680535,0.1730438111589113,0.4554697583144873,0.3181202168902522
2,1,baseline,3884972972,CYP3A4_pIC50_direct_inhibition,0.5961307648607449,0.562116751282647,0.5661025262904059,0.7664119866900808,0.5717114166193692
2,1,baseline,3884972972,MA,0.7344490717166086,0.5632318928653325,0.347513911088217,0.5864247551279212,0.4211696668942031
2,2,aid,829139639,CYP1A2_pIC50_direct_inhibition,0.8256401300785243,0.6572033019435907,0.3218737347194766,0.5610661176818866,0.3959411883486846
2,2,aid,829139639,CYP2C9_pIC50_direct_inhibition,0.6098328180590787,0.4625710487305816,0.3847477955696438,0.6946390713279444,0.5163373520796882
2,2,aid,829139639,CYP2D6_pIC50_direct_inhibition,0.9031303690068212,0.6202415468041118,0.2274956628383945,0.4714957198603617,0.326937652019744
2,2,aid,829139639,CYP3A4_pIC50_direct_inhibition,0.5439310242804319,0.5555698770020261,0.561183507765622,0.7652502296743897,0.5746164162298624
2,2,aid,829139639,MA,0.7206335853562141,0.5738964436200775,0.3738251752232842,0.6231127846361456,0.4534581521694947
2,2,baseline,829139639,CYP1A2_pIC50_direct_inhibition,0.9185532544738018,0.6944255504904563,0.2493618857402323,0.5172887641873449,0.3661147358873041
2,2,baseline,829139639,CYP2C9_pIC50_direct_inhibition,0.6578019556892816,0.4449271029795356,0.3660502414133114,0.6697054443275193,0.4844398417036226
2,2,baseline,829139639,CYP2D6_pIC50_direct_inhibition,1.019859886216185,0.6717557957611049,0.1400105062925898,0.4424169316016659,0.3041243456321582
2,2,baseline,829139639,CYP3A4_pIC50_direct_inhibition,0.5214511642464363,0.5288422726996479,0.591975344660063,0.7811723138162541,0.5903217776418476
2,2,baseline,829139639,MA,0.7794165651564261,0.5849876804826862,0.3368494945265491,0.602645863483196,0.4362501752162331
2,3,aid,2545567356,CYP1A2_pIC50_direct_inhibition,0.8613594903838016,0.6458958899622711,0.2376777977343768,0.489606129854586,0.3373334242703884
2,3,aid,2545567356,CYP2C9_pIC50_direct_inhibition,0.6632087954333086,0.4623100328047606,0.3796595310628315,0.5886266240617898,0.4252049493099578
2,3,aid,2545567356,CYP2D6_pIC50_direct_inhibition,0.9002296733531004,0.5891066789676321,0.1263396420011841,0.3802679541897458,0.2569648021878253
2,3,aid,2545567356,CYP3A4_pIC50_direct_inhibition,0.5503856918236276,0.5559973154053311,0.5425888171410239,0.7212733275767231,0.5350592942036456
2,3,aid,2545567356,MA,0.7437959127484596,0.5633274792849987,0.3215664469848541,0.5449435089207112,0.3886406174929543
2,3,baseline,2545567356,CYP1A2_pIC50_direct_inhibition,0.9592837674436272,0.6936096271368979,0.1472775429995052,0.4565923731910461,0.3142285489364649
2,3,baseline,2545567356,CYP2C9_pIC50_direct_inhibition,0.7226515617241018,0.4636595782249768,0.4178045956926889,0.6180745702580506,0.4457647946379128
2,3,baseline,2545567356,CYP2D6_pIC50_direct_inhibition,1.0284653795334755,0.6469974409441003,-0.003884968606375,0.3875622320566639,0.2611040037237002
2,3,baseline,2545567356,CYP3A4_pIC50_direct_inhibition,0.5374126215193287,0.53789559980978,0.5496988862428738,0.7329612393274839,0.5510802629130381
2,3,baseline,2545567356,MA,0.8119533325551334,0.5855405615289387,0.2777240140821732,0.5487976037083112,0.393044402552779
2,4,aid,2718398101,CYP1A2_pIC50_direct_inhibition,0.7252209097153094,0.6521512300419372,0.3304298384028328,0.5660544772927265,0.4032147948152996
2,4,aid,2718398101,CYP2C9_pIC50_direct_inhibition,0.5190071337531122,0.4368376359692387,0.5201658179813522,0.7154715132475666,0.52505453367874
2,4,aid,2718398101,CYP2D6_pIC50_direct_inhibition,0.9805135032525444,0.5795367325647219,0.1157813323845293,0.4062623664231935,0.2822536877822766
2,4,aid,2718398101,CYP3A4_pIC50_direct_inhibition,0.4943535947029004,0.5289488192923038,0.6146605378926865,0.787724249939544,0.5884925802519382
2,4,aid,2718398101,MA,0.6797737853559667,0.5493686044670504,0.3952593816653502,0.6188781517257577,0.4497538991320635
2,4,baseline,2718398101,CYP1A2_pIC50_direct_inhibition,0.8032593890800086,0.6920713935945203,0.2922734825955572,0.5582473807506885,0.3950385034079989
2,4,baseline,2718398101,CYP2C9_pIC50_direct_inhibition,0.6918243266643131,0.4682597372512463,0.4451589948602328,0.6887441310306572,0.5038363720046849
2,4,baseline,2718398101,CYP2D6_pIC50_direct_inhibition,1.1185429757496783,0.6359187494809603,-0.0095940082488731,0.326965476479354,0.2206104721018288
2,4,baseline,2718398101,CYP3A4_pIC50_direct_inhibition,0.5874828162137212,0.587815212926885,0.5347887310929368,0.7481134902677907,0.5506642556420078
2,4,baseline,2718398101,MA,0.8002773769269304,0.596016273313403,0.3156568000749634,0.5805176196321227,0.4175374007891301
3,0,aid,176092387,CYP1A2_pIC50_direct_inhibition,0.8236173132113688,0.6326676418896537,0.2819746998401078,0.5443984732013409,0.3795472463022435
3,0,aid,176092387,CYP2C9_pIC50_direct_inhibition,0.5865686238116853,0.4426717966220186,0.4957027418050455,0.6738866034117346,0.4942130356964397
3,0,aid,176092387,CYP2D6_pIC50_direct_inhibition,0.9476690159481456,0.6196584588193528,0.1567053509171761,0.4455119145108123,0.3080071521645445
3,0,aid,176092387,CYP3A4_pIC50_direct_inhibition,0.4847214528045709,0.5428202746495435,0.5924451146412603,0.7947899719947865,0.5973296827906497
3,0,aid,176092387,MA,0.7106441014439426,0.5594545429951421,0.3817069768008974,0.6146467407796685,0.4447742792384693
3,0,baseline,176092387,CYP1A2_pIC50_direct_inhibition,0.8470908927773141,0.6439396194219434,0.2560484935641574,0.5058607388338353,0.3546255064015703
3,0,baseline,176092387,CYP2C9_pIC50_direct_inhibition,0.6445274634775471,0.4555494364374387,0.4603032661490942,0.6667500364827825,0.4907549326384892
3,0,baseline,176092387,CYP2D6_pIC50_direct_inhibition,1.0731506505891548,0.6782653797677364,0.0644078805698785,0.3553842798532144,0.242137600735035
3,0,baseline,176092387,CYP3A4_pIC50_direct_inhibition,0.5129036764372619,0.5474184878980174,0.5767789508642837,0.77555256983554,0.5788385616774021
3,0,baseline,176092387,MA,0.7694181708203195,0.581293230881284,0.3393846477868534,0.575886906251343,0.4165891503631242
3,1,aid,3528048386,CYP1A2_pIC50_direct_inhibition,0.8047895240970584,0.6475718934716435,0.3037096264750581,0.5326428635921828,0.3793122690173
3,1,aid,3528048386,CYP2C9_pIC50_direct_inhibition,0.6252085450302431,0.4299375708296385,0.4277403737543705,0.6485255286145771,0.4633959100564646
3,1,aid,3528048386,CYP2D6_pIC50_direct_inhibition,0.8765493287971781,0.6000769756716213,0.1783093984499983,0.4836992143425683,0.3342129699724131
3,1,aid,3528048386,CYP3A4_pIC50_direct_inhibition,0.4733648811649859,0.5129662730922405,0.6202195597353712,0.7918983564428603,0.5979148121295303
3,1,aid,3528048386,MA,0.6949780697723664,0.5476381782662859,0.3824947396036995,0.6141914907480471,0.443708990293927
3,1,baseline,3528048386,CYP1A2_pIC50_direct_inhibition,0.8586299624414748,0.6725791655640773,0.1924402626704674,0.4344229256566034,0.3035268555989044
3,1,baseline,3528048386,CYP2C9_pIC50_direct_inhibition,0.6342335892930638,0.4431042431475582,0.3738154907046062,0.6412446681319538,0.457459275779278
3,1,baseline,3528048386,CYP2D6_pIC50_direct_inhibition,0.9490452525217048,0.6368695526904186,0.0887189855419107,0.3608355316993291,0.2453862095723825
3,1,baseline,3528048386,CYP3A4_pIC50_direct_inhibition,0.5520692691468696,0.5376040978686244,0.5809644452027494,0.757100124447543,0.5648491821031519
3,1,baseline,3528048386,MA,0.7484945183507783,0.5725392648176696,0.3089847960299334,0.5484008124838573,0.3928053807634292
3,2,aid,569531098,CYP1A2_pIC50_direct_inhibition,0.85751004347675,0.646644389725225,0.24621491184378,0.5263340548285337,0.3687372571060225
3,2,aid,569531098,CYP2C9_pIC50_direct_inhibition,0.7505490372443867,0.4986063303197182,0.3320865047673911,0.5365761725683458,0.3813094214353049
3,2,aid,569531098,CYP2D6_pIC50_direct_inhibition,1.000042670688435,0.6244435116299533,0.1399153298624893,0.4240734670321254,0.2904472863349551
3,2,aid,569531098,CYP3A4_pIC50_direct_inhibition,0.5248661843116876,0.5349451805812501,0.5976123596791431,0.7732725612606295,0.5834577729922109
3,2,aid,569531098,MA,0.7832419839303149,0.5761598530640366,0.3289572765382009,0.5650640639224085,0.4059879344671234
3,2,baseline,569531098,CYP1A2_pIC50_direct_inhibition,0.9545045252627168,0.6866462928134879,0.1825439419471079,0.4918956433379819,0.3410559042153405
3,2,baseline,569531098,CYP2C9_pIC50_direct_inhibition,0.7825175437016803,0.5029015811058611,0.3048057037709207,0.5563762043335428,0.3955482840612772
3,2,baseline,569531098,CYP2D6_pIC50_direct_inhibition,0.9592795223103836,0.6050037135711122,0.1179839216565749,0.4250962132019133,0.2915947835063153
3,2,baseline,569531098,CYP3A4_pIC50_direct_inhibition,0.5319875828759203,0.55434151095055,0.548549630097711,0.7575430255723155,0.5686537140045583
3,2,baseline,569531098,MA,0.8070722935376753,0.5872232746102528,0.2884707993680786,0.5577277716114384,0.3992131714468728
3,3,aid,1337295874,CYP1A2_pIC50_direct_inhibition,0.8572166623774676,0.668090850393663,0.2896608565259801,0.5622184769724164,0.3966458986919773
3,3,aid,1337295874,CYP2C9_pIC50_direct_inhibition,0.6748122126187297,0.4561081321136835,0.4154656735267364,0.6383949461655424,0.4629072050624255
3,3,aid,1337295874,CYP2D6_pIC50_direct_inhibition,1.0263008794274333,0.5852093904532277,0.0929550145637033,0.392343535811005,0.2692363398687247
3,3,aid,1337295874,CYP3A4_pIC50_direct_inhibition,0.5373982398424338,0.5592863787367278,0.565568569045329,0.7550201983848877,0.5624531565709083
3,3,aid,1337295874,MA,0.7739319985665161,0.5671736879243255,0.3409125284154372,0.5869942893334629,0.422810650048509
3,3,baseline,1337295874,CYP1A2_pIC50_direct_inhibition,0.8641183661969529,0.6795199116310761,0.2075737616232422,0.5187457322359125,0.3642308589756247
3,3,baseline,1337295874,CYP2C9_pIC50_direct_inhibition,0.6981301336247447,0.4664209017723248,0.3898393069638303,0.6101735197914084,0.4419290910885459
3,3,baseline,1337295874,CYP2D6_pIC50_direct_inhibition,0.9635039293430612,0.5617005551943498,0.1265600790407119,0.4204372162282946,0.2846547305914488
3,3,baseline,1337295874,CYP3A4_pIC50_direct_inhibition,0.5242087137930581,0.5450712539766867,0.5674241327890733,0.7587168386854551,0.5692421346553196
3,3,baseline,1337295874,MA,0.7624902857394543,0.5631781556436093,0.3228493201042144,0.5770183267352677,0.4150142038277348
3,4,aid,612016888,CYP1A2_pIC50_direct_inhibition,0.7589860812447216,0.6330430954305926,0.3313784115652603,0.5976810933193917,0.4246637352286468
3,4,aid,612016888,CYP2C9_pIC50_direct_inhibition,0.5568219659784278,0.4344175814880504,0.4870961924465002,0.6512429592641823,0.4800947953534801
3,4,aid,612016888,CYP2D6_pIC50_direct_inhibition,0.9082750270610764,0.5988143448404022,0.2340054712563773,0.4996898963790199,0.3504489459270931
3,4,aid,612016888,CYP3A4_pIC50_direct_inhibition,0.5300755366424157,0.5530862112395295,0.5504386161595971,0.7400363232918863,0.5544291861025644
3,4,aid,612016888,MA,0.6885396527316603,0.5548403082496436,0.4007296728569337,0.6221625680636201,0.4524091656529461
3,4,baseline,612016888,CYP1A2_pIC50_direct_inhibition,0.8425844701240708,0.6785963907916474,0.2324439294070219,0.5044894964825548,0.3512236335652224
3,4,baseline,612016888,CYP2C9_pIC50_direct_inhibition,0.6654214760946692,0.4658301322109496,0.3857943974842721,0.6207919653001881,0.4527832115442875
3,4,baseline,612016888,CYP2D6_pIC50_direct_inhibition,0.9832306526347788,0.636341196985663,0.1501685985199027,0.4318725062827769,0.2976212144544947
3,4,baseline,612016888,CYP3A4_pIC50_direct_inhibition,0.5409085025332117,0.5654629069295694,0.5391786596408172,0.7362246454773045,0.5496584227333896
3,4,baseline,612016888,MA,0.7580362753466826,0.5865576567294574,0.3268963962630035,0.5733446533857062,0.4128216205743485
4,0,aid,232150720,CYP1A2_pIC50_direct_inhibition,0.8571270979328587,0.6894167856741167,0.3070660296889458,0.5890020157324243,0.4192558540817349
4,0,aid,232150720,CYP2C9_pIC50_direct_inhibition,0.6065366379096857,0.4840364910699021,0.4568772919099397,0.6817443993566473,0.4941861704171192
4,0,aid,232150720,CYP2D6_pIC50_direct_inhibition,0.9958603313913952,0.6140384852802959,0.172874439690859,0.4684158786439283,0.324370341124116
4,0,aid,232150720,CYP3A4_pIC50_direct_inhibition,0.4999889643492071,0.5331381025771204,0.5905812629821092,0.7776782166939807,0.5870487431486908
4,0,aid,232150720,MA,0.7398782578957867,0.5801574661503588,0.3818497560679635,0.6292101276067452,0.4562152771929152
4,0,baseline,232150720,CYP1A2_pIC50_direct_inhibition,0.8700913933907533,0.7143792078217915,0.2415176049601352,0.523343389320199,0.3634472839375784
4,0,baseline,232150720,CYP2C9_pIC50_direct_inhibition,0.6160912011888535,0.5052163342664245,0.3847863186657078,0.6741538393623515,0.4883435348785534
4,0,baseline,232150720,CYP2D6_pIC50_direct_inhibition,1.04533239318875,0.6372801343428538,0.0747999045467063,0.3351057543038399,0.2270649875621963
4,0,baseline,232150720,CYP3A4_pIC50_direct_inhibition,0.5069078132126144,0.5553255272905852,0.5485852163559469,0.7590767205038884,0.5711850665163863
4,0,baseline,232150720,MA,0.7596057002452428,0.6030503009304138,0.3124222611321241,0.5729199258725697,0.4125102182236786
4,1,aid,2324106676,CYP1A2_pIC50_direct_inhibition,0.8753393583460981,0.6958869944219305,0.2178290007232412,0.4723044223972222,0.3384905858335963
4,1,aid,2324106676,CYP2C9_pIC50_direct_inhibition,0.5886718389212195,0.4299297292351679,0.4830723148831123,0.6632296611237427,0.4849861987408803
4,1,aid,2324106676,CYP2D6_pIC50_direct_inhibition,1.0200063536535902,0.6233633933243422,0.143112425073536,0.4070079861503002,0.2846616505112139
4,1,aid,2324106676,CYP3A4_pIC50_direct_inhibition,0.5087901840363028,0.5361886009382227,0.6097863779058497,0.7781449514540799,0.5886124612084191
4,1,aid,2324106676,MA,0.7482019337393028,0.5713421794799158,0.3634500296464348,0.5801717552813362,0.4241877240735274
4,1,baseline,2324106676,CYP1A2_pIC50_direct_inhibition,0.8972936519306629,0.7100196953830232,0.0446364885472235,0.4199546651558874,0.2988586232878742
4,1,baseline,2324106676,CYP2C9_pIC50_direct_inhibition,0.5833017918528272,0.4287832024731068,0.4666767387484267,0.6676248318903558,0.4886067877807603
4,1,baseline,2324106676,CYP2D6_pIC50_direct_inhibition,1.0320048652951253,0.6219288033614784,0.1324472511943373,0.4097350128563574,0.2858581559506271
4,1,baseline,2324106676,CYP3A4_pIC50_direct_inhibition,0.613533412416559,0.573850018730784,0.5364152374554666,0.7351529908332458,0.5524343693707898
4,1,baseline,2324106676,MA,0.7815334303737935,0.583645429987098,0.2950439289863635,0.5581168751839616,0.4064394840975128
4,2,aid,1658700540,CYP1A2_pIC50_direct_inhibition,0.7779425801327939,0.6143551480227815,0.3316253412021858,0.5753419341382795,0.4066444328565929
4,2,aid,1658700540,CYP2C9_pIC50_direct_inhibition,0.838992879970484,0.4186503099856681,0.2988497377357771,0.5954866777668371,0.4287935064209311
4,2,aid,1658700540,CYP2D6_pIC50_direct_inhibition,0.9392472433727472,0.626965519666729,0.1754251443746446,0.4701939182743592,0.3264421408950356
4,2,aid,1658700540,CYP3A4_pIC50_direct_inhibition,0.5536640489123824,0.5188779566604329,0.6091399464966559,0.7770910467443766,0.5838909980006782
4,2,aid,1658700540,MA,0.7774616880971018,0.5447122335839029,0.3537600424523158,0.604528394230963,0.4364427695433094
4,2,baseline,1658700540,CYP1A2_pIC50_direct_inhibition,0.7856681090753247,0.6103363772093964,0.3171471088558707,0.5690238141786289,0.4004586289300126
4,2,baseline,1658700540,CYP2C9_pIC50_direct_inhibition,0.842554513560111,0.4103610215657101,0.3228800232746996,0.6008301645510741,0.4341478328290735
4,2,baseline,1658700540,CYP2D6_pIC50_direct_inhibition,0.92386281120558,0.6217966582989284,0.1723165523290561,0.4790062503868112,0.330747771689737
4,2,baseline,1658700540,CYP3A4_pIC50_direct_inhibition,0.5840881247165166,0.5259852807378308,0.5723303302464305,0.7589674030426332,0.5693029644329588
4,2,baseline,1658700540,MA,0.7840433896393831,0.5421198344529664,0.3461685036765142,0.6019569080397869,0.4336642994704455
4,3,aid,609942288,CYP1A2_pIC50_direct_inhibition,0.7660252666269578,0.6200512630415017,0.3212814938423426,0.5721494944620327,0.4046156257013792
4,3,aid,609942288,CYP2C9_pIC50_direct_inhibition,0.6731120942908626,0.4660843072965472,0.416459335553188,0.6396386861819805,0.4645052122221361
4,3,aid,609942288,CYP2D6_pIC50_direct_inhibition,0.8515857727666365,0.5204512442715141,0.2153776880639325,0.5461456085016655,0.3735441171526277
4,3,aid,609942288,CYP3A4_pIC50_direct_inhibition,0.5337963704552341,0.5284995237969383,0.5986531413239994,0.7732930369703519,0.583314654661057
4,3,aid,609942288,MA,0.7061298760349227,0.5337715846016253,0.3879429146958656,0.6328067065290075,0.4564949024343
4,3,baseline,609942288,CYP1A2_pIC50_direct_inhibition,0.8343385751021194,0.6603177002051672,0.2095426004775428,0.509452999898647,0.3579279709087414
4,3,baseline,609942288,CYP2C9_pIC50_direct_inhibition,0.7126221127414942,0.4876196898493773,0.3170495414370807,0.559906470195341,0.3989944784387485
4,3,baseline,609942288,CYP2D6_pIC50_direct_inhibition,1.006266494715846,0.5757939782139823,0.1521735941336595,0.4880920782710221,0.3363841123748329
4,3,baseline,609942288,CYP3A4_pIC50_direct_inhibition,0.5232888473438843,0.553936267148326,0.5520513075884579,0.7527688130636253,0.5632236451145598
4,3,baseline,609942288,MA,0.7691290074758359,0.5694169088542133,0.3077042609091852,0.5775550903571589,0.4141325517092206
4,4,aid,3405943863,CYP1A2_pIC50_direct_inhibition,0.7814978163432396,0.5781809946044264,0.32855105228081727,0.5527939539530099,0.38918629205831884
4,4,aid,3405943863,CYP2C9_pIC50_direct_inhibition,0.7535412249730504,0.49335094522062184,0.3893900148090694,0.5999806165040265,0.4319205742642826
4,4,aid,3405943863,CYP2D6_pIC50_direct_inhibition,0.9270564163691435,0.6245862962314136,0.13897404971787425,0.42040354858937656,0.29304559963861904
4,4,aid,3405943863,CYP3A4_pIC50_direct_inhibition,0.5638206717050278,0.5604241966317273,0.5836583259710842,0.780530104023292,0.5827943753350819
4,4,aid,3405943863,MA,0.7564790323476153,0.5641356081720472,0.3601433606947113,0.5884270557674263,0.4242367103240756
4,4,baseline,3405943863,CYP1A2_pIC50_direct_inhibition,0.9321713658176712,0.6473766558347209,0.2109546487258211,0.4851619553693714,0.3378548333851515
4,4,baseline,3405943863,CYP2C9_pIC50_direct_inhibition,0.7585818729697272,0.5043799895346,0.3484479232825437,0.5826825978778319,0.4211284251218764
4,4,baseline,3405943863,CYP2D6_pIC50_direct_inhibition,0.9926253430572154,0.6566282545994406,0.1012547151719032,0.3301380663115431,0.2268448028911059
4,4,baseline,3405943863,CYP3A4_pIC50_direct_inhibition,0.5676830029011213,0.5744767402236344,0.558902440730089,0.7683071718321752,0.5674522045639757
4,4,baseline,3405943863,MA,0.8127653961864338,0.595715410048099,0.3048899319775893,0.5415724478477305,0.3883200664905274
