inchikey,Molecule_Name,mean_abs_residual,n_oof_obs
YCVRUZSBJRNHDW-VQIMIIECSA-N,OCNT-2315149,2.950342878,5
SNCVEOXAGGEZHI-UHFFFAOYSA-N,OCNT-2308483,2.9150331780000003,5
OSXJAFIEDOREKR-UHFFFAOYSA-N,OCNT-2308589,2.855842517,5
KFZXVMNBUMVKLN-UHFFFAOYSA-N,OCNT-2328764,2.8332803600000003,5
ACOCBYLGXYWEIH-UHFFFAOYSA-N,OCNT-2310884,2.7916662249999997,5
KQWVGAQCBXYSBL-UHFFFAOYSA-N,OCNT-2309262,2.730582075,5
YDRIIVMAQGIRPU-UHFFFAOYSA-N,OCNT-2314989,2.703553915,5
ODIUBUVTYKQAIR-UHFFFAOYSA-N,OCNT-2310304,2.6593158879999996,5
WFFVJHDLDVRRLG-UHFFFAOYSA-N,OCNT-2315652,2.6309357830000004,5
VXYWJYHOQJEMKQ-UHFFFAOYSA-N,OCNT-2310796,2.6045877479999997,5
DEGIHGBFUSEICZ-UHFFFAOYSA-N,OCNT-2311998,2.590599408,5
QWZDDQDPRVIWED-UHFFFAOYSA-N,OCNT-2309665,2.580516825,5
DTKNSZIBMSDKHW-UHFFFAOYSA-N,OCNT-2310606,2.56254572,5
YAOYODKAQMWJKZ-SNVBAGLBSA-N,OCNT-2316818,2.560892438,5
ZNZJGCOJFHWZII-UHFFFAOYSA-N,OCNT-2310979,2.5604733719999997,5
NHRIDECXOSPLOY-UHFFFAOYSA-N,OCNT-2317432,2.5481571550000006,5
FSRWABFDKDBIDA-UHFFFAOYSA-N,OCNT-2313255,2.5174603619999996,5
PDTMEWBSGOMXMQ-UHFFFAOYSA-N,OCNT-2310785,2.5062730149999997,5
MWUXHAOXKVPJBX-UHFFFAOYSA-N,OCNT-2309935,2.5024058399999998,5
SIPKZGGJKLNGKF-UHFFFAOYSA-N,OCNT-2316287,2.4796329799999994,5
NBGVIXHDZUGCIO-UHFFFAOYSA-N,OCNT-2309003,2.4755968420000003,5
UMFKELBOCYOCOS-NEPJUHHUSA-N,OCNT-2317353,2.435702838,5
SYXTXXKDVIEGLV-UHFFFAOYSA-N,OCNT-2310458,2.4272775930000003,5
LOUPRKONTZGTKE-LHHVKLHASA-N,OCNT-1911794,2.3999111399999995,5
SVMQOALRDWTTNN-UHFFFAOYSA-N,OCNT-2308941,2.3891726249999996,5
QZKFAVIPPGQIGR-UHFFFAOYSA-N,OCNT-2310214,2.369747348,5
IVWQVUXCCLQHJG-UHFFFAOYSA-N,OCNT-2310324,2.3590265619999995,5
QIISNUQNQVBXSM-UHFFFAOYSA-N,OCNT-2308466,2.3466104469999998,5
RNAQONVYBHAFLX-UHFFFAOYSA-N,OCNT-2310222,2.3417795349999997,5
SDFDUAQZYLINDJ-UHFFFAOYSA-N,OCNT-2310706,2.3328118200000003,5
YZDDODJEXHDWEE-UHFFFAOYSA-N,OCNT-2310008,2.3274398219999997,5
GVRNGMTUEFDGRL-UHFFFAOYSA-N,OCNT-2317592,2.316724025,5
FKQSJZQWYQETSO-UHFFFAOYSA-N,OCNT-2310019,2.31629763,5
URTKWFRBZMTOMG-UHFFFAOYSA-N,OCNT-2317896,2.301068967,5
GFTNQWDQVTWDPR-UHFFFAOYSA-N,OCNT-2316701,2.29148721,5
KKUAFDGZQZBAAV-UHFFFAOYSA-N,OCNT-2310258,2.2854487199999993,5
JNDMSQNZXYTQFB-UHFFFAOYSA-N,OCNT-2308924,2.276769678,5
FKGZTTKABGMFKO-UHFFFAOYSA-N,OCNT-2315259,2.270102918,5
JXYXGAQDRCZGRG-UHFFFAOYSA-N,OCNT-2308599,2.2618009470000002,5
XWYFLAJZGXTDDA-UHFFFAOYSA-N,OCNT-2308839,2.248956677,5
YTNLLJSTXDVXNM-UHFFFAOYSA-N,OCNT-2310624,2.242374862,5
NOKWLBSHOIIUFJ-SAABIXHNSA-N,OCNT-2310404,2.2392767399999998,5
OHZIROHEARSYFY-UHFFFAOYSA-N,OCNT-2317689,2.2375919850000003,5
WPIPWESKVFABQC-UHFFFAOYSA-N,OCNT-2317449,2.229814532,5
MXKDWVMKCZFVKO-UHFFFAOYSA-N,OCNT-2308774,2.2228442619999997,5
DOGBPISGPDQHJZ-UHFFFAOYSA-N,OCNT-2310136,2.217180905,5
SKFYFHCOOFAZHE-UHFFFAOYSA-N,OCNT-2313250,2.2146416700000002,5
SXGCGPZMAHHOEU-UHFFFAOYSA-N,OCNT-2310344,2.20454176,5
QNQSCXODGQCIFA-UHFFFAOYSA-N,OCNT-2318585,2.2025392669999997,5
HDIABXPHKYTLHK-UHFFFAOYSA-N,OCNT-2315990,2.2015620649999996,5
OXQOIQHDEIKJRI-UHFFFAOYSA-N,OCNT-2315948,2.191519765,5
QWKKOAHNRCVFMA-UHFFFAOYSA-N,OCNT-2317163,2.1759931879999996,5
BYQXMJFFQMJEPC-UHFFFAOYSA-N,OCNT-2317347,2.170881665,5
YMJWYDKEGLKYSU-UHFFFAOYSA-N,OCNT-2310120,2.1661596899999997,5
NQSOSDHCVFLRCZ-UHFFFAOYSA-N,OCNT-2310114,2.153609917,5
STESAMRVYGYRRJ-UHFFFAOYSA-N,OCNT-2316553,2.1529848219999996,5
QUFWZMFRCQQMKL-UHFFFAOYSA-N,OCNT-2318486,2.1516548670000004,5
JCCNYMKQOSZNPW-UHFFFAOYSA-N,OCNT-0493312,2.1488022780000002,5
WJPGZQMOLCAKDP-ZANVPECISA-N,OCNT-2313362,2.1451884819999996,5
QCFMPDOKIAFCJC-UHFFFAOYSA-N,OCNT-2318541,2.135088417,5
WBBYHZIZLZISGE-UHFFFAOYSA-N,OCNT-2309206,2.132191003,5
RMVUNFLPGVVXHW-UHFFFAOYSA-N,OCNT-2315770,2.127795472,5
JUDIGWCSUCRCTM-UHFFFAOYSA-N,OCNT-2312465,2.1252815249999997,5
PETCYDQNHWMCQW-UHFFFAOYSA-N,OCNT-2317404,2.1183525879999996,5
HHVQHQMUAPEBAW-UHFFFAOYSA-N,OCNT-2315612,2.1157587880000004,5
SRJYGDXJLJWAOP-UHFFFAOYSA-N,OCNT-2309447,2.1073156319999997,5
LOQUXCMMBHJLQU-UHFFFAOYSA-N,OCNT-2315701,2.106896957,5
YVNZWBMVYHHHAQ-UHFFFAOYSA-N,OCNT-2314603,2.101457973,5
ZYHCLMXABMVVCB-UHFFFAOYSA-N,OCNT-2318671,2.09304438,5
XDFOSJLPRLTQAN-UHFFFAOYSA-N,OCNT-2310096,2.0771253350000003,5
CIBMHMYNONJSKA-UHFFFAOYSA-N,OCNT-2318002,2.07427256,5
HRZRMMNVHHASMS-UHFFFAOYSA-N,OCNT-2318453,2.0448783649999998,5
VYZSNRUMPKDNLT-UHFFFAOYSA-N,OCNT-2315734,2.0361705169999995,5
RVDWAGALOWZBAV-UHFFFAOYSA-N,OCNT-2315937,2.0169520600000004,5
YDNNWCSROCTHFP-UHFFFAOYSA-N,OCNT-2316349,2.0144581819999994,5
